/*
SQLyog Ultimate v10.42 
MySQL - 8.0.30 : Database - serd5225_serangkailah_2025
*********************************************************************
*/

/*!40101 SET NAMES utf8 */;

/*!40101 SET SQL_MODE=''*/;

/*!40014 SET @OLD_UNIQUE_CHECKS=@@UNIQUE_CHECKS, UNIQUE_CHECKS=0 */;
/*!40014 SET @OLD_FOREIGN_KEY_CHECKS=@@FOREIGN_KEY_CHECKS, FOREIGN_KEY_CHECKS=0 */;
/*!40101 SET @OLD_SQL_MODE=@@SQL_MODE, SQL_MODE='NO_AUTO_VALUE_ON_ZERO' */;
/*!40111 SET @OLD_SQL_NOTES=@@SQL_NOTES, SQL_NOTES=0 */;
CREATE DATABASE /*!32312 IF NOT EXISTS*/`serd5225_serangkailah_2025` /*!40100 DEFAULT CHARACTER SET latin1 */ /*!80016 DEFAULT ENCRYPTION='N' */;

USE `serd5225_serangkailah_2025`;

/*Table structure for table `akun5` */

DROP TABLE IF EXISTS `akun5`;

CREATE TABLE `akun5` (
  `keyakun5` char(11) COLLATE utf8mb4_general_ci NOT NULL,
  `kdakun5` char(7) COLLATE utf8mb4_general_ci NOT NULL,
  `namaakun5` varchar(100) COLLATE utf8mb4_general_ci NOT NULL,
  `tahunanggaran` char(4) COLLATE utf8mb4_general_ci NOT NULL,
  PRIMARY KEY (`keyakun5`),
  UNIQUE KEY `kdakun5` (`kdakun5`,`tahunanggaran`)
) ENGINE=InnoDB DEFAULT CHARSET=utf8mb4 COLLATE=utf8mb4_general_ci;

/*Data for the table `akun5` */

insert  into `akun5`(`keyakun5`,`kdakun5`,`namaakun5`,`tahunanggaran`) values ('52201012020','5220101','Belanja ATK','2020'),('52201022020','5220102','Belanja Pulpen','2020'),('52201032020','5220103','Belanja Tip X','2020');

/*Table structure for table `barang` */

DROP TABLE IF EXISTS `barang`;

CREATE TABLE `barang` (
  `keybarang` char(14) COLLATE utf8mb4_general_ci NOT NULL,
  `kdbarang` char(10) COLLATE utf8mb4_general_ci NOT NULL,
  `namabarang` varchar(100) COLLATE utf8mb4_general_ci NOT NULL,
  `keyakun5` char(11) COLLATE utf8mb4_general_ci DEFAULT NULL,
  `merk` varchar(25) COLLATE utf8mb4_general_ci DEFAULT NULL,
  `type` varchar(25) COLLATE utf8mb4_general_ci DEFAULT NULL,
  `satuan` varchar(25) COLLATE utf8mb4_general_ci DEFAULT NULL,
  `tahunanggaran` char(4) COLLATE utf8mb4_general_ci NOT NULL,
  `kdkelompok` char(5) COLLATE utf8mb4_general_ci DEFAULT NULL,
  `tglinsert` datetime DEFAULT NULL,
  `lastupdate` datetime DEFAULT NULL,
  `idpengguna` char(10) COLLATE utf8mb4_general_ci DEFAULT NULL,
  PRIMARY KEY (`keybarang`),
  UNIQUE KEY `kdbarang` (`kdbarang`,`tahunanggaran`),
  KEY `keyakun5` (`keyakun5`),
  KEY `kdkelompok` (`kdkelompok`),
  CONSTRAINT `barang_ibfk_1` FOREIGN KEY (`keyakun5`) REFERENCES `akun5` (`keyakun5`),
  CONSTRAINT `barang_ibfk_2` FOREIGN KEY (`kdkelompok`) REFERENCES `kelompokbarang` (`kdkelompok`)
) ENGINE=InnoDB DEFAULT CHARSET=utf8mb4 COLLATE=utf8mb4_general_ci;

/*Data for the table `barang` */

/*Table structure for table `ci_sessions` */

DROP TABLE IF EXISTS `ci_sessions`;

CREATE TABLE `ci_sessions` (
  `id` varchar(128) NOT NULL,
  `ip_address` varchar(45) NOT NULL,
  `timestamp` int unsigned NOT NULL DEFAULT '0',
  `data` blob NOT NULL,
  KEY `ci_sessions_timestamp` (`timestamp`)
) ENGINE=InnoDB DEFAULT CHARSET=latin1;

/*Data for the table `ci_sessions` */

/*Table structure for table `dpa` */

DROP TABLE IF EXISTS `dpa`;

CREATE TABLE `dpa` (
  `nodpa` char(15) COLLATE utf8mb4_general_ci NOT NULL,
  `tgldpa` date NOT NULL,
  `jenis` char(1) COLLATE utf8mb4_general_ci NOT NULL COMMENT '1=DPA Penyusunan; 2=DPA Perubahan',
  `kdruangan` char(10) COLLATE utf8mb4_general_ci NOT NULL,
  `tahunanggaran` char(4) COLLATE utf8mb4_general_ci NOT NULL,
  `tglinsert` datetime DEFAULT NULL,
  `tglupdate` datetime DEFAULT NULL,
  `idpengguna` char(10) COLLATE utf8mb4_general_ci NOT NULL,
  PRIMARY KEY (`nodpa`),
  UNIQUE KEY `jenis` (`jenis`,`kdruangan`,`tahunanggaran`),
  KEY `kdruangan` (`kdruangan`),
  KEY `idpengguna` (`idpengguna`),
  CONSTRAINT `dpa_ibfk_1` FOREIGN KEY (`kdruangan`) REFERENCES `ruangan` (`kdruangan`),
  CONSTRAINT `dpa_ibfk_2` FOREIGN KEY (`idpengguna`) REFERENCES `pengguna` (`idpengguna`)
) ENGINE=InnoDB DEFAULT CHARSET=utf8mb4 COLLATE=utf8mb4_general_ci;

/*Data for the table `dpa` */

/*Table structure for table `dpadetail` */

DROP TABLE IF EXISTS `dpadetail`;

CREATE TABLE `dpadetail` (
  `nodpa` char(15) COLLATE utf8mb4_general_ci NOT NULL,
  `keykegiatan` char(19) COLLATE utf8mb4_general_ci NOT NULL,
  `keyakun5` char(11) COLLATE utf8mb4_general_ci NOT NULL,
  `jumlah` decimal(18,0) NOT NULL,
  `triwulan1` decimal(18,0) DEFAULT NULL,
  `triwulan2` decimal(18,0) DEFAULT NULL,
  `triwulan3` decimal(18,0) DEFAULT NULL,
  `triwulan4` decimal(18,0) DEFAULT NULL,
  KEY `nodpa` (`nodpa`),
  KEY `keykegiatan` (`keykegiatan`),
  KEY `keyakun5` (`keyakun5`),
  CONSTRAINT `dpadetail_ibfk_1` FOREIGN KEY (`nodpa`) REFERENCES `dpa` (`nodpa`),
  CONSTRAINT `dpadetail_ibfk_2` FOREIGN KEY (`keykegiatan`) REFERENCES `kegiatan` (`keykegiatan`),
  CONSTRAINT `dpadetail_ibfk_3` FOREIGN KEY (`keyakun5`) REFERENCES `akun5` (`keyakun5`)
) ENGINE=InnoDB DEFAULT CHARSET=utf8mb4 COLLATE=utf8mb4_general_ci;

/*Data for the table `dpadetail` */

/*Table structure for table `kegiatan` */

DROP TABLE IF EXISTS `kegiatan`;

CREATE TABLE `kegiatan` (
  `keykegiatan` char(19) COLLATE utf8mb4_general_ci NOT NULL,
  `kdkegiatan` char(15) COLLATE utf8mb4_general_ci NOT NULL,
  `namakegiatan` varchar(100) COLLATE utf8mb4_general_ci NOT NULL,
  `keyprogram` char(13) COLLATE utf8mb4_general_ci NOT NULL,
  `tahunanggaran` char(4) COLLATE utf8mb4_general_ci NOT NULL,
  PRIMARY KEY (`keykegiatan`),
  UNIQUE KEY `kdkegiatan` (`kdkegiatan`,`tahunanggaran`),
  KEY `keyprogram` (`keyprogram`),
  CONSTRAINT `kegiatan_ibfk_1` FOREIGN KEY (`keyprogram`) REFERENCES `program` (`keyprogram`)
) ENGINE=InnoDB DEFAULT CHARSET=utf8mb4 COLLATE=utf8mb4_general_ci;

/*Data for the table `kegiatan` */

/*Table structure for table `kelompokbarang` */

DROP TABLE IF EXISTS `kelompokbarang`;

CREATE TABLE `kelompokbarang` (
  `kdkelompok` char(5) COLLATE utf8mb4_general_ci NOT NULL,
  `namakelompok` varchar(100) COLLATE utf8mb4_general_ci DEFAULT NULL,
  `statusaktif` char(1) COLLATE utf8mb4_general_ci DEFAULT NULL,
  `lastupdate` datetime DEFAULT NULL,
  `idpengguna` char(10) COLLATE utf8mb4_general_ci DEFAULT NULL,
  PRIMARY KEY (`kdkelompok`)
) ENGINE=InnoDB DEFAULT CHARSET=utf8mb4 COLLATE=utf8mb4_general_ci;

/*Data for the table `kelompokbarang` */

/*Table structure for table `migrasibarang` */

DROP TABLE IF EXISTS `migrasibarang`;

CREATE TABLE `migrasibarang` (
  `idmigrasi` int NOT NULL AUTO_INCREMENT,
  `tglmigrasi` datetime NOT NULL,
  `kdruangan` char(10) DEFAULT NULL,
  `kdupt` char(7) DEFAULT NULL,
  `keybarangasal` char(14) NOT NULL,
  `namabarangasal` varchar(100) NOT NULL,
  `keybarangtujuan` char(14) NOT NULL,
  `namabarangtujuan` varchar(100) NOT NULL,
  `tahunanggaran` char(4) NOT NULL,
  `idpengguna` char(10) NOT NULL,
  PRIMARY KEY (`idmigrasi`)
) ENGINE=InnoDB AUTO_INCREMENT=2006 DEFAULT CHARSET=latin1;

/*Data for the table `migrasibarang` */

/*Table structure for table `penandatangan` */

DROP TABLE IF EXISTS `penandatangan`;

CREATE TABLE `penandatangan` (
  `idpenandatangan` char(10) COLLATE utf8mb4_general_ci NOT NULL,
  `nip` char(20) COLLATE utf8mb4_general_ci NOT NULL,
  `namapenandatangan` varchar(100) COLLATE utf8mb4_general_ci NOT NULL,
  `idstruktur` char(2) COLLATE utf8mb4_general_ci DEFAULT NULL,
  `jabatan` varchar(100) COLLATE utf8mb4_general_ci DEFAULT NULL,
  `kdruangan` char(10) COLLATE utf8mb4_general_ci NOT NULL,
  `statusaktif` char(1) COLLATE utf8mb4_general_ci DEFAULT NULL,
  `golongan` varchar(50) COLLATE utf8mb4_general_ci DEFAULT NULL,
  `kdttd` char(2) COLLATE utf8mb4_general_ci DEFAULT NULL,
  `lastupdate` datetime DEFAULT NULL,
  `idpengguna` char(10) COLLATE utf8mb4_general_ci DEFAULT NULL,
  PRIMARY KEY (`idpenandatangan`),
  KEY `kdruangan` (`kdruangan`),
  KEY `idstruktur` (`idstruktur`),
  CONSTRAINT `penandatangan_ibfk_1` FOREIGN KEY (`kdruangan`) REFERENCES `ruangan` (`kdruangan`),
  CONSTRAINT `penandatangan_ibfk_3` FOREIGN KEY (`idstruktur`) REFERENCES `struktur` (`idstruktur`)
) ENGINE=InnoDB DEFAULT CHARSET=utf8mb4 COLLATE=utf8mb4_general_ci;

/*Data for the table `penandatangan` */

insert  into `penandatangan`(`idpenandatangan`,`nip`,`namapenandatangan`,`idstruktur`,`jabatan`,`kdruangan`,`statusaktif`,`golongan`,`kdttd`,`lastupdate`,`idpengguna`) values ('2109040001','196508221986042003','MARIA KARO,S.Pd.K','01','Kepala Sekolah ','2104190463','1','IV B','KS','2023-07-20 22:52:17','2104220045'),('2109040003','198706192019031005','PERIANTO BARUS, S.Pd','02','BENDAHARA BARANG UPT SPF SDN 104249 BANDAR DOLOK','2104190562','1','III/a','PB','2022-11-16 00:40:08','2104220144'),('2109040004','198604242022211004','Ariandy Haloho, S.Pd','02','Pengurus barang SDN 104247 T. Mulia','2104190561','1','','PB','2023-12-30 10:08:08','2104220143'),('2109040005','196603041988072002','BERLIANTA, S.Pd','01','Kepala Sekolah','2104190474','1','Pembina Tk.I, IV/b','KS',NULL,NULL),('2109040006','197608162000032005','Masro Ritonga, S.Pd','01','Kepala Sekolah SDN 106803 Pematang Johar','2104190076','1','Pembina Tk.I','KS','2024-08-26 11:51:02','2104200069'),('2109040007','197911212005022009','TERESIA TANTI, S.Pd.SD','01','Kepala Ruangan SD Negeri 106145 Serbajadi','2104190179','1',NULL,'KS',NULL,NULL),('2109040008','198408242010012020','ADEE WITA SIAHAAN, S.Pd.I','01','Kepala UPT SPF SDN 105278 Tandam Hilir II','2104190021','1','Pembina, IV/a','KS','2023-11-20 17:52:54','2104200011'),('2109040009','196702281993121002','BERITA P S','02','Bendahara Ruangan SD Negeri 106145 Serbajadi','2104190179','1',NULL,'PB',NULL,NULL),('2109040010','198905172022211003','RUDI SAPUTRA, S.Pd','02','Pengurus Barang UPT SPF SDN 105278 Tandam Hilir II','2104190021','1','IX','PB','2023-02-28 14:12:05','2104200011'),('2109040011','199207102019032011','Anita Purba, S.Pd','02','Pengurus Barang','2104190076','1','Penata Muda Tk.I','PB','2024-08-26 11:51:20','2104200069'),('2109040012','198301112009032007','ERLYTA BANGUN, S.Th','01','KEPALA SEKOLAH','2104190444','1','PENATA','KS',NULL,NULL),('2109040013','196906242008011013','SUKSES GURUSINGA,S.Pd','02','Pengurus Barang ','2104190463','1','III B','PB','2023-07-20 22:52:52','2104220045'),('2109040014','196510031990072002','PERSADANTA BR GINTING, S.Pd','01','KEPALA SEKOLAH','2104190538','1','Pembina Tk. I','KS','2024-08-22 10:52:16','2104220120'),('2109040015','196505131986092003','RIM BR SEMBIRING,S.Pd','01','KEPALA SEKOLAH','2104190507','1','','KS','2022-08-16 14:09:31','2104220089'),('2109040016','196701121992032016','ASNAH, S.Pd','01','Ka UPT SPF SDN 106444 KUTALIMBARU','2104190442','1','IV/b','KS','2021-10-21 11:40:28','2109040005'),('2109040017','198604062022212007','ELVIDARISKA,S.Pd','02','PENGURUS BARANG','2104190442','1','XI','PB','2024-08-16 22:50:03','2109040005'),('2109040018','199203192019031005','FRANATA PERANGIN ANGIN, S.Pd','02','PENGURUS BARANG','2104190538','1','Penata Muda Tk. I','PB','2024-08-22 10:52:03','2104220120'),('2109040019','196504181986042005','SENTI MULIATY PURBA, S.Pd','01','Kepala UPT SPF SDN 104277 Tanah Merah','2104190593','1','Pembina Tk.I','KS',NULL,NULL),('2109060001','198106132014031001','HAMDANI, S.Pd.,M.Pd','01','Kepala UPT SPF SD Negeri 104239 Lengau Seprang','2104190235','1','Penata/III-c','KS','2024-08-24 10:51:20','2104200215'),('2109060002','197107252007012005','Rosnani Lubis, S.Pd','01','Kepala UPT SPF SDN 101970 Sei Karang','2104190584','1','','KS','2023-07-31 09:29:26','2104220166'),('2109060003','196712151993022005','SITI YOHANI LUBIS, S.Pd','01','KEPALA SEKOLAH UPT SPF SD NEGERI 104213 DELI TUA','2104190484','1',NULL,'KS',NULL,NULL),('2109060004','196703231992032013','ERNAWATI, S.Pd','01','KEPALA SEKOLAH UPT SPF SD NEGERI 101800 DELI TUA TIMUR','2104190488','1','PEMBINA TK.I','KS','2025-03-13 18:33:28','2104220070'),('2109060005','197008171992032012','SRI GUSMIATI, S.Pd','01','KEPALA SEKOLAH UPT SPF SD NEGERI 101799 DELI TUA TIMUR','2104190480','1',NULL,'KS',NULL,NULL),('2109060006','197104132006042030','YUSNIATI, S.Pd., M.Pd','01','KEPALA SEKOLAH UPT SPF SD Negeri 101798 Deli  Tua','2104190482','1','','KS','2025-02-22 15:08:24','2104220064'),('2109060007','196607032007012022','TUMINAH TANJUNG, S.Pd','01','Kepala UPT SPF SDN 106196 Galang suka','2104190606','1','Penata Tingkat I','KS','2021-12-29 10:44:52','2104220187'),('2109060008','196605031990072002','ZUBAIDAH,S.Pd ','02','BENDAHARA UPT SPF SD NEGERI 104213 DELI TUA','2104190484','1',NULL,'PB',NULL,NULL),('2109060009','196506141986041004','JURI, S.Pd','01','Kepala UPT SPF SDN 106197 Paku','2104190607','1','Pembina Tk.1 /IV B','KS','2023-11-23 10:52:31','2104220188'),('2109060010','19820308 202221 2019','SRI HANDAYANI, S.Sos.I','02','BENDAHARA UPT SPF SD NEGERI 101799 DELI TUA TIMUR','2104190480','1','AHLI PERTAMA','PB','2023-08-03 12:17:10','2104220062'),('2109060011','196711032000032007','RAMANA, S.Ag','02','BENDAHARA UPT SPF SD NEGERI 101800 DELI TUA TIMUR','2104190488','1','PEMBINA TK. I','PB','2025-03-13 18:32:50','2104220070'),('2109060012','196803081991032009','ERNAWATI, S.Pd','02','PENGURUS BARANG UPT SPF SD NEGERI 101798 DELI TUA','2104190482','1','','PB','2025-02-22 15:08:14','2104220064'),('2109060013','196801181996012002','RIAMA MANURUNG, S.Pd','01','UPT SPF SDN 101959 Galang','2104190575','1','Pembina Tk I','KS','2021-12-29 10:45:09','2104220157'),('2109060014','19641217 198903 2007','SALMAH, S.Pd','02','Pengurus Barang ','2104190035','1','Pembina Tingkat 1/ IV b','PB','2024-12-13 22:06:01','2104200025'),('2109060015','19750803 200801 2013','ZAINAB, S.Pd','01','Kepala UPT SPF SDN 105277 Hamparan Perak','2104190035','1','Pembina / IV a','KS','2024-12-13 22:05:48','2104200025'),('2109060016','197803172010011007','JAMES HUTASOID, S.Kom','01','KEPALA SEKOLAH UPT SPF SMP NEGERI 2 DELITUA','2104190490','1','Penata Tk I','KS','2023-07-07 10:53:03','2104220072'),('2109060017','196905271994012005','Mariati Saragih, S.Pd','01','Kepala UPT SPF SDN.101976 Bandar Kuala','2104190589','1',NULL,'KS',NULL,NULL),('2109060018','196510301985082003','SUHARNI, S.Pd., M.Pd','01','KEPALA SEKOLAH UPT SPF SDN 105300 DELI TUA','2104190487','1',NULL,'KS',NULL,NULL),('2109060019','197911212005022011','NURHASANAH LUBIS, A.Ma.Pd','02','BENDAHARA UPT SPF SDN 105300 DELI TUA','2104190487','1','','PB','2023-08-03 14:13:07','2104220069'),('2109060020','197405031997122002','ERLINA BR GINTING,S.Pd','01','Kepala Sekolah SDN Inpres Bah Buntu','2104190541','1',NULL,'KS',NULL,NULL),('2109060021','197411152000032013','Pait Teneng Br Tarigan,S.Pd','02','Pengurus Barang SDN Inpres Bah Buntu','2104190541','1',NULL,'PB',NULL,NULL),('2109060022','196905191993012003','LIASNA BR TARIGAN,S.Pd','01','KEPALA SEKOLAH','2104190551','1',NULL,'KS',NULL,NULL),('2109060023','196607241992032008','TAMPIL BARUS, S.Pd','01','KEPALA SEKOLAH','2104190548','1','Pembina IV/B','KS','2023-10-06 08:34:38','2104220130'),('2109060025','196501241986041003','Esra Barus,S.Pd','01','Kepala Sekolah ','2104190539','1','','KS','2023-10-06 12:02:22','2104220121'),('2109060026','196606221987121006','SALAM PERANGINANGIN,S.Pd','01','Kepala Sekolah UPT SPF SDN 106203','2104190546','1','IV B','KS','2022-01-17 22:56:50','2104220128'),('2109060027','199610102022212010','DARNI REHULINA TARIGAN, S.Pd','02','PENGURUS BARANG','2104190551','1','','PB','2023-10-06 09:25:22','2104220133'),('2109060029','198511192010012023','SURIYANI SIMANGUNSONG,S.Pd','02','PENGURUS BARANG','2104190548','1','Pembina III/C','PB','2025-01-30 12:16:26','2104220130'),('2109060030','196508151990071004','Darman Ginting,S.Pd','02','Pengurus Barang','2104190539','1','','PB','2025-01-31 08:31:41','2104220121'),('2109060031','197001011992092002','ESTERDINA SEMBIRING,S.Pd','01','KEPALA SEKOLAH','2104190545','1','','KS','2023-09-26 11:17:56','2104220127'),('2109060032','196612212007011012','JANSEN TARIGAN,S.Pd','02','Bendahara Barang SDN 106203','2104190546','1','III D','PB','2022-01-23 21:22:22','2104220128'),('2109060033','19810612022212016','ANITA KRISTINA BR BARUS.S.Pd','02','PENGURUS BARANG','2104190545','1','','PB','2024-02-01 20:15:10','2104220127'),('2109060034','197205242010012003','ERMI MEDIYANI SIREGAR, S.Pd','01','Kepala Sekolah','2104190119','1','Penata Tk. I / III/d','KS','2022-11-15 22:07:19','2104200102'),('2109060035','196710051992032011','ELON, S.Pd','01','Kepala UPT SPF SDN 101967 PETUMBUKAN','2104190581','1','Pembina Tingkat I','KS','2021-12-30 14:14:40','2104220163'),('2109070001','197105242006052002','HEDDY HARYATI, S.Pd','01','Kepala UPT SPF SDN 104196 Tandam Hulu II','2104190007','1','Pembina Tk I','KS','2025-01-13 08:59:57','2104200002'),('2109070002','198601012022212038','NINING ROSINTA, S.Pd','02','Pengurus Barang UPT SPF SDN 104196 Tandam Hulu II','2104190007','1','Penata muda','PB','2025-04-16 11:57:07','2104200002'),('2109070003','196703042007012034','SAFRAH, S.Pd','02','Pengurus Barang SDN 105276 Kota Datar','2104190055','1','Penata TK 1','PB','2022-01-03 09:47:26','2104200051'),('2109070004','196905042008012035','LESTARI, S.Pd','02','Kepala Penyimpan Barang SDN 105341 Durian','2104190354','1',NULL,'PB',NULL,NULL),('2109070005','196502221986042007','SRI SUBEKTI, S.Pd','01','Kepala UPT SPF SDN 106150 Tandam Hulu I','2104190025','1','Pembina Tingkat I,  IV/B','KS','2024-08-28 20:41:56','2104200044'),('2109070006','199803132022211001','JERRY PRANANDA, S.Pd','02','Pengurus Barang UPT SPF SDN 106150 Tandam Hulu I','2104190025','1','IX','PB','2024-08-28 20:41:36','2104200044'),('2109070007','196904031992032023','SERMINAULI SIDABUTAR, S.Pd','01','Kepala Sekolah SDN 106160','2104190126','1','Pembina Tk. I','KS','2023-11-16 08:38:47','2104200111'),('2109070008','197607072000032002','ARISTA PURBA, S.Pd','01','Kepala UPT SPF SDN 101972 Kotangan','2104190586','1','Pembina  / IV-a','KS','2023-08-03 09:12:38','2104220168'),('2109070009','196606071993031011','Marianto,S.Pd','01','Kepala Sekolah','2104190145','1','Pembina TK I','KS',NULL,NULL),('2109070010','197810032014071001','IWAN SUTOMO, S. Pd. M.A.P','01','Kepala sekolah SDN 106826 Sidodadi','2104190210','1','Penata Tk.I III/d','KS','2024-01-10 11:06:38','2104200190'),('2109070011','198410192006042008','YULFIDA ANDRIANI, S.Pd','01','Kepala UPT SPF SDN 101865 Bintang Meriah ','2104190201','1',NULL,'KS',NULL,NULL),('2109070012','196812211990072003','Rahmah, S.PdI','01','Kepala  UPT SPF SDN 104231 Sugiharjo','2104190200','1','Pembina TK I','KS','2022-01-11 10:44:14','2104200183'),('2109070013','197204052005021006','JONSEN EFENDI RAMBE, S.Pd.,M.Pd','01','Kepala Sekolah UPF SPF SDN 104230 Tanjung Sari','2104190207','1','IV-B','KS','2025-01-06 11:13:25','2104200200'),('2109070015','198301202005021004','JEPRIN SILABAN, S.Pd','01','Kepala Sekolah UPT SPF SDN 107415 TANJUNG SARI','2104190211','1','Pembina Tk.I','KS','2024-01-08 11:29:45','2104200192'),('2109070016','197903152006042027','Faridah Lubis, S.Pd','01','Kepala Sekolah UPT. SPF. SD Negeri 105323 Bakaran Batu','2104190208','1','','KS','2023-11-27 11:37:11','2104200201'),('2109070017','197311122010011008','DEDI HARIADY,S.Pd','01','Kepala Sekolah UPT SPF SDN 105322 Desa Mesjid','2104190212','1','Penata Tingkat I','KS','2024-08-08 09:22:07','2104200195'),('2109070018','198010252022212005','SRI WAHYUNI, S.Pd','02','Bendahara Barang UPT SPF SDN 104230 Tanjung Sari','2104190207','1','III-A','PB','2023-07-17 07:54:58','2104200200'),('2109070019','197206132000032004','Lisnawati, S.Pd SD','02','Bendahara Barang','2104190200','1','Pembina','PB','2022-01-11 10:44:54','2104200183'),('2109070020','196703221987012002','SUHERWATI,S.Pd  ','01','Kepala Sekolah UPT SPF 105321 Tumpatan Nibung','2104190217','1','Pembina Tingkat I','KS','2023-07-15 11:50:09','2104200202'),('2109070021','197309171999032007','MEGA IRHAMNA, M.Pd','01','Kepala Sekolah UPT SPF SMP NEGERI 2 BATANG KUIS SATU ATAP','2104190221','1','Pembina Utama Muda/IV/C','KS','2024-08-13 10:41:06','2104200210'),('2109070022','198609132011012015','NONI MAHARANI NASUTION, S.Pd','02','Bendahara Barang ','2104190201','1',NULL,'PB',NULL,NULL),('2109070023','196504201986042005','Rosmawati Sitompul, S.Pd','01','Kepala Sekolah UPT SPF SDN 106825 Batang Kuis','2104190218','1','Pembina Tingkat Satu','KS',NULL,NULL),('2109070024','196701052005011005','MISGIANTO, S. Ag','02','Bendahara Barang','2104190210','1','Pembina/ IVa','PB','2024-01-10 11:06:52','2104200190'),('2109070025','197006041992031013','EDI JUNAIDI, S.Pd','02','Bendahara Barang','2104190211','1','Pembina Tk.I','PB','2023-07-02 11:30:14','2104200192'),('2109070026','196809121994032010','Hariati,S.Pd','02','Bendahara Barang','2104190215','1','Pembina Tingkat I','PB','2022-09-01 23:49:35','2104200198'),('2109070027','198003252011012006','GUNARTRI,S.Pd','02','Bendahara Barang','2104190212','1','Penata Tingkat I','PB','2024-08-08 09:22:26','2104200195'),('2109070028','198411052009031005','LIBER SIHOMBING, S.Th.M.Pd','01','KEPALA SEKOLAH SDN 107416 SUGIHARJO','2104190219','1','Pembina/IVa','KS','2025-02-03 08:37:26','2104200204'),('2109070029','198011072005022005','Nopi Ekasari, S.Pd','01','Kepala UPT SPF SDN 101866 Batang Kuis','2104190213','1','','KS','2024-12-30 12:02:52','2104200196'),('2109070030','198308282010012023','ENNY RIANA NASUTION,S.Pd','02','Bendahara','2104190217','1','PENATA MUDA','PB','2022-09-14 12:35:12','2104200202'),('2109070031','198008252005022007','SYARIFAH HARAHAP, S.Pd, SD','01','Kepala UPT SPF SDN 106178 Desa Baru','2104190209','1','Pembina','KS','2023-11-15 11:35:20','2104200188'),('2109070032','198711062010012008','JULIA, S.Pd','02','Bendahara Barang','2104190208','1',NULL,'PB',NULL,NULL),('2109070033','199603082022212015','GITA TRI ANGGITA, S.Pd','02','Bendahara Barang  ','2104190221','1','Penata Muda/IX','PB','2024-08-13 10:41:40','2104200210'),('2109070034','196808161993052002','Wasilah, S. Pd','02','Bendahara Barang','2104190218','1','Pembina Tingkat Satu','PB',NULL,NULL),('2109070035','196803062007012024','MASLI TAMBA S.Pd','02','Bendahara Barang SD NEGRI 107416 SUGIHARJO','2104190219','1',NULL,'PB',NULL,NULL),('2109070036','198410272022211004','Hambali Nasution, S.Pd','02','Bendahara Barang','2104190213','1','','PB','2023-11-16 11:20:23','2104200196'),('2109070037','196802181988072003','ENI MINARNI, S.PdI','01','Kepala UPT SPF SDN 101871 Sidodadi','2104190205','1','Pembina Tingkat I','KS',NULL,NULL),('2109070039','19770802 200103 1003','MUNAJAT, S.Pd','01','KEPALA UPT SPF SDN 104191 PALUH KURAU','2104190018','1','','KS','2023-11-20 06:27:43','2104200018'),('2109070040','197011251993052003','SRI WATI, S.Pd, M.Pd.','01','KEPALA SEKOLAH UPT SPF SD NEGERI 101870 DESA SENA','2104190204','1','Pembina Tingkat I','KS','2022-11-19 12:19:50','2104200191'),('2109070041','19691007 199811 2001','ROSMAIDA SIAHAAN, S.Pd., M.Pd','01','KEPALA UPT SPF SDN 104193 TANDAM HILIR II','2104190019','1','PEMBINA TK1','KS','2025-01-12 21:00:33','2104200007'),('2109070042','196802152007011051','RUSMANTO,S.Pd','01','Kepala Sekolah SDN 105280 Desa Lama','2104190037','1',NULL,'KS',NULL,NULL),('2109070043','199603112022212007','SITI HAJAR, S.Pd','02','Bendahara Persediaan Barang ','2104190209','1','Ahli Pratama-Guru Kelas ','PB','2025-01-03 08:12:52','2104200188'),('2109070044','198211242010012017','ELIYA MARIATY, S.Pd.','02','PENGURUS BARANG UPT SPF SD NEGERI 101870 DESA SENA','2104190204','1','PENATA','PB','2022-11-19 12:18:43','2104200191'),('2109070045','198612192009042004','PIPIRIANI SIREGAR, S.Pd.SD','02','Pengurus Barang','2104190205','1','Penata Muda Tingkat I','PB',NULL,NULL),('2109070046','197104292001032003','Delvina. T. Saragih, S.Pd ','01','Kepsek UPT SPF SD Negeri 101867 Paya Gambar','2104190202','1','','KS','2023-11-24 10:02:07','2104200187'),('2109070047','197202051999031012','ZAINUL BAHRI.S.Pd. M.Pd','01','UPT SPF SMP NEGERI 1 BATANG KUIS','2104190220','1','IV - B','KS','2022-08-21 20:41:50','2104200207'),('2109070048','196412242007011013','Drs. MAKMUN ','02','PENGURUS BARANG UPT SPF SDN 104191','2104190018','1',NULL,'PB',NULL,NULL),('2109070049','198207192011011008','AHMAD MUNADIR, S.Pd.I','02','Pengurus Barang UPT SPF SDN 106154 ','2104190040','1','Penata, III/c','PB','2023-03-30 07:16:37','2104200030'),('2109070050','197007211996111002','EDY SUSIANTO, S.Pd','01','KEPALA UPT SPF','2104190047','1',NULL,'KS',NULL,NULL),('2109070051','196907082000031007','BOIRIN,S.Pd','01','Kepala Ruangan UPT SPF SDN 106154','2104190040','1','IVA/Pembina','KS','2022-06-20 14:11:25','2104200030'),('2109070052','198511102022212029','SUGIANI, S.Pd','02','PENGURUS BARANG UPT SPF SDN 104193 ','2104190019','1','PENATA MUDA TK1','PB','2024-01-10 10:18:51','2104200007'),('2109070053','197704242009032002','SY NURAINI ALSY,S.PdI','02','Bendahara Barang SDN 105280 Desa Lama','2104190037','1','','PB','2024-08-30 16:23:19','2104200027'),('2109070054','197512122001032001','SUSI DARIANI, S.Pd','01','Kepala Sekolah UPT SPF SDN 106156 KLUMPANG','2104190058','1','Pembina Tingkat I','KS','2023-07-31 20:33:04','2104200057'),('2109070055','197910012006042029','Tiurma Yanti Uli Purba, S.Pd','02','Bendahara Barang ','2104190202','1','','PB','2025-01-28 11:45:36','2104200187'),('2109070056','196906271991032013','SRIATI, S.Pd','02','Pengurus Barang','2104190047','1',NULL,'PB',NULL,NULL),('2109070057','196805081993032011','MINARNI, S.Pd','02','Pengurus Barang ','2104190058','1','','PB','2023-03-30 11:19:58','2104200057'),('2109070058','196710041988111003','SURIANTO,S.Pd','01','KEPALA UPT SPF SDN 107395','2104190062','1',NULL,'KS',NULL,NULL),('2109070059','198505252014072001','NUNUNG RAMADHANI','02','PENGURUS BARANG UPT SPF SDN 107395','2104190062','1',NULL,'PB',NULL,NULL),('2109070060','196112051982012016','CUT NURHAYATI, S.Pd','01','Kepala Ruangan SDN 106801 Bulu Cina','2104190027','1','Penata','KS','2022-05-19 10:18:50','2104200049'),('2109070061','197711052008012020','Supiah Idayu, S.Pd','01','Kepala SDN 106148 ','2104190024','1','Penata, III/d','KS','2023-11-22 14:58:47','2104200038'),('2109070063','196908171994012004','HAMIDAH, S.Pd','01','Kepala UPT SPF SDN 104197 Desa Klambir','2104190053','1','Pembina Tingkat I','KS','2023-07-31 20:14:01','2104200046'),('2109070064','197409101996112002','NURLELA, S.Pd','02','Pengurus Barang UPT SPF SDN 104197 Desa Klambir','2104190053','1',NULL,'PB',NULL,NULL),('2109070066','19680601 199209 2002','ERNAWATI,S.Pd','01','Kepala UPT SPF SDN 105385 KOTASAN','2104190602','1','Pembina Tingkat I','KS','2021-12-30 00:02:21','2104220183'),('2109070067','196808291993012004','UMI KALSUM S.Pd.I','02','PENGURUS BARANG UPT SPF SDN 106792 DESA LAMA','2104190042','1','IV/a','PB','2022-01-04 08:41:53','2109040006'),('2109070068','196906171993012004','SOYEM, S.Pd.SD.,M.Pd','01','KEPALA SEKOLAH UPT SPF SD NEGERI 101801 ','2104190483','1',NULL,'KS',NULL,NULL),('2109070069','197504062009031004','ASMUIN, S.Pd.I., M.A.','02','BENDAHARA UPT SPF SD NEGERI 101801','2104190483','1','','PB','2022-02-08 11:33:42','2104220065'),('2109070070','196508151988072005','ROSMAIDA,S.Pd','01','KEPALA UPT SPF SDN 105383 PETUMBUKAN','2104190600','1','Pembina Tk.I /IVB','KS','2025-01-04 12:29:30','2104220181'),('2109070071','197901192005021006','SUBHAN DINATA, S.Pd','01','Kepala UPT SPF  SDN 101969 Tanjung Purba','2104190583','1','Penata Tingkat I','KS','2023-07-29 19:23:18','2104220165'),('2109070072','197002021992031012','MISRAIM PURBA, S.Pd','01','Kepala UPT SPF SDN 101963 Tanah Abang','2104190578','1','','KS','2022-11-19 09:20:52','2104220160'),('2109070073','196511231991032008','FATIMAH,S.Pd','01','Kepala UPT SDN 101968 Petumbukan','2104190582','1','Pembina TK I','KS','2022-02-07 08:14:18','2104220164'),('2109070074','198002122003122008','HENY TRIANA, S.Pd.','01','Kepala UPT SPF SDN 101763 Klumpang Kampung','2104190005','1','Pembina Tk I/IV B','KS','2023-08-03 09:59:30','2104190005'),('2109070075','196704151988032017','BIYUNA HAFNI, S.Pd','01','Kepala UPT SPF SDN. 101981 Galang','2104190592','1','Pembina Tk. I','KS','2021-12-30 22:08:54','2104220174'),('2109070076','198401112022212009','HENI NURJANAH BR. PURBA, S.Pd','02','Bendahara UPT SPF SDN 101975 Sei Putih','2104190588','1','Ahli Pertama/X','PB','2022-11-17 11:58:19','2104220170'),('2109070077','196603161988032017','DEWI PONCOWATI, S.Pd.SD','01','KEPALA SEKOLAH UPT SPF SD NEGERI 104214 KEDAI DURIAN ','2104190485','1',NULL,'KS',NULL,NULL),('2109070078','196811011990071003','HISAR SILALAHI, S. Pd','01','KEPALA UPT SPF SDN 107421 PASAR MELINTANG','2104190297','1','Pembina','KS','2021-09-30 09:58:54','2104210040'),('2109070079','196808242007012020','ENITA ASMARIANI,S.Pd','01','Kepala  UPT SPF SDN 106184 Sekip','2104190295','1','PEMBINA','KS','2022-09-01 19:25:35','2104210038'),('2109070080','197011202008012022','Tenang Br. Sembiring, S.Ag','01','Kepala UPT SPF SDN 101902 ','2104190302','1','','KS','2023-07-13 09:40:27','2104210045'),('2109070081','197112092000032007','ADEK KAMARIAH, S.Pd','01','KEPALA UPT SPF SDN 105357 CEMARA','2104190294','1','Pembina ','KS','2023-11-16 11:23:54','2104210037'),('2109070082','196707171988112002','HERLINA PULUNGAN, S. Pd','01','KEPALA UPT SPF SDN 105349 PALUH KEMIRI','2104190292','1','Pembina Tk I','KS','2021-10-22 10:22:03','2104210035'),('2109070083','197109091998082002','LINAWATY TAMPUBOLON, S.Pd., M.Pd','01','KEPALA UPT SPF SDN 101901 LUBUK PAKAM','2104190301','1','PEMBINA TK. I','KS','2023-07-08 01:54:52','2104210044'),('2109070084','198605202010011011','JOKO HARTOYO, S.Pd','01','KEPALA UPT SPF SDN 104257 SEKIP','2104190291','1','Penata TK.I','KS','2023-07-13 10:40:35','2104210034'),('2109070085','198203082006042027','LAMRETTA PANGGABEAN,S.Th','01','KEPALA UPT SPF SDN 107955 LUBUK PAKAM','2104190299','1','Pembina','KS','2024-12-22 08:11:57','2109070001'),('2109070086','197209162008011023','SUARNO, S.Ag','01','Kepala UPT SPF SDN 105351 Bakaran Batu','2104190307','1',NULL,'KS',NULL,NULL),('2109070087','196911202007012027','REZA AFRIATI NASUTION, S.Pd','01','KEPALA UPT SPF SDN 105358 SEKIP','2104190308','1','','KS','2022-11-18 13:11:40','2104210051'),('2109070088','198108062006042027','Jasimah, S.Pd. SD','01','Kepala UPT SPF SD Negeri 108384 Lubuk Pakam','2104190309','1','Penata Tk. I','KS','2022-01-12 10:14:45','2104210052'),('2109070089','196802162007012028','IRMA YANI, S.Ag','01','KEPALA UPT SPF SDN 101908 TANJUNG GARBUS','2104190288','1',NULL,'KS',NULL,NULL),('2109070090','197307232000032006','Sudartik,S.pd','01','Kepala UPT SPF SDN 106831 Bakaran Batu','2104190296','1',NULL,'KS',NULL,NULL),('2109070091','198510142009042003','YUNITA SARI, S.Pd','01','KEPALA UPT SPF SDN 104242 LUBUK PAKAM','2104190289','1','','KS','2024-12-27 21:55:10','2104210032'),('2109070092','198207232009031008','KUSDIL SYAHPUTRA, S.Pd','01','KEPALA UPT SPF SD NEGERI 101904 PASAR MELINTANG','2104190286','1',NULL,'KS',NULL,NULL),('2109070093','197101152006042017','NURAINI TARIGAN, S.Ag','01','KEPALA  UPT SPF SDN 104244 JATI SARI','2104190310','1','PEMBINA','KS',NULL,NULL),('2109070094','196803112000032004','LARAS ISNINGTIYAS, S.Pd','01','KEPALA UPT SPF SDN 101900 LUBUK PAKAM','2104190284','1','','KS','2021-12-31 20:39:29','2104210025'),('2109070095','198309102010012018','HELDA SOFIA HERMANTI,S.Pd,M.SI','01','UPT SPF SDN 107422 PAGAR JATI','2104190298','1','III D','KS','2023-11-14 10:19:40','2104210041'),('2109070096','198309102010012018','HELDA SOFIA HERMANTI,S.Pd,M.Si ','01','Kepala UPT SPF SDN 101906','2104190280','1','','KS','2024-08-05 09:55:45','2104210021'),('2109070097','197112092000032007','ADEK KAMARIAH, S.Pd','01','Kepala UPT SPF SDN 101907 Pagar Jati','2104190287','1','Pembina ','KS','2022-11-18 10:47:58','2104210028'),('2109070099','196612311989092009','NUR ABADI HARAHAP,S.Pd.I','01','Kepala UPT SPF SDN 105356 Lubuk Pakam','2104190293','1','Pembina Tk I','KS','2021-10-25 14:17:51','2104210036'),('2109070100','196606061986042004','PASIJOJOR GULTOM, S. Pd','02','PENGURUS BARANG','2104190292','1','Pembina Tk I','PB','2021-10-22 10:21:52','2104210035'),('2109070101','198404042022211019','EFENDI POSDAM MAROLOP SARAGIH, S.Pd','02','PENGURUS BARANG','2104190297','1','Ahli Pertama','PB','2024-12-04 11:27:21','2104210040'),('2109070102','199201232019032013','ENI MUTIARA SIHOTANG,S.Pd','02','PENGURUS BARANG','2104190298','1','III A','PB','2023-11-14 10:19:59','2104210041'),('2109070103','199603272019032010','Evi Kesia Manullang, S. Pd','02','Pengurus Barang','2104190302','1',NULL,'PB',NULL,NULL),('2109070104','198907182019032011','JULPA HUSNA, S.Pd','02','PENGURUS BARANG','2104190291','1','Penata Muda','PB','2021-10-22 09:24:17','2104210034'),('2109070105','199409022022211003','ARIED SAMUEL SEPTIAN SINAGA,S.Pd','02','Pengurus Barang','2104190295','1','PEMBINA','PB','2024-08-13 18:37:24','2104210038'),('2109070106','197912072005022001','DORLINDA SIMANJORANG, S.Pd','02','PENGURUS BARANG','2104190294','1','','PB','2024-12-28 19:23:41','2104210037'),('2109070107','199205122019032011','NURUL HIDAYATUNNISA, M.Pd','02','PENGURUS BARANG','2104190308','1','','PB','2023-07-13 10:44:39','2104210051'),('2109070108','199209042019032007','Nurjannah, S.Pd','02','Pengurus Barang','2104190309','1','Penata Muda Tk.I','PB','2024-08-19 10:29:22','2104210052'),('2109070109','198909092019032009','Wulan Seftia, S.Pd','02','Pengurus Barang','2104190296','1',NULL,'PB',NULL,NULL),('2109070110','199506052019032010','MUTIARA RIZKI, S.Pd','02','PENGURUS BARANG','2104190283','1',NULL,'PB',NULL,NULL),('2109070111','199503032019032011','ADITYA FITRI LUBIS, S.Pd','02','PENGURUS BARANG','2104190307','1',NULL,'PB',NULL,NULL),('2109070112','196808212007012033','AGUSTINA SIAHAAN, S.Pd','01','KEPALA UPT SPF SDN 101914 KAMPUNG BARU','2104190304','1',NULL,'KS',NULL,NULL),('2109070113','196504021986042008','UDUR TAMPUBOLON, S.Pd','02','PENGURUS BARANG ','2104190286','1',NULL,'PB',NULL,NULL),('2109070114','199511102019032009','NUR ELFI SYAHRINA,S.Pd','02','PENGURUS BARANG','2104190284','1',NULL,'PB',NULL,NULL),('2109070115','196403271985042005','RENTA PANDIANGAN, S.Pd','02','Pengurus Barang','2104190287','1','Pembina','PB','2022-01-31 12:28:44','2104210028'),('2109070116','199201232019032013','ENI MUTIARA SIHOTANG,S.Pd','02','Pengurus Barang','2104190280','1','','PB','2024-08-05 09:57:24','2104210021'),('2109070117','198312242022212011','IRMA DAULAY, S.Pd','02','PENGURUS BARANG','2104190289','1','','PB','2023-07-08 21:01:47','2104210032'),('2109070118','197307172005022003','ANI MAULUN NAHARA, S.Pd.I','02','PENGURUS BARANG','2104190310','1','PEMBINA','PB','2022-11-20 13:27:27','2104210053'),('2109070119','196508091992032010','RUMAHI BARUS, S.Pd','01','KEPALA UPT SPF SDN 108306 Tanjung Garbus','2104190281','1','PEMBINA TK. I/ IV.B','KS','2023-12-30 21:17:11','2104210022'),('2109070120','196501041984042002','ROSLELI,S.Pd','02','PENGURUS BARANG ','2104190299','1','Pembina','PB','2024-12-22 08:11:44','2109070001'),('2109070121','196611102007012048','NURHAYATI TANJUNG, S.Pd','02','PENGURUS BARANG','2104190301','1','PENATA TK. I','PB','2023-07-08 01:55:05','2104210044'),('2109070122','196809272007012031','SWARNI, S.Pd','02','PENGURUS BARANG','2104190288','1',NULL,'PB',NULL,NULL),('2109070123','198012232006042014','LASDOR LIMBONG, S.Ag','02','PENGURUS BARANG','2104190304','1',NULL,'PB',NULL,NULL),('2109070124','196804042007012042','Asiah, S.Ag','01','Kepala UPT SPF SDN 104241 Syahmad','2104190306','1',NULL,'KS',NULL,NULL),('2109070125','197112301994122003','HERTA HUTAPEA, M.Pd','01','KEPALA UPT SPF SDN 101927 SEKIP','2104190305','1','Pembina Tingkat I','KS','2022-09-01 09:29:44','2104210048'),('2109070126','199410212019032009','ARIHTA OKTARIA SEMBIRING, S.Pd','02','PENGURUS BARANG','2104190281','1','Penata Muda/ III. B','PB','2024-02-03 09:09:19','2104210022'),('2109070127','198012222022212016','NURHAFNI HARAHAP,S.Pd','02','Pengurus Barang','2104190293','1','Penata Muda','PB','2023-07-13 11:01:31','2104210036'),('2109070128','197410031999032008','Nurhayati Manurung, S.Pd','01','KEPALA UPT SPF SMP NEGERI 2 LUBUK PAKAM','2104190312','1','Pembina Tk.I','KS','2023-07-14 09:05:27','2104210055'),('2109070129','197012102006042016','P A W E N,S.Pd','01','Kepala UPT SPF SDN 107982 Lubuk Pakam','2104190300','1','','KS','2023-07-13 09:32:40','2104210043'),('2109070130','199505112019032006','Elsaria Manalu, S.Pd','02','Pengurus Barang','2104190306','1',NULL,'PB',NULL,NULL),('2109070131','196907031998012002','Dra. Anna W. Aritonang','02','PENGURUS BARANG','2104190312','1','Pembina Tk.I','PB','2023-07-14 09:06:01','2104210055'),('2109070132','196510212007012015','RAMAYANI HOTMASINTA PURBA, S.Pd','01','Kepala UPT SPF SDN 101898 LUBUK PAKAM ','2104190282','1','','KS','2021-10-21 08:00:17','2104210023'),('2109070133','198707032019032011','LEILI ETIKA,S.Pd.SD','02','Pengurus Barang','2104190300','1',NULL,'PB',NULL,NULL),('2109070134','199303232019032012','SARAH SILALAHI, S.Pd','02','PENGURUS BARANG','2104190305','1','Penata Muda','PB','2022-09-01 09:29:06','2104210048'),('2109070135','196712082007012021','NURIANA LUBIS, S.Pd','01','KEPALA UPT SPF SDN 101905 PASAR MELINTANG','2104190303','1','','KS','2022-11-17 18:35:00','2104210046'),('2109070136','198903202016032006','RUT AMELIA, S.Pd','02','PENGURUS BARANG','2104190282','1',NULL,'PB',NULL,NULL),('2109070137','199210212019032006','TRISNAYANTI SIMANJUNTAK, S.Pd','02','PENGURUS BARANG','2104190303','1',NULL,'PB',NULL,NULL),('2109070138','197106132006041019','ABDUL QADIR HARAHAP, S.Ag','01','KEPALA UPT SPF SDN 101903','2104190285','1','Pembina Tk. I ','KS','2023-01-06 08:57:00','2104210026'),('2109070139','197802022006042037','Siti Khairiyah, S.Pd','01','Kepala Sekolah UPT SPF SDN 101869 Desa Sena','2104190203','1','Pembina / IV-a','KS','2024-12-24 09:42:33','2104200189'),('2109070140','196508261988032020','Mariani, S.Pd','02','Bendahara Barang UPT SPF SDN 101869 Desa Sena','2104190203','1','Pembina Tk. I / IV-b','PB','2022-01-21 14:55:07','2104200189'),('2109070141','19710106 993022004','SORTA IRIANA TAMPUBOLON, S.Pd','01','Kepala Sekolah SDN 104203 Bandar Khalipah','2104190082','1','Pembina Tk. I','KS','2022-02-08 09:49:05','2104200068'),('2109070143','196412142006042008','SUKINI, S.Pd','02','Pengurus Barang','2104190082','1','Penata Tk. I','PB','2022-02-09 10:54:46','2104200068'),('2109070144','196707221990072002','RUMIATI, S.Pd','02','Pengurus Barang','2104190119','1','Pembina Tk. I / IV/b','PB','2022-11-15 22:06:57','2104200102'),('2109070145','196808121988032010','Hj. MARUBA SIREGAR,S.Pd','01','Kepala Sekolah SDN 106161 Laut Dendang','2104190094','1','Pembina Tingkat 1','KS','2023-07-15 21:48:07','2104200094'),('2109070146','19660204198604 2 004','Hj.TIOMAS, S.Pd,M.Si.','01','Kepala Sekolah','2104190129','1','V B','KS','2023-07-03 10:11:28','2104200112'),('2109070147','199205152022212005','Nurkhadizah hasibuan, S.Pd','02','Pengurus Barang ','2104190129','1','','PB','2024-01-03 11:18:36','2104200112'),('2109070148','196907171992022003','Iramawaty Br Sembiring, S.Pd','01','Kepala Sekolah','2104190012','1','Pembina, IV/a','KS','2023-08-03 09:44:38','2104200008'),('2109070149','196505252007012038','Laila Tafipri, S.Pd','02','Guru Kelas','2104190012','1','Penata, III/c','PB',NULL,NULL),('2109070150','197603262005022008','Enny Widiastuty, S.Pd','01','Kepala Sekolah','2104190010','1','Pembina, IV/a','KS','2022-01-06 06:38:59','2104200005'),('2109070151','196704122007012035','Seri Kartini Sormin, S.Ag ','01','Kepala Sekolah','2104190039','1','Pembina, IV/a','KS',NULL,NULL),('2109070152','198908262022212005','Rina Kritina Sitepu, S.Pd','02','Guru Kelas','2104190010','1','IX','PB','2024-08-29 11:40:40','2104200005'),('2109070153','198304242006042027','Arina Marlina Marbun, S.Pd','01','Kepala Sekolah','2104190057','1','Penata, III/c','KS','2022-05-20 19:56:56','2104200055'),('2109070154','198307122005022004','Hariani, S.Pd','02','Guru Kelas','2104190057','1','Penata, III/c','PB','2022-05-20 19:57:14','2104200055'),('2109070155','198010102010012022','Rachmah Hayati, S.Pd., M.Pd','01','Kepala Sekolah','2104190001','1','Penata Tk. I','KS','2023-01-21 11:35:42','2109040007'),('2109070156','196901161993082002','Rustinah, S.Pd','02','Guru Kelas','2104190001','1','Pembina Tk. I','PB','2021-12-20 04:23:51','2109040007'),('2109070157','196906052001031006','Aripin Daulay, S.Pd','01','Kepala UPT SPF SDN 104198 Paya Bakung','2104190054','1','Pembina, IV/a','KS','2023-07-08 19:32:08','2104200048'),('2109070158','197510052022212006','Surgiyem, S.Ag','02','Pengurus Barang UPT SPF SDN 104198 Paya Bakung','2104190054','1','IX','PB','2023-07-06 00:24:32','2104200048'),('2109070159','198604232019032011','WAHYU APRILESTARI, S.Pd','01','Kepala UPT SPF SDN 101759 Tandam Hilir I','2104190033','1','Penata Muda Tk. I, III/b','KS','2024-01-14 22:48:03','2104200023'),('2109070160','197208162024212001','RAHMADANI, S.Ag','02','Pengurus Barang UPT SPF SDN 101759 Tandam Hilir I','2104190033','1','IX','PB','2024-08-16 09:45:49','2104200023'),('2109070161','196306181994032004','Armely, S.Pd','01','Kepala UPT SPF SDN 101757 Tandam Hilir I','2104190049','1','Pembina Tk. I, IV/b','KS','2023-03-24 23:22:54','2104200040'),('2109070162','196306181994032004','Armely, S.Pd','02','Pengurus Barang UPT SPF SDN 101757 Tandam Hilir I','2104190049','1','Pembina Tk. I, IV/b','PB','2023-03-24 23:22:40','2104200040'),('2109070163','198401172019032003','Widya Astuti, S.Pd','01','Kepala UPT SPF SDN 101756 Tandam Hilir I','2104190014','1','Penata Muda Tk. I, III/b','KS','2025-01-12 09:10:06','2104200012'),('2109070164','196604182007012020','Muliaty, S.Pd','02','Pengurus Barang UPT SPF SDN 101756 Tandam Hilir I','2104190014','1','Penata Tk. I, III/d','PB','2025-01-12 09:10:25','2104200012'),('2109070165','197008211996112002','NURSIAH SILITONGA, S.Pd','01','Kepala UPT SPF SDN 107429 Pondok Kotangan','2104190610','1','Pembina Tk.I','KS','2024-08-20 09:20:18','2104220191'),('2109070166','197205021992092002','REHMALEMNA BR BARUS, S.Pd','01','Kepala UPT SPF SDN 102005 Durian Tinggung','2104190542','1',NULL,'KS',NULL,NULL),('2109070167','198605172019032003','MEYDA THERESIA BR BARUS, S.Ag','02','Pengurus Barang UPT SPF SDN 102005 Durian Tinggung','2104190542','1','','PB','2022-12-12 19:29:12','2104220124'),('2109070168','196903031993012002','HANNA DOLI BR SITEPU, S.Pd','01','Kepala UPT SPF SDN 105402 Sibunga Bunga','2104190547','1','Pembina Tk. I','KS','2024-12-30 09:21:25','2104220129'),('2109070169','198111262005012011','LENI ROSA BR BARUS, S.Pd','02','Pengurus Barang UPT SPF SDN 105402 Sibunga Bunga','2104190547','1',NULL,'PB',NULL,NULL),('2109070170','198101082009031007','HENDRY LAFAU, S.Pd','01','Kepala UPT SPF SDN 107437 Tanjung Bampu','2104190549','1','','KS','2022-12-12 17:24:36','2104220131'),('2109070171','198404242010011038','NOVADIAN BARUS','02','Pengurus Barang UPT SPF SDN 107437 Tanjung Bampu','2104190549','1',NULL,'PB',NULL,NULL),('2109070172','196601011988032030','ROMAULI SIMATUPANG, S.Pd','01','Kepala UPT SPF SD Negeri 106843 Jaharun B','2104190614','1','Pembina Tk. I','KS','2021-12-29 11:11:20','2104220195'),('2109070173','196706101992032012','Fatimah Daulay','02','Bendahara BOS','2104190083','1','Penata Tk.I','PB',NULL,NULL),('2109080001','198811222019032006','LUSI ANGGRAINI, S.Pd','02','INVENTARIS BARANG','2104190098','1','PENATA MUDA','PB','2021-09-29 10:12:52','2104200110'),('2109080002',' 19820325200502 002','AHMAD HIDAYAT BATUBARA, S.Pd','01','KEPALA SEKOLAH','2104190098','1','PEMBINA TK I','KS','2022-04-06 10:08:03','2104200110'),('2109080003','197002142008012018','Tri Purwanti, S.Pd, M.Pd','01','Kepala Sekolah','2104190214','1',NULL,'KS',NULL,NULL),('2109080004','198005142003122012','Suriani, S.Pd','02','Pengurus Barang','2104190214','1',NULL,'PB',NULL,NULL),('2109080005','196809091993012002','Elida S.Pd','02','Kepala Ruangan SDN 106162 Medan Estate','2104190127','1',NULL,'PB',NULL,NULL),('2109080006','198011132010011018','SAUR PARDAMEAN SIHOTANG, S.Si','01','Kepala UPT SPF  SDN 101979 PISANG PALA','2104190590','1','Penata Tingkat 1','KS','2024-08-20 18:48:04','2104220172'),('2109080007','197204092000032004','SITI RAHMI, S.Pd','01','Kepala Sekolah','2104190177','1','','KS','2024-08-12 00:24:18','2104200164'),('2109080008','198605092010011003','RIZA ASRY LUBIS, M.Pd','01','KEPALA SEKOLAH SDN 107407 RIMO MUNGKUR','2104190404','1','','KS','2022-01-27 07:30:38','2104210145'),('2109080009','197006201992032013','NURAINI NASUTION, S.Pd','01','Kepala Sekolah SDN 101806 Jati Kesuma','2104190412','1','PEMBINA TK.I / IVb','KS','2023-07-20 09:32:38','2104210153'),('2109080010','197802052010012017','SUDARSIH, S.Pd','01','Kepala Sekolah SDN 104215 Sudirejo','2104190413','1','III-d','KS','2024-07-08 12:23:14','2104210154'),('2109080011','197004231993052003','MARHENI, S.Pd','01','KEPALA  SEKOLAH SDN. 101802 NAMORAMBE','2104190402','1','','KS','2024-08-29 12:20:43','2104210143'),('2109080012','196711301992092003','KELINI BR GINTING, S.Pd','01','Kepala Sekolah SDN 101803 Namo Pinang','2104190407','1','Pembina Tk.I /IV/b','KS','2023-07-19 10:50:16','2104210148'),('2109080013','197909092005022011','DINA HELEN SIMANJUNTAK  S.Pd','01','Kepala SDN 101805 Batu Rejo','2104190405','1','IV.A','KS','2023-11-15 10:56:12','2104210146'),('2109080014','196806151994032019','ERNI SUPIANA BR TARIGAN .S.Pd','01','KEPALA SEKOLAH SDN 106818 LUBANG IDO','2104190409','1','Pembina ','KS','2022-10-05 14:14:04','2104210150'),('2109080015','197101112003122007','ROSMAWATI, S.Pd','01','Kepala SDN 106168 Desa Deli Tua','2104190415','1',NULL,'KS',NULL,NULL),('2109080016','196909101993012006','SERIANI BANGUN, S.Pd','01','Kepala Sekolah SDN 101804 Namo Rambe','2104190411','1','Pembina Tk I, IV b','KS','2023-07-18 11:26:12','2104210152'),('2109080017','197708162000032002','EVI MARIANI, S.Pd','01','Kepala Sekolah SDN 105302 Tangkahan','2104190414','1','','KS','2022-10-24 09:37:01','2104210155'),('2109080018','196609152007012018','NURLINA GINTING, M.Pd','01','Kepala Sekolah SDN 108027 Desa Deli Tua','2104190406','1','Pembina','KS','2024-02-07 12:35:43','2104210147'),('2109080019','197205152008012025','DHORA ANDHIKA, S.Pd','02','Bendahara SDN 106168 Desa Deli Tua','2104190415','1',NULL,'PB',NULL,NULL),('2109080020','196903092001032002','ROSMAE SEMBIRING, S.Pd','02','Bendahara SDN 101803 Namo Pinang','2104190407','1','Penata Tingkat I/III/d','PB','2023-07-19 10:54:19','2104210148'),('2109080021','197007162008012002','RIADA LASE, S.Pd','02','Bendahara SDN 104215 Sudirejo','2104190413','1','III-d','PB','2024-07-08 12:24:07','2104210154'),('2109080022','19691224 2008012016','NETTI MARIATI SARAGIH, S.Pd','02','Bendahara SDN 105302 Tangkahan','2104190414','1','','PB','2024-01-02 11:22:49','2104210155'),('2109080023','197104012006042022','SRI ULINA TARIGAN, S.Pd','02','BENDAHARA SDN. 101802 NAMORAMBE','2104190402','1','','PB','2024-08-29 12:20:49','2104210143'),('2109080025','196710081992031017','CIPTA SEMBIRING, S.Pd','02','BENDAHARA SDN 107407 RIMO MUNGKUR','2104190404','1','','PB','2024-08-04 09:03:08','2104210145'),('2109080026','196611191994032008','RULAU GINTING S.Pd','02','Bendahara SDN 101805 Batu Rejo','2104190405','1','IV.A','PB',NULL,NULL),('2109080027','197007032024212001','KRISTINA BR GINTING, S.Pd','02','Bendahara SDN 108027 Desa Deli Tua','2104190406','1','Pembina','PB','2025-02-19 21:03:48','2104210147'),('2109080028','196512251994032009','ESTER BR PURBA, S.Pd','02','Bendahara SDN 101804 Namo Rambe','2104190411','1','Pembina Tk I, IV b','PB','2023-07-18 11:25:47','2104210152'),('2109080029','196912082000032007','SITI HADIAH PASI, S.PdI','02','Bendahara SDN 101806 Jati Kesuma','2104190412','1','PEMBINA / IVa','PB','2023-07-20 09:33:20','2104210153'),('2109080030','198804062019032004','IRMA AFRIYANTI LUMBAN GAOL.S.Pd','01','Kepala Sekolah SDN 101784 Mabar','2104190073','1','Penata Muda TK.I','KS','2024-12-30 11:32:12','2104200062'),('2109080031','196611301988072002','NURSALMAH HARAHAP,S.Pd','01','KEPALA SEKOLAH','2104190077','1','Pembina Tingkat I','KS','2023-11-30 22:41:14','2104200072'),('2109080032','197508082010011008','Sutan Ranto Simatupang,S.pD','01','Kepala Sekolah','2104190072','1','','KS','2024-01-05 11:25:35','2104200060'),('2109080033','196612122007012028','SUTRISNI, S.Pd','01','Kepala SDN 101786 Helvetia','2104190068','1','Penata Tk.I','KS','2021-10-21 13:09:43','2104200091'),('2109080034','196201181983041008','H.SURIANTO,S.Pd','01','Kepala Sekolah SDN 105297','2104190075','0','',NULL,'2025-01-03 20:43:50','2104200066'),('2109080035','197008281993052006','TUTIANI, S.Pd, M.Psi','01','Kepala Sekolah SDN 101785','2104190067','1','','KS','2023-11-21 20:14:41','2104200089'),('2109080036','196706152007011064','WAGIMAN, S.Pd','01','Kepala Sekolah SDN 106805 Manunggal','2104190074','1',NULL,'KS',NULL,NULL),('2109080037','199606282019032007','ANGGI ANGGRAINI,S.Pd','02','Pengurus Barang','2104190073','1','Penata Muda TK.I','PB','2024-08-24 08:11:28','2104200062'),('2109080038','198407072009022006','IRMA SARI SIREGAR,S.Pd','02','Pengurus Barang SDN 101785','2104190067','1','','PB','2023-11-21 20:14:05','2104200089'),('2109080039','198511022014072001','SITI HADIJAH, S.Pd','02','Pengurus Barang','2104190068','1','Penata Muda','PB','2021-10-21 13:10:09','2104200091'),('2109080040','199411262019032007','ELVIRA SUPRIANTI,S.Pd','02','Pengurus Barang','2104190075','1',NULL,'PB',NULL,NULL),('2109080041','199409062019032010','KRISNA WIDIA SIMAMORA, S.Pd','02','PENGURUS BARANG','2104190074','1',NULL,'PB',NULL,NULL),('2109080042','199009292019032012','ZEINWI STAR E SITUMORANG, S.Pd','02','Pengurus Barang','2104190077','1','Penata Muda Tingkat I','PB','2023-11-30 22:40:46','2104200072'),('2109080043','199604142019032010','DINDA APRINDA, S.Pd','02','Pengurus Barang','2104190072','1','','PB','2024-01-05 11:25:43','2104200060'),('2109080044','196694971992032013','SITI RAMSAH, S.Pd','01','Ka. UPT SPF SD Negeri 101851 Kwala Lau Bicik','2104190424','1','','KS','2021-10-20 15:36:41','2104220006'),('2109080045','196805041991032015','Chairani Nasution,S.Pd,M.M','01','Kepala Sekolah UPT SPF SDN 105312 Sawit Rejo','2104190435','1',NULL,'KS',NULL,NULL),('2109080046','198506012009032013','EPA SUSANTI,S.Pd','01','KEPALA SEKOLAH','2104190443','1','Pembina Tingkat I','KS','2025-04-14 18:16:37','2104220025'),('2109080047','196601181993052002','PILIHEN, S.Pd','01','Kepala UPT SPF SDN 105314 Pasar X','2104190440','1','Pembina Tingkat I','KS','2023-07-14 21:43:59','2104220022'),('2109080048','196607281987122005','NETIRAWATI BR SITEPU,S.Pd','01','KEPALA SEKOLAH','2104190428','1','Pembina IV/b','KS','2021-10-21 11:54:41','2104220010'),('2109080049','198601242010011010','Lajuhardi Purnama Sinulingga S.Pd M.Pd','01','Kepala Sekolah','2104190438','1','III/d','KS','2023-08-03 17:34:59','2104220020'),('2109080051','196811242005021003	','IMRAN PERANGIN-ANGIN, S.Pd	','01','Ka. UPT SPF SDN 104227 SAWIT REJO','2104190432','1','Guru Muda ','KS','2023-11-13 11:47:07','2104220014'),('2109080052','198811152019032016','NUR HAMIDAH,S.Pd','01','Kepala Sekolah','2104190420','1','','KS','2024-08-22 12:50:49','2104220002'),('2109080053','196504271985082002','ZURAIDAH, S.Pd','01','KEPALA UPT SPF SD NEGERI 101730 KP. LALANG','2104190155','1','Pembina/ IV-b','KS','2021-10-21 13:54:06','2104210030'),('2109080054','196506121986042008','MERLINA ,S.Pd','01','Kepala Sekolah','2104190419','1','','KS','2021-09-30 15:04:55','2104220001'),('2109080055','196810221994032007','NURNETTA, S.Pd','01','KEPALA RUANGAN SD NEGERI 101738 DISKI','2104190165','1',NULL,'KS',NULL,NULL),('2109080056','19670213 2001031002','ANTONI GINTING,S.Pd','01','Kepala Sekolah','2104190436','1','','KS',NULL,NULL),('2109080057','198304142014071001','Hendra Rahayu, S.Pd','02','BENDAHARA RUANGAN SD NEGERI 101738 DISKI','2104190165','1','','PB','2023-07-19 23:16:44','2104200143'),('2109080059','196503061987122004','Sada Arih,S.Pd','01','Kepala Sekolah','2104190429','1',NULL,'KS',NULL,NULL),('2109080060','196902101994032018','ROSMAIDAH, S.Pd','01','Kepala Sekolah','2104190159','1','Pembina, IV/a','KS','2023-11-27 20:51:25','2104200134'),('2109080061','198410102010011018','ANCHON MANGARATUA TONDANG, S.Si','02','Bendahara Barang','2104190159','1','Penata, III/c','PB','2022-09-02 09:52:14','2104200134'),('2109080062','196505201986081005','MARTINUS SEMBIRING,S.Pd','01','KEPALA UPT SPF SD NEGERI 105271 SERBAJADI','2104190170','1','PEMBINA TK.I/ IV-B','KS','2022-10-06 07:41:37','2104200152'),('2109080063','197111211993052003','Samirah, S.Pd, M.Pd','01','KEPALA UPT SPF SDN 106144 Sei Mencirim','2104190172','1',NULL,'KS',NULL,NULL),('2109080064','196809072007011039','SUHARTONO, S.Pd','01','Kepala Sekolah','2104190192','1','Penata/III-d','KS','2023-11-15 11:10:31','2104200174'),('2109080065','196612061987122005','MBERA MULI BR GINTING, S.Pd','01','Kepala UPT SPF SDN. 101739 Sei Mencirim','2104190166','1','Pembina Tingkat I/IV-b','KS',NULL,NULL),('2109080066','198108262006042028','FRISKA EVI ERIANA SILALAHI,S.Th.M.Pd','01','Kepala Ruangan SDN 101741 Diski','2104190167','1','','KS','2025-01-06 08:26:36','2104200146'),('2109080067','196802261993032010','TIHOLIJAH LUBIS, S.Pd','01','Kepala Sekolah SDN 101735 Sei Semayang','2104190162','1','Pembina TK 1','KS','2022-01-06 10:45:59','2104200138'),('2109080068','197008142022212003','RATNA, S.Pd','02','Pengurus Barang','2104190166','1','Penata Muda/III-a','PB','2024-08-26 08:10:43','2104200145'),('2109080069','196904122008012029','KHAIRANI, S.Pd','01','Kepala Sekolah','2104190195','1','','KS','2022-11-18 14:12:00','2104200179'),('2109080070','196809251994032002','NUR AKHIRIAH, S.Pd','01','Kepala Sekolah','2104190161','1','','KS','2022-09-07 08:29:40','2104200136'),('2109080071','197107091994122003','Juliani Sastro,S.Pd','01','Kepala Sekolah SDN 104185 Sei Semayang','2104190185','1','Pembina Tk I','KS','2023-07-12 10:50:39','2104200173'),('2109080072','196710201988072003','PAIDAH, S.Pd','01','Kepala Sekolah','2104190164','1',NULL,'KS',NULL,NULL),('2109080073','197007012008012027','Karyati Sembiring, S.Pd','01','Kepala Sekolah','2104190173','1',NULL,'KS',NULL,NULL),('2109080074','197102121994042002','Maria Lotfrianna Pelawi, S.Pd','01','Kepala Sekolah ','2104190189','1','Pembina/ IVa','KS','2023-07-24 19:56:45','2104200168'),('2109080075','197208102008012026','Ihsani.S.Ag.MA','01','KEPALA SEKOLAH UPT SPF SDN 101729 KP. LALANG','2104190158','1',NULL,'KS',NULL,NULL),('2109080076','198311062010011010','Ramli Sembiring, S.Pd','01','Kepala Sekolah','2104190174','1','Penata Tingkat 1/IIId','KS','2024-05-27 09:12:47','2104200159'),('2109080077','198908122022212007','AYU MULIANI , S.Pd','02','Bendahara Ruangan SDN 101741 Diski','2104190167','1','','PB','2023-07-17 09:11:25','2104200146'),('2109080078','197005071994122003','Dewi Mayarani, S.Pd','01','Kepala UPT SPF SDN 105265 Sukamaju','2104190168','1','Pembina IVb','KS','2022-01-18 12:13:10','2104200148'),('2109080080','197302022003121007','AHMAD JUNAIDI,S.Pd','02','PENGURUS BARANG','2104190120','1','PENATA','PB','2022-11-15 11:06:04','2104200103'),('2109080081','196506181985111003','MUJIONO, S.Pd','01','Kepala Sekolah SDN 104182 Paya Geli','2104190176','1','IV/b','KS',NULL,NULL),('2109080082','197902072005021005','ERIKSON TARIGAN, S.Pd','02','Penanggung Jawab Barang','2104190195','1','','PB',NULL,NULL),('2109080083','196509301984042002','SITI HAMIDAH S.Pd','01','Kepala Sekolah','2104190180','1','Pembina Tk I / IV-b','KS','2023-07-11 09:48:00','2104200163'),('2109080084','197101071993052002','MARLINA, S.Pd','01','Kepala Sekolah SD Negeri 101736 Medan Krio','2104190163','1','','KS','2023-02-21 08:16:17','2104200140'),('2109080085','197204141992032012','Enneria Siagian, S.Pd','01','Kepala Sekolah','2104190193','1','Pembina','KS','2022-09-05 08:51:39','2104200176'),('2109080086','197001242014072001','Dra. MERI SRI DEWI','02','PENANGGUNG JAWAB  BARANG UPT SPF SD N 105271 SERBAJADI','2104190170','1','PENATA TK I/ III-D','PB',NULL,NULL),('2109080087','196506071987122006','DUMA PURBA, S.Th','02','Penanggung  Jawab Barang','2104190192','1','Pembina/IV-a','PB','2022-01-22 09:31:28','2104200174'),('2109080088','196804051990072002','RINGAN , S.Pd','02','Penanggung Jawab barang','2104190162','1','Pembina TK 1','PB',NULL,NULL),('2109080089','196804021997121003','INGSA, S.Pd','02','Penanggung Jawab Barang','2104190161','1','','PB','2022-09-07 08:30:54','2104200136'),('2109080090','197206071994122004','SITI RAHMAH, S.Pd','02','Bendahara Ruangan SD Negeri 104182 Paya Geli','2104190176','1','IV/a','PB',NULL,NULL),('2109080091','198003262010011014','Riswansyah, S.Pd','02','Penanggung Jawab Barang','2104190174','1','Penata Tingkat 1/IIId','PB','2024-05-27 09:13:06','2104200159'),('2109080092','196411231994122002','Dameria, S.Pd','02','Penanggung Jawab Barang','2104190168','1','Pembina IVb','PB','2022-01-18 12:11:38','2104200148'),('2109080093','196503151987122004','Surti Pakpahan S.Pd','02','Guru','2104190173','1',NULL,'PB',NULL,NULL),('2109080094','196710101992031002','Paimin, S.Pd','02','Penanggung Jawab Barang','2104190172','1',NULL,'PB',NULL,NULL),('2109080096','197504282005022007','LIZA MUTIA, S.Pd','02','Bendahara Ruang SD Negeri 101736 Medan Krio','2104190163','1',NULL,'PB',NULL,NULL),('2109080097','196811142000032002','Sekata Sembiring, S.Ag','02','Pengurus Barang ','2104190189','1','Pembina/IVa','PB','2022-02-08 11:01:21','2104200168'),('2109080098','19700208 2008011015','SUHARLIN, S.Pd','02','Guru','2104190164','1',NULL,'PB',NULL,NULL),('2109080099','198109072005022008','Hevi Susanti, S.Pd','02','Penanggung Jawab Barang','2104190193','1','Penata TK I','PB','2022-01-20 12:24:05','2104200176'),('2109080100','197111171993052003','RATNAWATI BR SEMBIRING, S.Pd','01','Ka.UPT SPF SDN 104229 Sei Mencirim','2104190434','1','','KS','2023-08-03 10:04:39','2104220016'),('2109080101','197011102022212002','Nazli Nasution,S.Pd','02','Pengurus Barang SDN 104185 Sei Semayang','2104190185','1','Penata Muda','PB','2023-07-12 10:50:28','2104200173'),('2109080102','198005202005022010','NURHASANAH.SPd.SD','02','Penanggung Jawab Barang','2104190158','1',NULL,'PB',NULL,NULL),('2109080103','196512041987122006','SUMIATI,S.Pd','01','KEPALA SEKOLAH SD N INPRES SAMPECITA','2104190418','1','Pembina Tk.I','KS','2023-11-15 09:25:45','2104210159'),('2109080104','198011172002121003','RUDI PRAYETNO, S.Pd. SD','01','KEPALA SEKOLAH ','2104190157','1','Pembina/IVa','KS','2024-01-10 10:00:06','2104210031'),('2109080105','196802041995022003','ELITA NAINGGOLAN','02','PENGURUS BARANG','2104190157','1','Pembina/VIa','PB','2022-02-08 11:37:03','2104210031'),('2109080106','197002261990072002','MISMAWATI, S.Pd','01','Kepala Sekolah SDN 107393','2104190194','1','IV/b','KS','2024-01-02 21:21:12','2104200178'),('2109080107','196609031986042002','RUSDIAH, S.Pd','01','Kepala Sekolah SDN 104200 Karang Gading','2104190070','1','','KS','2023-12-01 14:43:56','2104200058'),('2109080108','199507032019032007','RUSTIANA,S.Pd','02','Pengurus Barang','2104190070','1',NULL,'PB',NULL,NULL),('2109080109','196904251998012002','FAUZIAH NOOR SEREGAR SP.d, M.Si','01','KEPALA SEKOLAH SMP NEGERI 1 DELITUA','2104190489','1',NULL,'KS',NULL,NULL),('2109080110','197112292010011003','PARDAMEAN MARBUN','02','WAKIL SARANA PRASARANA SMP NEGERI 1 DELITUA','2104190489','1','','PB','2022-11-16 08:12:31','2104220071'),('2109080112','197012302000032004','ANITA Br TARIGAN, S.PAK','02','Penanggung Jawab Barang','2104190175','1','Pembina /IVa','PB','2022-01-21 13:19:54','2104200161'),('2109080113','197206212006042020','Sulasmini, S.Pd','02','Pengurus Barang SDN 107393 Diski','2104190194','1','IV/a','PB','2024-01-02 21:21:43','2104200178'),('2109080114','196401131985082004','TERANGTA INGAN AMIN, S.Pd','01','KEPALA SEKOLAH','2104190498','1','',NULL,'2024-08-19 13:09:25','2104220080'),('2109080115','196606261986042008','Mestikalenta Br Gurusinga, S.Pd','01','Kepala SDN 105309 Rambung Baru','2104190492','1','Pembina Tk.I','KS','2024-06-17 12:57:35','2104220074'),('2109080116','198111172005022004','NOVA YANTI, S.Pd','01','Kepala Sekolah SD N 101835 Bingkawan','2104190506','1','Pembina/IV/a','KS','2024-02-02 07:26:20','2104220088'),('2109080117','196708301996122003','AGUSTINA,S.Pd','01','KEPALA SEKOLAH SDN 105311 TAMBUNAN','2104190501','1','Pembina','KS',NULL,NULL),('2109080118','198607052019031006','SEMANGAT JONG RONI,S.Ag','02','BENDAHARA BARANG SDN 105311 TAMBUNAN','2104190501','1','Penata Muda','PB','2022-01-19 19:21:44','2104220083'),('2109080119','197009091998011002','ACHMAD BAHTIAR, M.A','01','KEPALA SEKOLAH','2104190512','1',NULL,'KS',NULL,NULL),('2109080120','198401142005022002','DEWI SARTIKA MANIHURUK','02','BENDAHARA BARANG','2104190512','1',NULL,'PB',NULL,NULL),('2109080121','198211052011012008','ROHANNA HARAHAP, S.Pd.I','01','Kepala Sekolah UPT SPF SMP NEGERI 4 LUBUK PAKAM','2104190314','1','Penata Tingkat 1','KS','2024-08-06 08:21:15','2104210057'),('2109080122','198706052019031011','JAN FRIDO DAMANIK, S.PdK','02','Pengurus Barang UPT SPF SMP NEGERI 4 LUBUK PAKAM','2104190314','1','Penata Muda','PB','2022-08-18 12:15:46','2104210057'),('2109080123','197403231996112003','Dewi Anggraini, S.Pd','01','Kepala Sekolah UPT SPF SDN 104223 Bingkawan','2104190499','1','Pembina Tingkat I - IV/a','KS','2023-07-19 19:15:32','2104220081'),('2109080124','196801082006042001','Asni Fridawati, S.Pd.K','02','Pengurus Barang UPT SPF SDN 104223 Bingkawan','2104190499','1','Penata TK.I - III/c','PB','2023-07-19 19:17:24','2104220081'),('2109080125','196109111982012020','IRIANI TARIGAN, S.Pd','01','Kepala Sekolah SDN 101810 Biru Biru','2104190400','1','Pembina Tk. I, IV/B',NULL,NULL,NULL),('2109080126','196908171993052003','JULIANA BR TARIGAN,S.Pd','01','Kepala Sekolah SD N 101814 Periaria','2104190388','1','Pembina Tk I / IV B','KS','2023-07-20 08:25:03','2104210129'),('2109080127','198103282014072002','DEVI ROSALYN BR SEMBIRING , S.Pd','01','KEPALA SEKOLAH SDN 101815 SIDODADI','2104190394','1','Penata Muda Tk.I','KS','2023-11-14 09:57:36','2104210135'),('2109080128','196912131990071002','ABU BAKAR, S.Pd','01','KEPALA SEKOLAH SDN 101808 CANDIREJO','2104190385','1','Pembina Tingkat 1','KS','2023-07-20 09:02:57','2104210126'),('2109080129','199510042019032006','ELISABETH ARITONANG,S.Pd','01','KEPALA SEKOLAH SDN 106169 KUTOMULYO','2104190392','1','Penata','KS','2023-07-20 18:38:00','2104210133'),('2109080130','197002081996121003','NGATIMAN, S.Pd','01','Kepala Sekolah SDN 101812Namo Tualang','2104190386','1','Pembina IV/a','KS','2023-03-02 04:52:11','2104210127'),('2109080131','198908302014032001','CLARA AGES DELANDA SEMBIRING, M.Pd','01','KEPALA SEKOLAH SDN 106170 AJIBAHO','2104190396','1','','KS','2023-07-16 15:34:00','2104210137'),('2109080132','196311101984042009','Arie Hermawan S.Pd','01','Kepala Sekolah SDN 101807 Candirejo','2104190384','1','','KS','2024-08-21 12:26:45','2104210125'),('2109080134','198712062009031002','ELI AMOS TARIGAN,M.Pd','01','Kepala Sekolah SDN 104217 Sidomulyo','2104190389','1','','KS','2022-06-23 14:42:53','2104210130'),('2109080135','198103102009032010','EFRIDA MARLINA, S.Pd','01','KEPALA SEKOLAH SDN 105303 RUMAH GERAT','2104190390','1','Pembina Tingkat I','KS','2023-07-21 09:53:24','2104210131'),('2109080136','196807102000032005','SURANTA,S.Ag','02','Pengurus Barang SD N 101814 Periaria','2104190388','1',NULL,'PB',NULL,NULL),('2109080137','197510252009031001','AHMAD FUAD SINAGA, S.Pd.I','02','PENGURUS BARANG SDN 106170 AJIBAHO','2104190396','1',NULL,'PB',NULL,NULL),('2109080139','19660051993011002','LINCAH','02','PENGURUS BARANG SDN 105304 SARILABA JAHE','2104190395','1',NULL,'PB',NULL,NULL),('2109080140','198702222019032007','Lidia Br Tarigan, S.Pd','02','Pengurus Barang SDN 101807 Candirejo','2104190384','1','','PB','2023-07-21 08:50:20','2104210125'),('2109080141','198407072009032015','RINA FITRIANA RANGKUTI, A.ma','02','Pengurus Barang SDN 101812 Namo Tualang','2104190386','1','Pengatur II/c ','PB','2023-03-02 04:52:02','2104210127'),('2109080142','198303282014072004','RATNA SARI DEWI LUBIS, S.Pd','02','PENGURUS BARANG SDN 105303 RUMAH GERAT','2104190390','1','Penata Muda','PB','2021-10-21 06:48:58','2104210131'),('2109080143','196607272007011003','HADI SURYA,S.Pd','02','PENGURUS BARANG SDN 106169 KUTOMULYO','2104190392','1',NULL,'PB',NULL,NULL),('2109080144','196806061990072002','RENCANA BR TARIGAN, S.Pd','01','KEPALA SEKOLAH SDN 105305 MARDINDING JULU','2104190391','1',NULL,'KS',NULL,NULL),('2109080145','196812272000032002','RASLAH BERNADETTE,S.Ag','02','PENGURUS BARANG SDN 105305 MARDINDING JULU','2104190391','1',NULL,'PB',NULL,NULL),('2109080146','197006092008011015','MUHAMMAD TAUPIK,S.Pd','01','Kepala Sekolah','2104190144','1','Pembina Tk.1 / IVa','KS','2023-06-30 14:17:40','2104200129'),('2109080148','196412311993032093','NURHAYATI, S.Pd','01','Kepala Sekolah SD 107408 Batu Layang','2104190504','1','IV/b','KS','2024-08-20 09:15:47','2104220086'),('2109090001','196608081993011005','Solikin,S.Pd,M.Psi','01','Kepala Sekolah SDN 106157 Telaga Tujuh','2104190071','1','','KS','2024-01-05 08:08:18','2104200059'),('2109090002','198107132014072004','Umratun Hasanah,S.Pd','02','Pengurus Barang','2104190071','1',NULL,'PB',NULL,NULL),('2109090003','196802101995121004','ELFIAN LUBIS, S.Pd., M.Si','01','UPT SPF SMP NEGERI 1 LUBUK PAKAM','2104190311','1',NULL,'KS',NULL,NULL),('2109090004','196912161988031003','WAGIANTO','02','UPT SPF SMP NEGERI 1 LUBUK PAKAM','2104190311','1',NULL,'PB',NULL,NULL),('2109090005','198502022011012011','TITIN SANDRA BARUS ','02','PENGURUS BARANG ','2104190399','1',NULL,'PB',NULL,NULL),('2109090006','19670728 1990112002','SUSILAWATI BR TARIGAN, S.Ag','01','Ka. UPT SPF SDN 101843 BANDAR BARU','2104190497','1','','KS','2023-07-20 00:05:01','2104220079'),('2109090007','199206152019031006','PELIN FRANSISKUS SEMBIRING, S.Ag ','02','Pengurus Barang UPT SPF SDN 101843 Bandar Baru','2104190497','1','','PB','2024-08-19 11:42:53','2104220079'),('2109090008','19641205198404 2002','AMOI, S.Pd','01','PENGURUS BARANG ','2104190399','1','','KS','2023-07-19 16:09:28','2104210140'),('2109090009','19700312 2008011020','ELIOT SITEPU, S.Pd','01','Ka. UPT SPF SDN 106173 Batu Sianggehen','2104190509','1',NULL,'KS',NULL,NULL),('2109090010','199312272022212001','GLORIA NATALIA, S.Pd','02','Pengurus Barang UPS SPF SDN 106173 Batu Sianggehen','2104190509','1','','PB','2024-08-19 12:01:04','2104220091'),('2109090011','198311172019032004','SUPRIDA HARIANI,S.Pd.I','01','Ka. UPT SPF SDN 106174 Salabulan','2104190502','1','PENATA MUDA TK.1','KS','2024-06-30 15:23:50','2104220084'),('2109090012','198405112022212004','LIDIAWATI BR TARIGAN, S.Pd','02','Pengurus Barang UPT SPF SDN 106174 Salabulan','2104190502','1','PENATA MUDA','PB','2023-07-25 11:09:36','2104220084'),('2109090013','198510282009031008','HENDRO PONIMAN, S.Pd., M.Pd','01','Kepala UPT SPF SDN 104189 KOTA DATAR','2104190016','1','Penata Tingkat I','KS','2025-01-13 09:03:13','2104200015'),('2109090014','196910262008012015','SALBIAH, S.Pd','02','Pengurus Barang UPT SPF SDN 104189 KOTA DATAR','2104190016','1','Penata','PB','2022-11-22 15:55:48','2104200015'),('2109090015','198706272022212010','FITRIA,S.Pd','01','Kepala Sekolah SDN 101910 Sidodadi','2104190554','1','Ahli Pratama /IX ','KS','2024-12-24 13:14:53','2104220136'),('2109090016','198204022005022009','LENI ANDRIANA, M.Pd','01','Kepala Sekolah SDN 101911 Sidodadi','2104190557','1','Pembina','KS','2023-07-06 09:18:32','2104220139'),('2109090017','19710104 199403 2008','RAMINTEN SITUMORANG S.Pd','01','Kepala Sekolah SD Negeri 101912 Pagar Merbau','2104190558','1','','KS','2023-12-31 10:52:16','2104220140'),('2109090019','198803162019032007','DINDA MASNIARI ,S.Pd','01','KEPALA SEKOLAH SD NEGERI 101913 PAGAR MERBAU','2104190559','1','Penata Muda Tk.I','KS','2023-12-28 21:09:07','2104220141'),('2109090020','197105052006042041','MARIANTI, S.Pd','01','KEPALA SEKOLAH SD NEGERI 106832 SUKAMANDI HULU','2104190568','1','Pembina Tingkat 1','KS','2023-11-23 09:14:11','2104220150'),('2109090021','197006111993011003','WALUYO, S.Pd','01','Kepala Sekolah','2104190561','1','','KS','2023-07-11 20:05:26','2104220143'),('2109090022','198006302005021005','BAGINDA SIREGAR S.Pd.SD','01','KEPALA UPT SPF SDN 108239','2104190569','1','','KS','2023-07-22 11:38:11','2104220151'),('2109090023','198205032005022010','TRI MELIANA SIREGAR,S.Pd','01','Kepala Sekolah','2104190563','1','Pembina/IV/a','KS','2024-08-20 08:30:21','2104220145'),('2109090024','198603072010012014','Evi Ariyanti M Sihombing, S.Pd','01','Kepala Sekolah UPT-SPF SDN 104246 Jati Baru','2104190560','1','Pembina','KS','2023-11-23 21:42:04','2104220142'),('2109090025','198106092009031008','JOHANNES INDRA, M.Pd','01','Kepala  UPT SPF SDN 105352 Pasar Miring','2104190570','1','','KS','2022-01-14 09:46:31','2104220152'),('2109090026','198007312006042031','LENNI SURIANI SIMATUPANG, S.Pd.SD','02','Pengurus Barang SDN 101911 Sidodadi','2104190557','1','Penata','PB',NULL,NULL),('2109090027','197112292010011003','RUMINCE SIMBOLON, S.Pd','02','PENGURUS BARANG SDN 106832 SUKAMANDI HULU','2104190568','1',NULL,'PB',NULL,NULL),('2109090028','197007232014072002','SITI ANAH','02','PENGURUS BARANG SD NEGERI 101913 PAGAR MERBAU','2104190559','1','Penata Muda TK 1','PB','2023-11-23 08:20:43','2104220141'),('2109090029','199003262019032007','DWI AYU LESTARIATI,S.Pd','02','Pengurus Barang SDN 101910 Sidodadi','2104190554','1','Penata / III B','PB','2025-01-22 08:41:44','2104220136'),('2109090030','197906052006041029','RISMAWAN, S.Pd','01','Kepala Sekolah','2104190439','1',NULL,'KS',NULL,NULL),('2109090031','19690315 200801 2029','RITA ARIANI S.Pd','02','Pengurus Barang SD Negeri 101912 Pagar  Merbau','2104190558','1',NULL,'PB',NULL,NULL),('2109090032','199110112019032012','PUTRI RATNA SARI,S.Pd','02','Pengurus Barang ','2104190563','1','Penata Muda','PB','2021-10-19 08:59:15','2104220145'),('2109090033','199208192019032009','FITRI ELISSA AGUSTINA YULIANDA,S.Pd','02','PENGURUS BARANG','2104190569','1',NULL,'PB',NULL,NULL),('2109090034','198509082009031003','BANI SAGIRA KESUMA, S. Pd','02','PENGURUS BARANG UPT SPF SDN 105359 SUMBERJO','2104190565','1','','PB','2025-01-22 08:28:33','2104220147'),('2109090035','196606191996122002','TAKARIATUN, S.Pd','01','Kepala Sekolah SD Negeri 105350 Perbarakan','2104190555','1','','KS','2023-11-21 09:57:00','2104220137'),('2109090036','196610271987122005','TIMANUR PASARIBU, S.Pd','02','Pengurus Barang SD Negeri 105350 Perbarakan','2104190555','1',NULL,'PB',NULL,NULL),('2109090037','199211202019032012','Krisna Wati S, S,Pd','02','Pengurus Barang UPT-SPF SDN 104246 Jati Baru','2104190560','1','Penata Muda TK I','PB','2023-11-23 21:42:14','2104220142'),('2109090038','19910422202221 1 009','MUHAMMAD SAFITRI, S.Si','02','Pengurus barang  UPT SPF SDN 105352 Pasar Miring','2104190570','1','','PB','2022-08-31 21:24:03','2104220152'),('2109090039','197011241989092002','HJ. RAHMADIAH SIREGAR, S.Ag, M.Pd','01','KEPALA SEKOLAH SD NEGERI 107404 SAMBIREJO TIMUR','2104190142','1','IV B','KS','2022-09-24 20:17:18','2104200127'),('2109090040','19691206 199403 1004','ALAMSYAH HANDOYO,S.Pd','02','PENGURUS BARANG','2104190142','1','IV B','PB','2024-01-05 08:59:44','2104200127'),('2109090041','198108082009031008','ERWINSYAH NAINGGOLAN','02','GURU','2104190375','1',NULL,'PB',NULL,NULL),('2109090042','196905172008012020','ELISANI','02','Pengurus Barang','2104190366','1','','PB','2021-12-30 11:55:19','2104210107'),('2109090043','196505051992032018','SUSRIATI , S.Pd','02','Guru','2104190370','1','Pembina Tk. I','PB','2023-11-20 09:55:04','2104210111'),('2109090044','199201012015082001','DEWI LESTARI, S.Pd','02','Guru','2104190367','1','Penata Muda Tingkat I / III b','PB',NULL,NULL),('2109090046','199109132019031007','HERI SEPTIAN BERUTU, S.Ag','02','Guru','2104190369','1','Penata Muda','PB',NULL,NULL),('2109090047','199501312019032012','FEBRYANTY SILITONGA, S.Pd','02','Guru','2104190371','1','Penata Muda','PB',NULL,NULL),('2109090048','199409072019032007','RUMINDANG SIANTURI,S.Pd','02','Guru','2104190379','1','Penata Muda TK.I','PB','2024-08-08 22:23:35','2104210120'),('2109090049','19700705 200801 2 03','RITA ZAHARA.S.Pd','02','PENGURUS BARANG ','2104190373','1','','PB','2021-12-30 11:44:24','2104210114'),('2109090050','197002092008012024','Elfiska Kurniawaty, S.Pd','02','Guru ','2104190377','1','Pembina','PB','2021-12-31 06:30:25','2104210118'),('2109090051','199110212019032009','EVIE LUSIANI BR SIBARANI, S.Ag','02','GURU','2104190374','1','Penata Muda','PB','2023-07-15 23:08:18','2104210115'),('2109090052','196909141991021003','MENAM SEMBIRING','02','GURU','2104190380','1','PEMBINA','PB','2021-12-30 12:41:53','2104210121'),('2109090053',' 197208192022212005','NENI TRIYUSMIDARTI, S.Pd','02','Guru','2104190376','1','Penata Muda','PB','2024-08-19 11:53:31','2104210117'),('2109090054','198904212022212008','Putri Rahmadani Hasibuan,S.Pd','02','Pengurus Barang','2104190365','1','Pembina','PB','2023-07-26 08:37:15','2104210106'),('2109090056','196805031987122005','NURJANNAH, S.Pd.I','01','Kepala Sekolah SDN 106181 Sukamandi Hilir','2104190566','1','','KS','2021-10-13 14:08:41','2104220148'),('2109090057','196807202007012034','SARMI SIDAURUK, S.Pd','02','Bendahara SDN 106181 Sukamandi Hilir','2104190566','1','','PB','2024-08-20 21:39:59','2104220148'),('2109100001','197910052006041006','BAHTRA INGANTA, S.Pd','01','Kepala Sekolah UPT SPF SDN 101839 Batu Sanggehen','2104190495','1','III/d','KS','2023-07-20 10:23:44','2104220077'),('2109100002','199005062019031002','Pransiskus Sembiring, S.Pd','02','Bendahara Barang UPT SPF SDN 101839 Batu Sanggehen','2104190495','1','III/b','PB','2024-08-05 17:06:21','2104220077'),('2109100003','198106102021212003','DINGIN SEMBIRING, S.Pd','02','PENGURUS BARANG','2104190498','1','','PB','2024-08-19 13:13:43','2104220080'),('2109100004','196605031990032016','Wildalistati Harahap, S.Pd','01','Ka UPT SPF SMP Negeri 3 Kutalimbaru Satu Atap','2104190447','1','','KS','2021-10-22 16:01:50','2104220029'),('2109100005','199209242019031014','M Mahfuz Tanjung, S.Pd.I','02','Pengurus Barang','2104190447','1',NULL,'PB',NULL,NULL),('2109100006','196602011992032013','RAWATI, S.Pd','01','Kepala UPT SPF SDN 101966 Pertangguhan','2104190580','1','IV B','KS','2024-08-20 07:32:06','2104220162'),('2109100007','198011252022212019','Nurimah Fatmasari Nasution, S.Pd','02','Guru','2104190378','1','Penata Muda','PB','2023-11-20 10:58:36','2104210119'),('2109100008','196804221993052001','PURISKA SITUMORANG, S.Pd','01','Kepala UPT SPF SD NEGERI 101752 KLAMBIR LIMA','2104190063','1','Pembina Utama Muda / IV-C','KS','2025-06-29 12:04:46','2104200070'),('2109100009','196412181986041002','Biman, S.Pd','01','Ka. UPT SPF SDN 106163 Bandar Klippa','2104190128','1','Pembina TK. I / IV b','KS','2022-02-07 20:35:20','2104200115'),('2109110001','19641112 198604 2008','NASIBTA BR SEMBIRING S.PAK','01','KEPALA SEEKOLAH SDN 101811','2104190398','1','Pembina Tingkat I','KS','2023-07-21 06:27:31','2104210139'),('2109110002','19740929200001009','RENO GURUSINGA ','02','BENDAHARA','2104190398','1','Penata Tingkat I','PB','2024-08-20 06:50:54','2104210139'),('2109110003','197101211992032005','ASMAH,S.Pd','01','Kepala UPT SPF SDN 106800','2104190026','1','Pembina Tk I','KS','2023-11-26 14:21:29','2104200047'),('2109110004','196802151988072003','Rosmawati Matondang, S.Pd','02','Pengurus Barang UPT SPF SDN106800','2104190026','1','Pembina','PB','2023-11-26 14:20:22','2104200047'),('2109110005','196705041992031017','SAYUS, S.Pd','01','Kepala UPT SPF SDN 106153 Klambir Lima','2104190008','1',NULL,'KS',NULL,NULL),('2109110006','196508041987012005','SUMARNI, S.Pd','02','Pengurus Barang UPT SPF SDN 106153 Klambir Lima','2104190008','1',NULL,'PB',NULL,NULL),('2109120001','196809281976021003','DRS. MUSIMIN, M.Si','01','Kepala Sekolah','2104190338','1','IV-C','KS','2022-11-18 09:17:45','2104210079'),('2109130001','19650803 198807 1005','AHMAD, S.Pd','01','KEPALA UPT SPF SD NEGERI 104190 PALUH KURAU','2104190017','1',NULL,'KS',NULL,NULL),('2109130002','197503302022211001','BAHTIAR, S.Pd','02','PENGURUS BARANG UPT SPF SDN 104190','2104190017','1','','PB','2024-08-29 17:53:51','2104200017'),('2109140001','198204032011011005','INDRA PARDAMEAN RAMBE, S.Pd','01','Kepala UPT SPF SDN 101747 Klumpang Kebun','2104190004','1','III/d','KS','2023-08-02 12:14:45','2104190004'),('2109140002','199402082019032010','TRIA HANDAYANI, S.Pd','02','Pengurus Barang UPT SPF SDN 101747 Klumpang Kebun','2104190004','1','Penata Muda Tk I','PB','2025-01-13 10:16:11','2104190004'),('2109140003','197907222014071001','BAMBANG RAHMADI, S.PdI','01','KEPALA SEKOLAH SDN 107423 TANJUNG GARBUS','2104190556','1','Penata / III C','KS','2023-08-03 10:56:39','2104220138'),('2109140004','196712312007012309','ERNI SITORUS, S.Pd','02','PENGURUS BARANG','2104190556','1',NULL,'PB',NULL,NULL),('2109150001','196608011986041002','SUHENDRO ASTOPO,S.Pd','01','Kepala Sekolah SDN 106786','2104190183','1','Pembina IVB','KS',NULL,NULL),('2109160001','196705151988072002','NURHIDAYATI,S.Pd.I','01','KEPALA UPT SPF SD NEGERI 105267 SEI MENCIRIM','2104190188','1','Pembina Tk.1 / IVb','KS','2022-01-10 23:48:47','2104200180'),('2109160002','196902012001032002','Atimina Telaumbanua, S.Th','02','Guru','2104190187','1',NULL,'PB',NULL,NULL),('2109160003','198005222010011012','Heryanta Ivo Bukit, S.Pd.','01','Kepala Sekolah','2104190187','1',NULL,'KS',NULL,NULL),('2109160004','196412311986042053','Hj. JURAINI, S.Pd, MM','01','KEPALA RUANG SDN 104254 SIDODADI RAMUNIA','2104190335','1','Pembina tk.I/  IV/B','KS','2023-07-20 08:18:52','2104210076'),('2109160005','197906052014072003','JULIANI, S.Pd','02','PENGURUS BARANG','2104190335','1','Penata Muda tk.I/  III/B','PB','2023-07-20 08:20:07','2104210076'),('2109160006','196212231982012010','PARIDA PAKPAHAN, S.Pd','01','Kepala Sekolah','2104190186','1','IV/b','KS','2023-07-07 11:52:10','2104200175'),('2109160007','197401142014072002','SUSANNA BR MUNTE, S.Pd','02','Penanggung Jawab Barang','2104190186','1',NULL,'PB',NULL,NULL),('2109160008','197004282008012015','Rauli Nababan,S.Pd','01','Kepala UPT SPF SDN 101894 Bangun Sari Baru','2104190229','1','PENATA / III D','KS','2022-10-05 13:22:09','2104200205'),('2109160009','197707242022212003','LAMRIA TUMANGGOR,S.Pd','02','Pengurus Barang SDN 101894 Bangun Sari Baru','2104190229','1','IX','PB','2023-07-13 10:19:08','2104200205'),('2109160010','197712152014072001','LILIANA RIZKI, S.Pd','02','Pengurus Barang','2104190177','1',NULL,'PB',NULL,NULL),('2109160011','19790414 2010011012','SUPARMAN,S.Pd','01','KEPALA UPT SPF SD NEGERI 106787 SUKAMAJU','2104190184','1','Penata Tk I / III d','KS','2022-01-10 23:46:43','2104200171'),('2109170001','196610011988032018','SUGIANI, S.Pd','02','Kepala Ruangan SDN 106797 Bulu Cina','2104190044','1','Pembina Tk I','PB','2021-10-16 09:37:45','2104200034'),('2109170002','-','MELIYANA PRATIWI, S.Pd','02','PENGURUS BARANG','2104190474','1','-','PB','2022-02-08 12:07:41','2104220056'),('2109170003','198906042014032001','RIZKI AULIA ELISSA S.Pd,M.Pd','01','SD N 101877 TANJUNG MORAWA','2104190255','1',NULL,'KS',NULL,NULL),('2109170004','199510152019032009','AISYA S.Pd','02','SD N 101877 TANJUNG MORAWA','2104190255','1',NULL,'PB',NULL,NULL),('2109170005','197204182000032001','RIADAH NOVITA,S.Pd','01','Kepala Sekolah  SDN 101822 Pancur Batu','2104190461','1','','KS','2023-08-16 08:50:51','2104220043'),('2109170006','197007041993051002','PELIPUS,S.Pd','01','KEPALA SEKOLAH SDN 106820 KAMPUNG BARU','2104190473','1','Pembina TK I','KS','2023-07-28 10:21:51','2104220055'),('2109170007','1966022331987121002','KARDON,S.Pd','01','KEPALA SEKOLAH UPT SPF SDN 105306 KERIAHEN TANI','2104190453','1',NULL,'KS',NULL,NULL),('2109170008','198307042006042006','RAHMAWATI, S.Pd','01','Kepala SDN 101826 Tuntungan','2104190464','1','Penata Tk I','KS','2024-08-22 08:51:58','2104220046'),('2109170010','197905102009031013','AMIR HUSIN, S.Pd.I','01','Kepala Sekolah SDN 101824 Durian Simbelang','2104190462','1','','KS','2022-02-21 13:10:34','2104220044'),('2109170011','197206042006042028','ERTINA BR BUKIT ,S.Pd','01','KEPALA SEKOLAH SDN 106819 SALAM TANI','2104190472','1','Pembina','KS','2023-07-20 14:16:58','2104220054'),('2109170012','196608141988072003','SURUNG SIGIRO, S.Pd','01','Kepala Sekolah SDN 105307 Sukaraya','2104190452','1','Pembina TK I / IV B','KS','2023-07-22 09:31:55','2104220034'),('2109170013','198110312003122001','SUCI ASMIKA, S.Pd','01','Kepala SDN 106172 Tuntungan','2104190471','1','','KS','2023-07-22 21:00:00','2104220053'),('2109170014','196607031987122003','HELEN NAINGGOLAN, S.Pd','01','Kepala sekolah SDN 101829 Gelugur Kebun ','2104190467','1','Pembina Tk.I , IV/b','KS','2023-07-31 08:41:44','2104220049'),('2109170015','198208112011012002','YANTI GINTING, S.Pd.I','01','KEPALA SEKOLAH SDN 101819 PANCUR BATU','2104190459','1','Penata Tk.1','KS','2023-07-19 20:46:39','2104220041'),('2109170016','196912262008012013','Rusmini, S.Pd','01','Kepala Sekolah SDN 106171 Gunung Tinggi','2104190457','1',NULL,'KS',NULL,NULL),('2109170017','197003181992032005','HAMIDAH NASUTION,S.Pd','01','Kepala Sekolah SD Negeri 104221 Desa Hulu','2104190450','1','Pembina TkI, IV/b','KS','2023-01-13 12:10:41','2104220032'),('2109170018','197408012000032003','KASMIWATI BR SEMBIRING','02','PENGURUS BARANG SDN106820 KAMPUNG BAR','2104190473','1',NULL,'PB',NULL,NULL),('2109170019','197404302014072001','RINAWATI BR TARIGAN,S.Pd','02','PENGURUS BARANG SDN 106819 SALAM TANI','2104190472','1',NULL,'PB',NULL,NULL),('2109170020','199608072019032005','Safta Agus Regina, S.Pd','02','Pengurus Barang SDN 106171 Gunung Tinggi','2104190457','1',NULL,'PB',NULL,NULL),('2109170021','196801061992031005','RENO GINTING','02','Pengurus Barang SDN 101822 Pancur Batu','2104190461','1',NULL,'PB',NULL,NULL),('2109170022','198308032014072001','DESI SURANITA','02','PENGURUS BARANG UPT SPF SDN 105306 KERIAHEN TANI','2104190453','1',NULL,'PB',NULL,NULL),('2109170023','199209062022212012','YERI KARNI GULO, S.Pd','02','Pengurus Barang SDN 105307 Sukaraya','2104190452','1','IX','PB','2023-12-28 10:28:17','2104220034'),('2109170024','196807112007012028','FADHI RAHMAH HARAHAP, S.Pd.AUD','02','PENGURUS BARANG SDN 101819 PANCUR BATU','2104190459','1','Penata','PB',NULL,NULL),('2109170025','197612012009032004','Rosmawati, S.Pd','02','Pengurus Barang SDN 106172 Tuntungan','2104190471','1',NULL,'PB',NULL,NULL),('2109170027','196410101984042001','ELISABETH BR TARIGAN,S.Pd','01','Kepala Sekolah','2104190469','1','Pembina Tk.I','KS','2022-01-18 09:21:18','2104220051'),('2109170028','197005242000032004','IDA SAPRINA BR SITEPU, S.Ag','02','Pengurus Barang SD Negeri 104221 Desa Hulu','2104190450','1','Pembina Tk.I, IV/b','PB','2023-12-14 10:03:12','2104220032'),('2109170029','199503262019032008','Dewi Puspita Sary, S.Pd','02','Pengurus Barang SDN 101829 Gelugur Kebun ','2104190467','1','Penata Muda, III/a','PB','2022-02-08 08:10:03','2104220049'),('2109170030','196603101986042002','YUSNA DALILLA, S.Pd','02','Pengurus Barang SDN 101824 Durian Simbelang','2104190462','1','PEMBINA TINGKAT I','PB','2024-08-14 09:31:07','2104220044'),('2109170031','196702031991031015','PUJI, S.Pd','01','KEPALA SEKOLAH SDN 104219 TANJUNG ANOM','2104190456','1','Pembina Tingkat I','KS',NULL,NULL),('2109170032','196907222008012020','SUSILAWATI, S.Pd','02','Pengurus Barang SDN 101826 Tuntungan','2104190464','1','Penata Tk I','PB',NULL,NULL),('2109170033','199005162019032005','EMILIA ARIANTI, S.Pd','02','PENGURUS BARANG SDN 104219 TANJUNG ANOM','2104190456','1','Penata Muda','PB','2023-07-21 09:28:52','2104220038'),('2109170034','196509031986042009','WAGINI,S.Pd.I','01','Kepala Sekolah','2104190448','1','Pembina Tk 1 / IV b','KS','2023-07-20 15:37:14','2104220030'),('2109170035','196706131989092002','MARINTAN SILITONGA, S.Pd','01','Kepala Sekolah SD Negeri 101830 Tanjung Selamat','2104190455','1','Pembina Tingkat I','KS','2023-07-28 08:47:14','2104220037'),('2109170036','19630516 987032015','HERAWATI BR BUKIT,S.Pd','02','Pengurus Barang','2104190448','1','Pembina Tk 1 /IV b','PB','2023-11-14 12:14:35','2104220030'),('2109170037','197110142006042001','JOHANNY, S.Pd.K','02','Pengurus Barang SD Negeri 101830 Tanjung Selamat','2104190455','1','Penata Tingkat I','PB','2023-07-28 10:36:10','2104220037'),('2109170038','196708241988042003','AGUSTINA,S.Pd','01','kepala sekolah','2104190460','1','Pembina Utama Muda','KS','2025-01-04 18:15:12','2104220042'),('2109170039','198008192003122009','TETI AGUSTINA SITEPU, S.Pd','02','PENGURUS BARANG','2104190460','1','Pembina','PB','2023-05-15 09:27:00','2104220042'),('2109170040','196507211986042004','SYAHRIANI, S.PdI','01','UPT SPF SD NEGERI 101821 PANCUR BATU','2104190454','1','Pembina Utama Muda (IVc)','KS','2023-03-15 07:42:08','2104220036'),('2109170041','196601172007012023','EVA JULIANI, S.Pd','02','Pengurus Barang','2104190454','1','Penata (III c)','PB','2023-02-10 16:45:36','2104220036'),('2109170042','197102101994121002','SARIFUDDIN,S.Pd','01','Kepala Sekolah SD Negeri 105273','2104190191','1','Pembina Tk.I','KS','2023-07-12 10:46:00','2104200172'),('2109170043','196712261993022001','Ratna Juita Nadeak,S.Pd','02','Pengurus Barang SDN 105273','2104190191','1','Pembina Tk I','PB','2023-07-12 10:46:09','2104200172'),('2109170044','196512311994032060','Dra. TIARMA BR SEMBIRING','01','KEPALA SEKOLAH SDN 101823 BEKALA','2104190475','1','Pembina Tk.I','KS','2023-07-25 12:48:43','2104220057'),('2109170046','1974092120222120005','INGANTA P SAMURA, S.Pd ','02','BENDAHARA BARANG','2104190486','1','IX','PB','2023-08-08 10:57:12','2104220068'),('2109170047','196506041993032008','MARIAH MARLAN ,S.Pd ','01','KEPALA SEKOLAH SD NEGERI NO.108075 DELI TUA BARAT','2104190486','1','IV B','KS','2023-08-08 10:57:34','2104220068'),('2109170048','196903061994122004','NURGANTINA BR KARO, S.Pd','02','PENGURUS BARANG','2104190475','1','Pembina','PB',NULL,NULL),('2109170049','198206302009032007','JENNY TARIGAN,S.Pd','02','Pengurus Barang','2104190469','1','Penata','PB',NULL,NULL),('2109170050','19810221 200903 1002','SUPRIADI, S Pd','01','Kepala Sekolah SD N 104205 TEMBUNG','2104190114','1','PEMBINA','KS',NULL,NULL),('2109170051','19731110 1996112002','ROSNAH NASUTION, S Pd','02','Pengurus Barang SD N 104205 TEMBUNG','2104190114','1','Pembina Tk. I','PB',NULL,NULL),('2109170052','197007251994122004','HEFFI SIREGAR, S.Pd','01','Kepala SD Negeri 101770 Tembung','2104190083','1','Pembina Tk.I','KS','2022-03-22 11:43:16','2104200071'),('2109170053','196511011986041004','GIMAN, S.Pd','01','Kepala UPT SPF SDN 101828 Gelugur Kebun','2104190466','1','IV/B','KS','2023-07-21 14:35:54','2104220048'),('2109170054','197805032008012031','ARMEIDA SARI, S.Pd','02','Pengurus Barang SDN 101828 Gelugur Kebun','2104190466','1','III/D','PB','2023-07-21 14:38:13','2104220048'),('2109170055','196910231993061002','Sahrun, S.Pd','01','Kepala Sekolah SD Negeri 104224 Ujung Deleng','2104190500','1','Pembina Tk.I, IV/b','KS','2023-07-20 03:24:41','2104220082'),('2109170056','199305102022212003','Maya Sari Br Ginting, S.Pd','02','Pengurus Barang SD Negeri 104224 Ujung Deleng','2104190500','1','IX','PB','2024-08-05 11:06:27','2104220082'),('2109170057','196505041986042007','Dra. Hj. SAHRO','01','Kepala Sekolah SDN 101791 Patumbak Kampung','2104190369','1','Pembina Tk. I','KS',NULL,NULL),('2109170058','197007061994032010','ELIDA IRAWATI HASIBUAN, S.Pd','01','KEPALA SEKOLAH SDN 101797','2104190481','1','PEMBINA TK.I/IV-B','KS','2023-07-28 11:51:49','2104220063'),('2109180001','196708082000032003','SUNIAH, S.Pd','01','KEPALA UPT SPF SDN 101760 BULU CINA','2104190051','1','IV B','KS','2023-07-30 14:28:21','2104200042'),('2109180002','198510082022212020','EVA YANTI, S.Pd','02','Pengurus Barang','2104190051','1','IX','PB','2024-09-04 11:30:59','2104200042'),('2109180003','198809192022212001','PERTIWI, S.Pd','02','Bendahara BOS','2104190338','1','IX ( Sembilan )','PB','2022-11-18 09:17:24','2104210079'),('2109180004','196711011988032005','EMIWATI, S. Pd','01','Kepala Sekolah SDN 101771 Tembung','2104190103','1','Pembina Tingkat I ','KS','2022-02-07 23:12:18','2104200093'),('2109180005','198105012008012035','PUSPA INDAH SIREGAR, S. Pd','02','Guru Kelas','2104190103','1','Penata Muda Tingkat I','PB',NULL,NULL),('2109180006','196906192001031003','SUDARMAN, S.Pd','01','Kepala UPT SPF SDN 101788 Marindal','2104190367','1','Pembina / IV a','KS',NULL,NULL),('2109180007','196104121982012020','SIPI ARITHA, S.PAK','02','Bendahara SDN 101810 Biru Biru','2104190400','1','Pembina , IV/A',NULL,NULL,NULL),('2109180008','197002152007012042','RUSNAULI SINAGA','02','SARANA PRASARANA','2104190220','1','IV-A','PB',NULL,NULL),('2109180009','196801072007011030','WAHIDIN HAMID, S.Pd','01','KEPALA SEKOLAH ','2104190531','1','III d','KS','2022-11-20 12:32:05','2104220113'),('2109180010','196609011987122003','MURNI','02','PENGURUS BARANG ','2104190387','1','PEMBINA','PB',NULL,NULL),('2109180011','198506212014072002','MUSTIKA DELIMAWATY,SPd','01','KEPALA SEKOLAH ','2104190387','1','PENATA','KS',NULL,NULL),('2109180012','197103092006041019','EDI SISWANTO, S.PdI','02','Guru SDN 101903 Bakaran Batu','2104190285','1','Pembina','PB','2023-01-06 08:56:12','2104210026'),('2109180013','198010052003122004','KAMIDAH, S.Pd','02','PENGURUS BARANG SDN 101815 SIDODADI','2104190394','1','Penata III/c','PB',NULL,NULL),('2109180014','196505011987032020','SUMAININGSIH,S.Pd','01','Kepala UPT SPF SD Negeri 101879 Kanan II Buntu Bedimbar','2104190247','1','Pembina TK I/  IV/B','KS','2023-11-21 08:04:24','2104200237'),('2109180015','198708202022212013','SISKA PERIHERMINTA HUTAPEA, S.Pd','02','Pengurus Barang ','2104190258','1','AHLI PERTAMA','PB','2023-07-27 10:41:17','2104200243'),('2109180016','199007292015032003','MUTIARA LUBIS, S.Pd','01','Kepala Sekolah SD Negeri !01885 Kiri Hilir','2104190258','1','PENATA','KS','2023-11-20 09:34:13','2104200243'),('2109180017','196702181986042003','ROSNENY, S.Pd','02','PENGURUS BARANG','2104190504','1','IV/b','PB','2023-01-05 08:06:01','2104220086'),('2109180018','198707302011012013','ELSI MAYA SARI,S.Pd','01','Kepala Sekolah UPT SPF SDN 105330 ','2104190239','1','Penata Tingkat 1','KS','2022-05-09 11:09:50','2104200225'),('2109180019','196609142007011031','ANWAR LUBIS,S.PdI','01','Kepala Sekolah SDN 101876','2104190223','1','Pembina','KS',NULL,NULL),('2109180020','198212262005022008','NUR WAHYUNI, S.Pd ','01','Kepala Sekolah Sdn.101833','2104190505','1','Penata IV/a','KS','2023-07-04 13:59:12','2104220087'),('2109180021','198212022022211004','BUDIMAN,SE','02','Bendahara Barang SDN 101876','2104190223','1','','PB','2022-10-05 10:37:06','2104200214'),('2109180022','197808042024212001','KRISNAWATY, S.Pd','02','Pengurus Barang SDN,101833 SIBOLANGIT','2104190505','1','IX','PB','2024-12-15 18:41:54','2104220087'),('2109180023','198404232009031001','Manaek Tua Siahaan, S.Pd','01','Ka. UPT SPF SDN 107418 Bangun  Sari Baru','2104190272','1','Penata TK I','KS','2022-08-29 08:15:02','2104210013'),('2109180024','196712142007012029','Delsiana Rosali Ravitta, S.Pd','02','Pengurus Barang','2104190492','1','Penata Tk 1','PB','2022-11-15 21:32:42','2104220074'),('2109180025','198809082022212015','Delima Mayasari, S.Pd.,Gr','02','Pengurus Barang','2104190272','1','IX (PPPK)','PB','2024-08-31 12:18:15','2104210013'),('2109180026','197102202005022002','LISBET SINAGA,S.Pd','01','Kepala Sekolah','2104190190','1','Penata','KS','2024-01-11 09:32:17','2104200170'),('2109180027','196601261986042004','NURAMINAH,S.PdI','01','Kepala UPT SDN 105328 DAGANG KERAWAN','2104190268','1','Pembina TK I',NULL,NULL,NULL),('2109180028','196903022008012024','SUMIATI, S.Pd','01','Kepala Sekolah SDN 106785 Sei Semayang','2104190182','1','Pembina IVb','KS','2023-07-17 09:02:03','2104200167'),('2109180029','198402122022212024','Melisa Jaya Soni, S.Pd','02','Penanggung Jawab Barang','2104190182','1','IX','PB','2022-08-31 12:08:20','2104200167'),('2109180030','196502052006041015','SUMARDI,S.Pd','02','Bendahara Sekolah','2104190188','1','Pembina / IVa','PB','2024-03-21 09:23:15','2104200180'),('2109180031','196804011992031016','JULIUS PURBA,S.Pd','01','KEPALA UPT SPF SDN 105317 LAU BARUS ','2104190522','1','IV B ','KS',NULL,NULL),('2109180032','199207222019032011','RIDHA HUTAMI ,S.Pd,M.Pd','02','Pengurus barang ','2104190239','1','Penata Muda ','PB','2023-01-17 08:09:41','2104200225'),('2109180033','196903102014072002','Else Romaida Br Sipayung, S.Pd','01','Kepala Sekolah ','2104190494','1','Penata III/c','KS','2022-11-16 10:31:57','2104220076'),('2109180034','199501222022212004','Septriani Sembiring, S.Pd','02','Pengurus Barang','2104190494','1','IX','PB','2023-07-20 20:05:35','2104220076'),('2109180035','198505162014072002','DELI MURNI S.Pd','01','KEPALA SEKOLAH SDN 107412 SIMADAMADA','2104190528','1','IIIB','KS','2023-08-06 15:01:42','2104220110'),('2109180036','196912152008012024','MURNIATI, S.Pd','02','PENGURUS BARANG','2104190481','1','PENATA/III-D','PB','2022-05-16 23:09:05','2104220063'),('2109180037','196901291993012003','RAWATI SITORUS, MPd','01','Kepala Sekolah SD Negeri 101883','2104190248','1','Pembina Tk.I','KS',NULL,NULL),('2109180038','196807142007011044','BUDI SUPARDI HARAHAP','02','Pengurus Barang','2104190248','1','Penata Tk.I','PB',NULL,NULL),('2109180039','198608122009032010','LIES NADRA HARAHAP, S.Pd','01','KEPALA SEKOLAH SD NEGERI 104237 DALU X B','2104190233','1','PENATA TK I','KS','2024-01-12 10:45:28','2104200211'),('2109180040','199511062022212010','WULANTRIA HANDAYANI, S.Pd','02','PENGURUS BARANG','2104190233','1','IX','PB','2024-08-24 10:43:20','2104200211'),('2109180041','197009192008012024','ROSNA HERAWATI SORMIN, S.Pd','01','Kepala Sekolah SDN 104212 Marindal II','2104190371','1','Pembina','KS','2024-01-05 08:42:57','2104210112'),('2109180042','197202232006041015','MUHAMMAD JAILANI, M.Pd.I','01','Kepala Sekolah SDN 107398 Sei Rotan','2104190138','1','IVb','KS','2022-02-07 20:39:20','2104200126'),('2109180043','196806301990122003','WIHARNI, S.Pd.I','02','Guru Agama Islam','2104190138','1','IVb','PB','2023-01-12 08:10:52','2104200126'),('2109180044','19650517 1986041005','TOMSON,S.Pd','01','KEPALA UPT SPF SDN INPRES 9596 BANGUN REJO','2104190253','1','Pembina TK  I,IV/b','KS',NULL,NULL),('2109180045','19710706 1992032009','ZULPLITA KARYAWATI PURBA, M.Pd','01','Kepala SDN 104238 Telaga Sari','2104190234','1','Pembina TK I','KS',NULL,NULL),('2109180046','198504252019032009','NURHAFNI S.Pd.SD','02','Pengurus Barang','2104190253','1','Penata Muda, III/a','PB',NULL,NULL),('2109180047','197211012000031008','Aris Sentosa Malau, S.Pd','01','Kepala Sekolah','2104190508','1','Penata Tk. I','KS','2023-07-20 08:55:59','2104220090'),('2109180050','199302092019032006','FITRI HANDAYANI KELIAT, S.Pd','02','PENGURUS BARANG','2104190155','1','PENATA/ III-A','PB',NULL,NULL),('2109180051','196510201997012001','ONTONIERLI SIMATUPANG,S.Pd','01','Kepala Sekolah SDN 101875 B.Meriah','2104190216','1','Golongan IV/b Pembina TK.I','KS',NULL,NULL),('2109180052','196505121987012004','SULASTINI, S.Pd','02','Pengurus Barang SDN 101875 B.Meriah','2104190216','1','Golongan IV/b Pembina Tk. I','PB','2022-01-17 20:35:31','2104200199'),('2109180053','197101261992032006','Enidawati, S.Pd','01','Kepala Sekolah SDN 101895 BANGUN SARI','2104190249','1','Guru Madya','KS',NULL,NULL),('2109180054','196810182007012022','Martina Tarigan,S.Pd','02','Pengurus Barang','2104190249','1','Guru Muda','PB',NULL,NULL),('2109180055','198108152009031010','GUNUNG MUHAJIR  HARAHAP, S.Pd','01','KA. UPT SPF SDN 106798','2104190011','1','Pembina Tk I, III/D','KS','2023-11-14 22:44:01','2104200006'),('2109180056','197106281993012002','NURHAYATI, S.Pd','02','Penjaga Barang','2104190011','1','Pembina Tk,I. IV/b','PB','2024-02-01 22:14:29','2104200006'),('2109180057','196510051987032025','ELIANA SURBAKTI,S.Pd','02','Pengurus Barang','2104190183','1','Pembina ','PB',NULL,NULL),('2109180058','198403032019032015','KURNIATI,S.Pd','02','GURU KELAS','2104190522','1','III B','PB','2024-08-28 13:51:45','2104220104'),('2109180059','197606242008012021','Julinah Erawati Siregar, S.Pd.I, M.Pd','01','Kepala UPT SPF SDN 106815 Marindal I','2104190377','1','Pembina','KS',NULL,NULL),('2109190001','196706062001031009','ABDUL HARIS, S.Pd','01','Kepala SD Negeri 105331 Punden Rejo','2104190250','1','Penata','KS','2023-07-13 12:06:39','2104200229'),('2109190002','196508252007011025','BUDIYONO, S.Pd.I','02','GURU','2104190250','1','Penata Muda Tingkat I','PB',NULL,NULL),('2109190003','197311022006042020','Suryati, S.Pd','01','Kepala UPT SPF SDN 101751 Klambir Lima','2104190031','1','Penata Tk. I, III/d','KS','2023-08-03 12:02:22','2104200021'),('2109190004','199104082022212015','Lia Afriana Sari, S.Pd','02','Pengurus Barang UPT SPF SDN 101751 Klambir Lima','2104190031','1','IX','PB','2024-08-20 17:29:50','2104200021'),('2109190005','198002282006042032','FARIDA KUMALASARI, M.Pd','01','Kepala SDN 106165 Marindal I','2104190374','1','Pembina Tk. I','KS','2024-11-10 22:28:02','2104210115'),('2109190006','197207062022212002','HABSAH, S.Pd','02','Guru Kelas UPT SPF SDN Inpres Paluh Makna','2104190002','1','Penata Muda','PB','2023-07-17 14:06:00','2104190002'),('2109190007','196911101997021005','Drs. MULAIDI','01','Kepala SMP Negeri 7 Percut Sei Tuan','2104190153','1','Pembina Tk.I, IV/B','KS',NULL,NULL),('2109190008','196909261995122004','Dra. RISNA WAHYUNI, MA','01','Kepala SMP Negeri 1  Labuhan Deli','2104190079','1','Pembina Tk. I IV/B','KS','2023-07-17 08:35:03','2104200061'),('2109190009','197608312000032003','Nursiam,S.Pd.,M.Pd','01','Kepala Sekolah SDN 107417 Sei Merah','2104190274','1','Pembina Tingkat 1','KS',NULL,NULL),('2109190010','198801012019032008','Fitriani,S.Pd','02','Bendahara SDN 107417 Sei Merah','2104190274','1','Penata Muda','PB',NULL,NULL),('2109190011','196608281987122004','Hariyah,S.Pd.I','01','Kepala Sekolah SD Negeri 101884 Limau Manis','2104190257','1','Pembina Tingkat I','KS',NULL,NULL),('2109190013','19640510 198903 1007','PERSAMANTA KARO KARO, S.Pd','01','Kepala Sekolah SMP Negeri 4 Satu Atap Sunggal','2104190199','0','Pembina Tk.I/ IV/b',NULL,'2022-11-10 12:11:57','2104200182'),('2109190014','19740410 200801 1024','KHAIRUL AMRI, S.Pd','02','PENGURUS BARANG','2104190199','0','Guru Muda/ III/d',NULL,'2023-07-10 10:23:42','2104200182'),('2109190015','196602151986112003','Dra. FITRIANI','01','Kepala Sekolah SD Negeri 105325 Dalu X A','2104190266','1','Pembina TK.I','KS','2023-11-21 11:53:51','2104210008'),('2109190016','197111062006042019','RATMINI, S.Pd','02','Bendahara Barang SD Negeri 105325 Dalu X A','2104190266','1','Penata TK.I','PB',NULL,NULL),('2109190017','19690428 1993031007','SUMIARNO, S.Pd, M.Si','01','Kepala Sekolah SD Negeri 101764 Bandar Klippa','2104190084','1','Pembina Tingkat I ','KS','2023-07-17 12:58:18','2104200073'),('2109190018','197503262008012013','TETY RISNAWATY, S.Ag','01','Kepala UPT SPF SD Negeri 101742','2104190060','1','Pembina','KS','2025-01-12 19:57:42','2104200050'),('2109190019','196601051988031029','SUTRISNO, S.Pd','02','Pengurus Barang','2104190060','1','Pembina','PB','2025-01-11 08:02:21','2104200050'),('2109190020','197303171996112004','PURNAMAWATI,M.Pd','01','Kepala Sekolah UPT SPF SDN 106809 Kolam','2104190146','1','IV-b','KS','2025-01-09 23:40:27','2104200131'),('2109190022','198412292019032010','LATA DUSEDUDELEM,S.Pd','02','Bendahara Barang SDN 104217 Sidomulyo','2104190389','1','','PB','2022-06-29 12:22:36','2104210130'),('2109190023','198603072022212020','DINI SETIAWATI,S.Pd','02','Pengurus Barang ','2104190146','1','IX','PB','2024-01-04 22:53:13','2104200131'),('2109190024','197503202024212001','EURIAH LAMANI, S.Pd','01','Kepala Sekolah SD Negeri 101743','2104190045','1','Guru Madya','KS','2024-12-21 13:31:51','2104200035'),('2109190025','196503012006042007','SRI HARIYATI, S.Pd','02','Pengurus Barang SD Negeri 101743','2104190045','1','Guru Madya','PB','2023-11-28 08:49:58','2104200035'),('2109190027','197612262008012015','ETIKA SARI S.Pd','01','KEPALA SEKOLAH SD NEGERI 101767 TEMBUNG','2104190101','1','Penata III/C','KS','2023-07-13 11:15:11','2104200090'),('2109190028','1981111062003122005','SRI WAHYUNITA LUBIS, S.Pd','02','BENDAHARA BARANG SD NEGERI 101767 TEMBUNG','2104190101','1','Penata  III/C','PB','2024-08-07 13:02:33','2104200090'),('2109190029','197202101996112002','LINDAWATI,S.Pd','01','KEPALA SEKOLAH SDN 101827','2104190465','1','PEMBINA PK I / IV B','KS','2023-05-17 08:59:49','2104220047'),('2109190030','197005211996122002','NURAINI,S.Pd','02','PENGURUS BARANG','2104190465','1','PEMBINA PK I / IV B','PB','2023-07-22 09:21:11','2104220047'),('2109190031','196708161996122002','WARNI, S.Pd','01','Kepala Sekolah SD Negeri 104226 Suka Rende','2104190431','1','Pembina Tingkat I','KS','2022-09-03 10:46:13','2104220013'),('2109190032','1966050219897121008','MAJEK REJEKI GURUSINGA,S.Pd','01','Kepala Sekolah','2104190468','1','Pembina Tk 1 / IV b','KS',NULL,NULL),('2109190033','19820120200903200','FRISDANINTA GINTING.S.Pd','02','Pengurus Barang ','2104190468','1','Penata / III b','PB',NULL,NULL),('2109190034','197209152005022005','Ade Tri Herawati, S.Pd','01','Kepala UPT SPF SDN 101754 Tandam Hulu I','2104190032','1','Penata, III/d','KS','2023-11-21 11:59:02','2104200022'),('2109190035','197307111997122002','TRIMURTI, S.Pd','01','Kepala UPT SPF SDN 106151 Tandam Hilir I','2104190038','1','Pembina, IV/a','KS','2023-08-08 09:27:50','2104200028'),('2109190036','196811151988072002','HERLINA BR BUKIT, S.Pd','01','Kepala UPT SPF SDN 101818 PANCUR BATU','2104190458','1','Pembina Tk. I / IVb','KS',NULL,NULL),('2109190037','198206202022211011','Andi Syahprial, S.Pd','02','Pengurus Barang UPT SPF SDN 101754 Tandam Hulu I','2104190032','1','Penata Muda, III/a','PB','2023-11-21 12:00:04','2104200022'),('2109190038','197310162009031002','H. NURTUAH TANJUNG, S.Ag, M.Pd','01','Kepala SDN 101787 Pematang Johar','2104190069','1','Pembina, IV-A','KS','2023-11-28 09:37:52','2104200056'),('2109190039','19950712202212009','YENI RAHMA PUTRI, S.Pd','02','Pengurus barang UPT SPF SDN 106151 Tandam Hilir I','2104190038','1','IX','PB','2024-08-29 16:07:45','2104200028'),('2109190040','198806122022212016','HERIANA BR SEMBIRING, S.Pd','02','Pengurus Barang','2104190458','1','Penata Muda/ III-a','PB','2022-12-30 14:48:56','2104220040'),('2109190041','199411062019032017','KUSTINA, S.Pd','02','Pengurus Baranng SDN 101787 Pematang Johar','2104190069','1','Penata Muda Tk. I /III/B','PB','2023-11-28 09:42:11','2104200056'),('2109190043','196810102007012063','NURIA MINA NAINGGOLAN, S.Pd','02','Pengurus Barang','2104190245','1','Penata Tk 1','PB','2024-06-09 22:02:58','2104200234'),('2109190044','198708182011012016','EVI SIAHAAN, S.Pd SD','01','Kepala Sekolah SD Negeri 105308 Namobintang','2104190470','1','Penata Tingkat I','KS','2023-07-31 09:02:08','2104220052'),('2109190045','197904282003122005','ROSNIDA, S.Pd','01','Kepala UPT SPF SDN 101745','2104190003','1','Pembina','KS','2023-03-26 13:34:34','2104190003'),('2109190046','196902111994032010','HALIMAHTU SYAKDIAH, S.Pd','02','Pengurus Barang UPT SPF SDN 101745','2104190003','1','III/d','PB','2024-08-30 17:11:17','2104190003'),('2109190047','196802102000032002','KERIAHEN','02','Bendahara Barang SD Negeri 105308 Namobintang','2104190470','1','Penata Tingkat I','PB','2023-07-31 09:17:34','2104220052'),('2109190049','196802272007012027','SARMI, S.Pd','01','Kepala UPT SPF SDN 101748','2104190013','1','Penata','KS',NULL,NULL),('2109190050','196907112005022004','ELIYANTI, S.Pd','02','Pengurus Barang UPT SPF SDN 101748','2104190013','1','Pembina','PB','2025-01-11 16:50:04','2104200010'),('2109190051','197006052021212002','NURIHI GINTING, S.Pd','02','Pengurus Barang','2104190440','1','Penata Muda','PB','2023-07-14 21:48:16','2104220022'),('2109190052','198103152014071001','EDI WAHYUDI, S.Pd','01','Kepala UPT SPF SD NEGERI 105286 Tandam Hilir I','2104190023','1','Pengatur Muda III/b','KS','2024-01-12 08:02:50','2104200016'),('2109190053','196507051986042008','MEGAWATY, SPdI','01','Kepala Sekolah SDN 106836 Limau Manis','2104190246','1','Pembina Muda','KS','2024-01-13 09:52:27','2104200235'),('2109190054','197105032006042036','Dra. DIANA BAKKARA','02','Pengurus Barang','2104190246','1','PembinaTingkat I','PB','2024-01-09 16:23:37','2104200235'),('2109190055','197308262008011009','SUFAIRI, S.Pd.I, M.Pd','01','Kepala UPT SPF SDN 101755','2104190048','1','Pembina ','KS','2023-07-31 22:23:48','2104200039'),('2109190056','196711231993012002','PURNAMAWATI, S.Pd ','02','Pengurus Barang','2104190048','1','Pembina Tk. I','PB','2025-01-11 08:21:52','2104200039'),('2109190057','198610182010012014','SITI HAMIMAH SITORUS, Ama.Pd','02','Pengurus Barang','2104190228','1','Penata Tingkat 1','PB','2021-09-30 14:59:41','2104200222'),('2109190058','196803162014072001','SRI RAHAYU, SE','02','Pengurus Barang','2104190023','1','Penata  III/c','PB','2024-01-12 08:06:53','2104200016'),('2109190059','196802012001031003','LUKMAN HAKIM SARAGIH, M.Pd','01','Kepala Sekolah','2104190242','1','IV/B','KS',NULL,NULL),('2109190060','198209032014071001','DAHLAN SARAGIH, S.Pd','02','Bendahara Barang','2104190242','1','III/B','PB','2024-06-14 09:56:31','2104200228'),('2109190061','196511281988032010','LEKET, S.Pd','02','Bendahara SD 107409 Sampe Cita','2104190439','1','Pembina Tingkat I','PB',NULL,NULL),('2109190062','196512181986031012','Dahlan Lumbantobing, SE., MM','01','Kepala Sekolah UPT SPF SMP NEGERI 2 PERCUT SEI TUAN','2104190148','1','Pembina Tingkat I','KS','2025-01-13 10:08:04','2104200133'),('2109190064','198308182010011008','SAFRIAN IDRIS GINTING, S.Pd','01','Kepala UPT SPF SD NEGERI 105279','2104190036','1','Pembina / IV-A','KS','2025-06-29 12:03:53','2104200026'),('2109190065','196812082008012016','Dra. MUNJAINAH SITI NURYANI','02','Pengurus Barang UPT SPF SD NEGERI 105279','2104190036','1','Penata Tk. I /III-D','PB','2025-06-29 12:03:43','2104200026'),('2109190066','199309202019032007','SUCI RAHMANIA PUTRI, M.Pd','02','GURU','2104190046','1','PENATA TINGKAT I, III/a','PB','2023-11-19 21:57:25','2104200036'),('2109190067','196612202001032002','ROSIDA SIANTURI, S.Pd','01','Kepala UPT SPF SDN 106795','2104190059','1','Penata Tk I','KS','2023-03-31 09:19:39','2104200045'),('2109190068','199512252022212012','NURUL FAJRINA, S.Pd','02','Pengurus Barang','2104190059','1','Penata','PB','2023-03-31 09:20:14','2104200045'),('2109190069',' 197011272008011015','AHMAD JAPAR, S.Pd','01','Kepala UPT SPF SDN 101893 Bangun Rejo','2104190228','1','Pembina','KS','2024-02-02 05:58:50','2104200222'),('2109190070','197102271992032009','PURNAMA SIMAMORA,S.Pd','01','Kepala Sekolah SDN 105324 Ujung Serdang','2104190265','1','Pembina Tingkat I','KS',NULL,NULL),('2109190071','199109012019032018','DELIMA VITRI ASPASIA SIANTURI, S.Pd','02','Pengurus Barang','2104190265','1','Penata Muda','PB',NULL,NULL),('2109190072','198308182006041010','EDI SUSANTO, S.Pd','01','Kepala UPT SPF SDN 104195','2104190006','1','Penata','KS',NULL,NULL),('2109190073','19730314 2006042019','KARMINI, S.Pd','02','Pengurus Barang','2104190006','1','Penata  Muda Tingkat I','PB',NULL,NULL),('2109190074','197111272006042018','Seniyem,S.Pd.SD','01','Kepala Sekolah SDN 106830','2104190321','1','Pembina muda','KS','2024-08-22 13:02:38','2104210064'),('2109190075','19650722198832012','Sutinah,S.Pd','02','Bendahara SDN 106830','2104190321','1','Pembina Utama Muda','PB',NULL,NULL),('2109190076',' 198201272005022006','HELMIDAWATI SEMBIRING,S.Pd','02','Pengurus Barang','2104190429','1','-','PB','2025-01-09 20:19:32','2104220011'),('2109190077','198510092024212002','SRIMULIATI SEMBIRING,S S','02','Pengurus Barang','2104190419','1','','PB','2024-08-22 09:56:48','2104220001'),('2109190078','198506012009032013','Epa Susanti, S.Pd','02','Guru kelas','2104190420','1','','PB',NULL,NULL),('2109190079','19890506 2014032001','FITRIANI BR SITEPU, S.Pd','02','Pengurus Barang','2104190436','1','','PB','2021-10-21 11:47:51','2104220018'),('2109190080','196510151986041002','DARSON SINAGA,S.Pd','01','KEPALA SEKOLAH SDN 101915','2104190336','1','PEMBINA  TK I','KS','2023-07-16 11:55:19','2104210077'),('2109190081','197512152014072001','SITI ROKAYAH,S.Pd','02','BENDAHARA  BARANG SDN 101915','2104190336','1','PENATA MUDA','PB',NULL,NULL),('2109190082','196511151987121006','SELAMET IRIADI,S.Pd','01','KEPALA SEKOLAH','2104190043','1','PEMBINA  TINGKAT I IV/B','KS',NULL,NULL),('2109190083','196510041987082002','JUARNI,S.Pd','02','PENGURUS BARANG','2104190043','1','PEMBINA  TINGKAT I IV/B','PB','2023-02-03 22:05:57','2104200033'),('2109190084','196506041986042009','NURIATI,S.Pd','01','KEPALA SEKOLAH 101817 PANCUR BATU','2104190449','1','IV/b','KS',NULL,NULL),('2109190085','197006182000032005','MARIA BR BANGUN, SA.g','02','PENGURUS BARANG','2104190449','1','IV/a','PB',NULL,NULL),('2109190086','197010121992091002','MUHAMMAD IBNI, S.Pd','01','Kepala Sekolah SD Negeri 106180 Tanjung Baru','2104190270','1','Pembina TK.I','KS','2023-12-24 22:33:05','2104210011'),('2109190087','196504141987082002','ROSMA SINUHAJI,S.Pd ','01','KEPALA UPT SPF SD NEGERI 104216 RAMPAH ','2104190408','1','PEMBINA TK 1 / IV -B ','KS','2023-11-21 20:32:43','2104210149'),('2109190088','196505031987121005','RUSLI SEMBIRING,S.Pd ','02','BENDAHARA UPT SPF SD NEGERI 104216 RAMPAH ','2104190408','1','PEMBINA TK I / IV B ','PB','2023-12-28 22:40:56','2104210149'),('2109190089','197011011994032009','ELISA. S.Pd','02','PENGURUS BARANG UPT SPF SD NEGERI 104214 KEDAI DURIAN','2104190485','1','','PB','2023-07-28 10:14:32','2104220067'),('2109190090','196704151988072008','NINA SARI LUBIS,S.Pd,M.Si','01','Kepaala Sekolah SDN 101917 Aras Kabu','2104190322','1','Pembina TK I IV/b','KS','2024-01-08 12:31:42','2104210065'),('2109190091','19711008 200604 2020','Ramianna Sinaga,S.Pd','02','Guru Kelas','2104190322','1','Penata Muda TK.I,III/B','PB',NULL,NULL),('2109200001','199605292019031004','JONHERI KETAREN S.Pd','02','PENGURUS BARANG','2104190444','1','Penata muda','PB',NULL,NULL),('2109200002','196805081996122001','NURLIAH,S.Pd','01','KEPALA SEKOLAH SDN 104228 SEI MENCIRIM','2104190433','1','PEMBNA TK.I / IVb','KS','2023-11-15 09:16:56','2104220015'),('2109200003','197802252014071001','SUHERWIN JAYA, S.Pd','02','PENGURUS BARANG SDN 104228 SEI MENCIRIM','2104190433','1','Penata Muda','PB',NULL,NULL),('2109200004','197103152006041026','JOHANNIS S.Pd','01','KEPALA SEKOLAH SDN 105315 LAU BEKERI','2104190437','1','Penata Tk.I','KS',NULL,NULL),('2109200005','196912292008012014','MAGDALENA PURBA, S.Pd','02','PENGURUS BARANG SDN 105315 LAU BEKERI','2104190437','1','Penata','PB',NULL,NULL),('2109200006','198605062009031004','RADARWAN S , S.Pd, M.Pd','01','KEPALA UPT SPF SDN 101848 LAU BEKERI','2104190421','1','Penata','KS',NULL,NULL),('2109200007','199412232019032008','RANI NATALIA BR KARO S.Pd','02','PENGURUS BARANG UPT SPF SDN 101848 LAU BEKERI','2104190421','1','Penata Muda','PB',NULL,NULL),('2109200008','197202261994122003','HERLINA, S.Pd, M.Si','01','KEPALA UPT SPF SMP NEGERI 3 LUBUK PAKAM','2104190313','1','Pembina Tk.1','KS','2023-07-04 15:59:29','2104210056'),('2109200009','197406252005022003','MARIANA, M.Pd','01','Kepala Sekolah SD NEGERI 104251 KARANG ANYAR','2104190323','1','Pembina IV/A','KS',NULL,NULL),('2109200010','197107311997032009','SRI REJEKI, S.Pd','02','PENGURUS BARANG UPT SPF SMP NEGERI 3 LUBUK PAKAM','2104190313','1','Pembina Tk.1','PB',NULL,NULL),('2109200011','198510142009042003','YUNITA SARI, S.Pd','02','Guru Kelas SD Negeri 104251 Karang Anyar','2104190323','1','Penata TK-1 III/d','PB',NULL,NULL),('2109200012','197603282005022005','IDA SARI NIRWANA BR TARIGAN,S.PdSD','01','Kepala Sekolah SDN 101794 Patumbak I','2104190370','1','Pembina ','KS','2023-11-20 09:54:36','2104210111'),('2109200013','199109282019032008','SITI FATIMAH ZALUKHU,S.Pd','01','Kepala Sekolah','2104190564','1','Penata Muda Tk.I/IIIb','KS','2024-08-19 17:40:38','2104220146'),('2109200014','196510171988032018','DELINA PASARIBU, S.Pd','01','KEPALA SEKOLAH SD NEGERI 106804 PERCUT','2104190130','1','IV-B / GURU PEMBINA TK I ','KS',NULL,NULL),('2109200015','197510312006042021','SUNARTIK, S.Pd','02','BENDAHARA BARANG SD NEGERI 106804','2104190130','1','III - C / PENATA','PB','2022-09-12 22:25:27','2104200114'),('2109200016','197609232003122002','SUSAN FITRIANI, S.Pd.SD.,M.Si','01','Kepala UPT SPF SD Negeri 104607 Sei Rotan','2104190118','1','Pembina / IV-a','KS','2023-11-16 07:55:22','2109190001'),('2109200017','197504252003122008','Beby Lidia Zuliani, S.Pd','01','Kepala Sekolah SDN 105272 Purwodadi','2104190171','1','Penata Tingkat I','KS',NULL,NULL),('2109200018',' 198708282011012017','Meleeva Sidabutar, S.Pd','02','Penanggung Jawab Barang','2104190171','1','Penata Muda Tingkat I','PB','2022-02-08 10:16:07','2104200154'),('2109200019','196706061987122009','ARJUNA MARBUN, S.Pd','01','Kepala UPT SPF SDN 10191 Beringin','2104190329','1','Pembina / IV b','KS','2024-01-18 15:00:36','2104210070'),('2109200020','196705032007012032','SITI AISAH, S.Ag','02','Pengurus Barang','2104190329','1','Pembina / IV a','PB',NULL,NULL),('2109200021','198302082009042006','PURNAMA HOTMAIDA TAMBA, S.Pd','01','Kepala UPT SPF SDN 101761 Bulu Cina','2104190034','1','Penata Tingkat I','KS','2025-05-15 08:14:37','2104200024'),('2109200022','199403082022212005','KIKI RAMADHANI, S.Pd','02','Pengurus Barang UPT SPF SDN 101761 Bulu Cina','2104190034','1','Ahli Pertama','PB','2025-05-15 08:19:18','2104200024'),('2109200023','19740610 199611 2004','YULIANA NINGSIH, S.Pd','01','Kepala UPT SPF SDN 101762 Paya Bakung','2104190015','1','Pembina Tk I','KS','2024-01-09 11:42:34','2104200013'),('2109200024','197310121997122002','DAMARIS NADEAK, S.Pd','02','Pengurus Barang UPT SPF SDN 101762 Paya Bakung','2104190015','1','Pembina Tk I','PB','2023-03-23 11:18:58','2104200013'),('2109210001','19650413198702002','NASIMAH HARAHAP S.Pd','01','Kepala Sekolah','2104190087','1','Pembina','KS','2024-08-20 10:50:16','2104200079'),('2109210002','19661221 199007 2002','SRI HERANI','02','Bendahara','2104190087','1','Penata Tingkat I','PB','2024-08-20 10:50:32','2104200079'),('2109220001','196808301998012002','RUKIATI S.Pd','01','KEPALASEKOLAH','2104190446','1','PEMBINA','KS','2023-07-23 11:14:52','2104220028'),('2109220002','\'199509242022211002','MUHAMMAD ANDREAN. S.Pd','02','BENDAHARA BOS','2104190446','1',' PENATA MUDA','PB','2025-07-21 09:13:00','2104220028'),('2109230001','199109062015051001','SEPTIAN SAPUTRA P. SIREGAR, S.Pd','01','KEPALA SEKOLAH','2104190401','1','III/C PENATA','KS','2024-12-17 10:31:51','2104210142'),('2109250001','196912311996122005','RACHEL, S.Pd','01','Kepala UPT SPF SDN 104269 PINTU BESI','2104190520','1','Penata Tk I / III d','KS','2023-08-09 10:26:39','2104220102'),('2109250002','196603071987122005','MARETLINA GINTING,S.Pd','02','Bendahara BOS','2104190520','1','Pembina Tk I / IV b','PB','2022-01-19 10:39:19','2104220102'),('2109270001','199206202019032008','Sartika Dewi','02','Bendahara BOS SDN 105312','2104190435','1','','PB',NULL,NULL),('2109270002','196312211985011006','Drs KENNEDY MANURUNG, M.Pd','01','Kepala Sekolah SMP NEGERI 2 PANTAI LABU','2104190362','1','Pembina Tingkat I',NULL,'2023-07-08 10:09:11','2104210103'),('2109270003','197803052008011025','Dr. MANSYUR HIDAYAT PASARIBU, M.Pd.','01','Kepala UPT Satuan Pendidikan Formal SMP Negeri 1 Hamparan Perak','2104190064','1','Pembina / IV a','KS','2024-08-31 11:27:10','2104200076'),('2109270004','198005262022211010','TUNIDI, ST','02','Pengurus Barang','2104190064','1','AHLI PERTAMA/IX','PB','2025-01-13 09:48:00','2104200076'),('2109270005','196512311986041018','MUHAMMAD TAMRIN','02','Pengurus Barang','2104190593','1','Pembina','PB','2024-01-03 14:23:03','2104210042'),('2109270006','197709212009031003','EDI MOERIANTO, S.Pd., M.Pd','01','Kepala UPT SPF SDN 105283 Klambir Lima','2104190056','1','Pembina Tk I','KS','2023-07-14 11:02:58','2104200053'),('2109270007','196606212007012019','PAINI HARIATI, S.Pd. AUD','02','Bendahara barang UPT SPF SDN 105283 Klambir Lima','2104190056','1','Penata Muda Tingkat 1','PB',NULL,NULL),('2109280001','196508041990031022','ARMANTO, S.Pd, M.Si','01','KEPALA SEKOLAH','2104190197','1','PEMBINA UTAMA MUDA','KS','2023-08-03 11:56:45','2104200185'),('2109280002','196806201994112001','Dra. Hj. Yusni Siregar, M.Pd','01','Kepala Sekolah UPT SPF SMP Negeri 1 Pantai Labu ','2104190361','1','Pembina Utama Muda, IV/c','KS','2024-08-27 07:40:53','2104210102'),('2109280003','197009222003122005','FERIKA MAXDALENA, S.Pd','01','Kepala Sekolah SD Negeri 101887 Bangun Sari','2104190226','1','Penata Tingkat I','KS',NULL,NULL),('2109280004','198407262021222023','Sulasmini, S.Pd','02','Bendahara SD Negeri 101887 Bangun Sari','2104190226','1','Ahli Pertama','PB','2024-08-22 12:44:28','2104200219'),('2109280005','196401261984042004','SURIATI. S.Pd','02','Bendahara Barang','2104190268','1','IVb',NULL,NULL,NULL),('2109280006','199307152019031004','Amir Hamzah Siregar','02','Pengurus Barang','2104190153','1','Penata Muda, III/A','PB',NULL,NULL),('2109280007','196708081995121004','Drs. FORTUNA PARTAONAN','01','Kepala Sekolah SMP Negeri  8 Percut','2104190154','1','Pembina Tk.I ','KS','2023-07-17 17:04:03','2104200149'),('2109280008','197112051998012001','RAHMA HASTUTI SIHOMBING, S.Pd','01','KEPALA SEKOLAH','2104190147','1','IV/B','KS','2024-03-28 16:45:15','2104200132'),('2109280009','197604292008011015','Kusnardi, S.Pd','01','Kepala SMP Negeri 4 Percut Sei Tuan','2104190150','1','Pembina TK.I','KS','2024-09-20 10:05:21','2104200139'),('2109280010','196909211995122008','Lisbeth Marisi Simanungkalit, S.Pd','01','Kepala Sekolah SMP Negeri 1 Patumbak','2104190382','1','Pembina Utama Muda 4 IV','KS','2024-03-27 15:01:29','2104210123'),('2109280011','196803301994121003','SUDARMADI, S.Pd','01','Kepala UPT SPF SMP N 6 Percut Sei Tuan','2104190152','1','IV/C','KS','2025-01-06 08:50:52','2104200144'),('2109280012','198501092009031007','MHD FUAD ASBI, M.Pd','01','Kepala Sekolah SMP Negeri 2 Satu Atap STM Hilir','2104190536','1','Penata Tk. I / III-d','KS','2024-12-26 15:17:15','2104220118'),('2109280013','197308092006041012','MUHAMMAD RASYIDIN, S.Pd.I','01','KEPALA SEKOLAH SMP NEGERI 3 GALANG','2104190617','1','GURU MADYA','KS',NULL,NULL),('2109280014','196702221998012002','MARIATI, S.Pd','01','KEPALA SEKOLAH SMPN 2 NAMORAMBE','2104190417','1','PEMBINA TK I','KS','2023-12-06 09:41:46','2104210158'),('2109280015','19711010 2008012019','RIEFNI DIANA LUBIS, S.Pd, M.Pd','02','BENDAHARA BARANG','2104190147','1','IV/A','PB','2024-03-28 16:44:08','2104200132'),('2109280016','196704202005021002','Asbon Sinaga, S.Pd, Kons','02','Bendahara Barang UPT SPF SMP NEGERI 2 PERCUT SEI TUAN','2104190148','1','Pembina Tingkat I','PB','2023-03-07 09:50:03','2104200133'),('2109280018','199810192022211002','Leo Indra Prayogi, S.Pd','02','Ka. Sarana Prasarana','2104190150','1','','PB','2024-09-20 10:04:40','2104200139'),('2109280019','196706021994121007','SUNTORO, S.Pd','01','Kepala Sekolah','2104190615','1','Pembina Utama Muda / IV.c','KS','2023-07-29 11:48:06','2104220196'),('2109280020','198406012010011031','FRESLY TALOPA SIAGIAN,S.Pd','01','Kepala Sekolah SMP Negeri 1 Bangun Purba','2104190636','1','Penata Tk.I','KS','2023-11-16 17:20:01','2104220217'),('2109280021','197406281998011001','Dr. INDRASYAH SITOMPUL, S.Ag., MA.','01','Kepala SMP Negeri 2 Galang','2104190616','1','Pembina Tk.I/IV.B','KS','2023-08-02 09:35:44','2104220197'),('2109280022','196905271995121006','TAHAN SILABAN, M.Pd','01','Kepala  Sekolah SMP Negeri 5 Percut Sei Tuan','2104190151','1','Pembina Tingkat I','KS',NULL,NULL),('2109280023','198805072011012016','Ika Juwita Prihatini, S.Pd','02','Pengurus/Penyimpan Barang','2104190536','1','Penata Tk. I / III-d','PB','2024-08-31 09:26:40','2104220118'),('2109280024','197002142014072001','Sri Suwarni','02','Pengurus Barang','2104190616','1','Penata Muda','PB','2021-09-29 22:47:16','2104220197'),('2109280025','197804022008011020','IRWANSYAH PUTRA, S.Pd','01','Kepala Sekolah SMP Negeri 5 Tanjung Morawa Satu Atap','2104190279','1','Pembina','KS','2022-02-03 17:48:22','2104210020'),('2109280026','197205022009032002','TIURMA TARIGAN,S.Pd','02','PENGURUS BARANG','2104190417','1','PEMBINA ','PB','2023-12-06 09:41:10','2104210158'),('2109280027','197303162008012014','SUNANI,S.Pd, M.Pd','02','GURU','2104190151','1','Pembina Tingkat   I','PB','2021-09-30 14:21:00','2104200141'),('2109280028','197709292008012021','EVI YUSMIATI PURBA, S.Pd.M.Hum','01','Kepala Sekolah SMP Negeri 1 Tanjung Morawa','2104190275','1','Pembina Tk. I','KS','2024-08-28 11:59:59','2104210016'),('2109280029','198203072006042006','Surya Dewi, S.Pd','02','Bendahara Barang SMP Negeri 8 Percut Sei Tuan','2104190154','1','Penata Tk. I','PB',NULL,NULL),('2109280030','197505302014072001','TANSA TRISNAWATTY BR SIALLAGAN','02','Pengurus Barang','2104190636','1','Pengatur','PB','2022-09-06 10:18:04','2104220217'),('2109280031','197201052008012017','SUSIANTI, S. Pd.','01','Kepala Sekolah UPT. SPF. SMP Negeri 3 Tanjung Morawa','2104190277','1','Pembina Tk.I, IV/B','KS','2023-07-20 12:39:31','2104210018'),('2109280032','196711231995012002','EVI NORA RASMIATY NAINGGOLAN, S.Pd','01','Kepala Sekolah SMP Negeri 4 Pancur Batu Satu Atap','2104190479','1','Pembina Tk I, IV-b','KS','2024-02-16 13:02:27','2104220061'),('2109280033','198807142019032013','IRMA JULIANTI, S.Pd','01','Kepala Sekolah SMP Negeri 1 Gunung Meriah','2104190645','1','Penata Muda ','KS','2024-11-21 10:53:59','2104220226'),('2109280034','197505222008012016','ERYDAWATY, S.Pd, M.Si','01','KEPALA SEKOLAH','2104190149','1','IV/B','KS','2025-01-05 01:27:31','2104200137'),('2109280035','198201162022212004','EVA LINDASARI, M.Pd','02','Pengurus Barang','2104190615','1','IX','PB','2023-07-29 11:43:37','2104220196'),('2109280036',' 197610032009031001','PARTOTO SITOMPUL, S.Pd','02','Bendahara Barang','2104190279','1','Pembina','PB','2022-12-28 13:42:12','2104210020'),('2109280037',' 199506122019032011','JUNITA DAMAYANTI BUKIT, S.Pd.','02','Pengurus Barang SMP Negeri 1 Gunung Meriah','2104190645','1','Penata Muda','PB','2024-01-07 21:24:12','2104220226'),('2109280038','198502162014031001','LAUMANTO SIBORO, S.Pd ','02','Bendahara Barang','2104190275','1','Penata Muda Tk. I','PB','2024-08-28 11:59:38','2104210016'),('2109280039','198104232006041021','Yusuf Tamiang ,S.Pd.,M.Pd','01','Kepala Sekolah SMPN 1 Namorambe','2104190416','1','Pembina TK.I','KS','2025-01-12 15:53:29','2104210157'),('2109280040','1969012119997022009','Dra. Fauziah','02','Guru SMP NEGERI 1 Patumbak','2104190382','1','Pembina Tingkat I','PB','2024-08-26 13:01:51','2104210123'),('2109280041','198711022019031004','Lukmannul Hakim Nasution, S.Pd.I','01','Ketua Sarpras SMP Negeri 4 Pancur Batu Satu Atap','2104190479','1','Penata Muda Tk I','PB','2024-02-22 09:03:31','2104220061'),('2109280042','197408221999031006','Hotlan Martua Simanjuntak,S.Pd,.M.Pd','01','Kepala Sekolah SMP N 2 Bangun Purba','2104190637','1','Pembina Tk.I','KS','2024-04-02 12:29:07','2104220218'),('2109280043','197409152000122002','LIDYA ARLINI TARIGAN, S.Pd','01','Kepala SMP Negeri 3 Pancur Batu','2104190478','1','Pembina TK.I',NULL,'2023-07-26 22:44:54','2104220060'),('2109280044','197906192014072003','ERNA','02','Bendahara Barang','2104190277','1','Pengatur, II/c','PB','2023-07-20 12:40:01','2104210018'),('2109280045','198301172009032006','LIDIA SANTI Br. GINTING, S.Pd','02','Bendahara Barang SMP Negeri 3 Pancur Batu','2104190478','1','Penata TK. I',NULL,'2023-07-26 22:47:39','2104220060'),('2109280046','196710011998012001','Henra Rodearni Saragih, S.Pd','02','Bendahara Barang SMPN 1 Namorambe','2104190416','1','Penata Muda','PB','2025-01-12 20:20:41','2104210157'),('2109280047','196412311986011093','Drs. Saut Monang Op. Sunggu','01','Kepala Sekolah SMP Negeri 2  Satu Atap Patumbak','2104190383','1','Pembina IV/b','KS','2023-08-02 19:47:39','2104210124'),('2109280048','197906042022211005','WAHYU KURNIAWAN, S.Pd','02','PKS SARANA PRASARANA','2104190617','1','GURU MUDA','PB','2023-02-10 16:44:15','2104220198'),('2109280049','197311112008011010','RISTUTIANI, S.Pd','01','Kepala SMP Negeri 1 Sunggal','2104190196','1','Pembina ',NULL,'2022-12-17 20:15:39','2104200181'),('2109280050','197905232008012018','Syah Fitri Lubis, S.Pd','02','Bendahara','2104190196','1','Guru Muda ',NULL,NULL,NULL),('2109280052','197011261991032009','Herawati Siregar,S.Pd','01','Kepala Sekolah UPT SPF SDN 106829 Beringin','2104190326','1','Pembina Tk.I / IVb','KS',NULL,NULL),('2109280053','199103302022212018','Ramadani Irawan, S.Pd','02','Bendahara UPT SPF SDN 106829 Beringin','2104190326','1','Ahli Pratama, IX','PB','2023-11-18 19:23:46','2104210067'),('2109280054','197806102005022007','TERULIN GINTING, S.Pd','01','Kepala Sekolah SD N 101860 Pernangenen','2104190517','1','IV a','KS','2022-11-19 11:27:45','2104220099'),('2109280055','196712271987121007','LEWI BANGUN','02','Bendahara Barang','2104190517','1','II a','PB','2022-11-19 11:29:09','2104220099'),('2109280056','196608141994111002','PRIYATMAN, S.Pd','01','Kepala Sekolah SD N 101859 Rambai','2104190516','1','IV A','KS',NULL,NULL),('2109280057','198204042014072008','LINDAWATI SEMBIRING, S.Pd','02','Bendahara Barang','2104190516','1','II B','PB',NULL,NULL),('2109280058','19710718 1994012002','RIDIWANTI SIMANULLANG,S.Pd,M.Si','01','KEPALA SEKOLAH ','2104190132','1','PEMBINA Tk.1 / IV-B','KS','2023-11-16 11:33:27','2104200118'),('2109280059','197504142009031003','Niko LP Tampubolon,S.Pd.K','01','Kepala Sekolah SDN 107434 Rumah Liang','2104190540','1','Penata/ IIIc','KS',NULL,NULL),('2109280060','198604072022212015','JUWITA BR KELIAT,S.Pd','02','Bendahara Barang SDN 107434 Rumah Liang','2104190540','1','','PB','2023-02-02 12:06:41','2104220122'),('2109280061','198312032014072002','SURYANINGSIH, S. Kom','02','PENGURUS BARANG','2104190197','1','PENATA MUDA','PB','2023-08-02 11:24:07','2104200185'),('2109280062','19651122 1986042007','JUMPANGENA BR SITEPU, S.Th','01','KEPALA SEKOLAH SDN. 102004','2104190537','1','PEMBINA IV/D','KS','2023-09-26 13:14:59','2104220119'),('2109280063','197404012005012004','REHULINA BR TARIGAN, S.Ag','02','PENGURUS BARANG','2104190537','1','PEMBINA TK. I','PB','2023-09-26 13:17:37','2104220119'),('2109290001','197912312014072007','Saodah Yunentri,  S.Pd','02','Pengurus Barang','2104190431','1','Penata Muda','PB','2022-09-03 10:47:23','2104220013'),('2109290002','19840323 20221 1 007','Lidya Mora Saragih,S.Pd','02','Bendahara Barang SMP N 2 Bangun Purba','2104190637','1','Penata Tingkat 1','PB','2024-08-22 14:53:05','2104220218'),('2109290003','196602011989031023','Munawar, S.Pd','01','Kepala Sekolah','2104190638','1','IV B','KS','2023-06-09 11:31:20','2104220219'),('2109290004','197402152009031004','ERASMUS SITEPU, S.Pd','02','Pengurus Barang','2104190152','1','IV/A','PB','2025-01-06 08:50:59','2104200144'),('2109290005','199007132019032007','Dian Wulan Artika,S.Pd','02','Penanggungjawab Barang','2104190638','1','III/b','PB','2025-01-10 10:04:36','2104220219'),('2109290006','197001052001032005','HARIANI, S.Pd.SD','02','Bendahara UPT SPF SD Negeri 104607 Sei Rotan','2104190118','1','Pembina / IV-a','PB','2021-09-29 11:40:10','2109190001'),('2109290007','196611081986042003','NURMAYANI TAMPUBOLON, S,Pd','01','KEPALA SEKOLAH SDN 106185 TANJUNG GARBUS','2104190571','1','Pembina Tk. I / IV B','KS','2023-08-02 10:03:43','2104220153'),('2109290008','198010042010011021','DIAN SAPUTRA, M.Si','02','PENGURUS BARANG','2104190571','1','Pembina / IVa','PB','2023-11-23 11:34:00','2104220153'),('2109290009','196703102007011043','HAJRI, S.Ag','01','KEPALA UPT SPF SDN 105341 DURIAN','2104190354','1','Pembina Utama','KS','2021-09-29 10:53:36','2104210095'),('2109290010','197207241994122004','Suryani, S.Pd., M.Pd.','01','Kepala UPT SPF SDN 105855 PTPN II','2104190269','1','Pembina Tingkat I','KS','2021-09-29 11:01:08','2109040008'),('2109290011','198311302010012012','Nurwahyuni, S.Pd','02','Bendahara Barang SMP Negeri 2 Satu Atap Patumbak','2104190383','1','Penata TK I/III d','PB','2021-09-29 11:02:36','2104210124'),('2109290012','198107102005022003','Hermin Lailani Tambunan, S.Pd','02','Pengurus Barang','2104190269','1','Penata','PB','2025-03-13 21:32:00','2109040008'),('2109290013','197810232010011006','RINTO HENDRA,S.Pd','01','Kepala Sekolah SDN 104232','2104190262','1','Penata ','KS','2021-09-29 11:21:52','2104210004'),('2109290014',' 199206082022212008','NURUL HASANAH, S.Pd','02','Pengurus Barang','2104190262','1','IX','PB','2025-06-30 07:57:07','2104210004'),('2109290015','198105052003122014','HERIANI,S.Pd, M.Pd','01','Kepala UPT SPF SMP Negeri 3 Pantai Labu','2104190363','1','Pembina','KS','2023-07-08 10:18:30','2104210104'),('2109290016','199010162019031005','Heri Roniedy Sigalingging, S.PdK','02','Pengurus Barang','2104190363','1','Penata Muda','PB','2021-09-29 11:42:19','2104210104'),('2109290017','196507011986042003','Syarifah, S.Pd.I','01','Kepala Sekolah SD Negeri 106828 Sumberjo','2104190567','1','Pembina Tingkat I','KS','2021-09-29 11:45:09','2104220149'),('2109290018','198510012010011019','Saktiando Hutabarat, S.Pd','02','Pengurus Barang SD Negeri 106828 Sumberjo','2104190567','1','Penata','PB','2021-09-29 11:48:34','2104220149'),('2109290019','197005302000032004','ROSDIANA SITUMORANG, S.Pd','01','KEPALA SEKOLAH','2104190543','1','PEMBINA IV A','KS','2022-01-21 15:53:28','2104220125'),('2109290020','197002182006041011','Muzarlis, S.Pd','02','Wakasek Bid. Sarana dan Prasarana','2104190276','1','Pembina Tk I/IV B','PB','2025-02-21 08:10:43','2104210017'),('2109290021','196408051988032020','Uspa Lubis, S.Pd','01','Kepala Sekolah SD Negeri 105296 Percut Hilir','2104190125','1','Pembina Tk. I/IV-B','KS','2021-09-29 16:32:27','2104200109'),('2109290022','199512062022211001','Muhammad Andi Tiadarma, M.Pd','02','Bendahara SD Negeri 105296 Percut Hilir','2104190125','1','IX','PB','2023-07-11 16:43:26','2104200109'),('2109290023','197205252014072002','RAHMAYANI, S.Pd','02','BENDAHARA SEKOLAH','2104190355','1','Penata Muda Tk. I  III/b','PB','2024-08-03 20:43:22','2104210096'),('2109290025','199708272022211 001','ZAINUL HUSAINI ALMA PAGAN, S.Pd','02','BENDAHARA BARANG UPT SPF SDN 101882 PASAR VIII','2104190256','1','IX','PB','2024-01-15 09:03:03','2104200241'),('2109290026','198803182019032004','Vera Handayani Nasution, S.Pd','02','Bendahara Barang','2104190426','1','','PB','2022-08-15 22:27:58','2104220008'),('2109290027','197010251996122002','NURZAHARA SIHOMBING, S.Pd','01','Kepala SDN 107396 Paluh Merbau','2104190136','1','Pembina Tk. I/IV,B','KS','2023-07-14 06:54:17','2104200124'),('2109290028','197607172000032008','SERI JULIANA, S.Pd, M.Pd','01','KUPT SPF SDN 105335 Kebun Sayur','2104190243','1','Pembina Tk. I (IV/b)','KS','2024-02-04 21:21:28','2104200230'),('2109290029','198008312014071002','IIN ARIANTO','02','Pengurus Barang','2104190136','1','Pengatur Muda Tk.I II/B','PB','2022-02-08 08:01:11','2104200124'),('2109290030','197805242009032002','Leli Herawati, S.Pd.MI','02','Pengurus Barang','2104190243','1','Penata Muda Tk. I (III/c)','PB','2024-06-15 22:13:12','2104200230'),('2109290031','197706052000032001','Juni Rakhmi Siregar, S.Pd','02','Pengurus Barang','2104190128','1','Pembina TK. I / IVb','PB','2022-11-17 11:29:14','2104200115'),('2109290032','198107072009032012','NURBAINA SIMATUPANG, S.Pd','01','KEPALA UPT SPF SD NEGERI 101896 KIRI HULU TANJUNG MORAWA','2104190230','1','PENATA TK. I','KS','2022-05-09 08:26:19','2104200206'),('2109290034','196808171990072004','SUWATIK, S.Pd','02','BENDAHARA BARANG UPT SPF SD NEGERI 101896 KIRI HULU TANJUNG MORAWA','2104190230','0','PEMBINA TK. I',NULL,'2023-07-07 11:46:04','2104200206'),('2109300001','196612312001031007','TERANG GINTING,S.Pd','01','KEPALA SEKOLAH SD NEGERI 101852 SUKA MAKMUR','2104190425','1','IV/a','KS','2021-09-30 00:11:06','2104220007'),('2109300002','199004262019032004','FLORENSIA,S.Pd','02','BENDAHARA SD NEGERI 101852 SUKA MAKMUR','2104190425','1','III/a','PB','2021-09-30 00:12:32','2104220007'),('2109300003','197603101999032007','RATNAWATI, S.Pd','01','Kepala Sekolah UPT SPF SDN 101880 Kanan III','2104190224','1','Guru Pembina Tingkat I','KS','2023-07-21 09:47:42','2104200217'),('2109300004','196507021996122002','ERMITA TAMBUNAN, S.Pd','02','Pengurus Barang UPT SPF SDN 101880 Kanan III ','2104190224','1','Pembina','PB','2022-10-12 10:29:18','2104200217'),('2109300005','196708131987122004','ERNIMITA BR BERAHMANA, S.Pd','01','KEPALA SEKOLAH SD NEGERI 107394','2104190061','1','PEMBINA TINGKAT 1','KS','2021-09-30 06:55:56','2104200054'),('2109300006','197106032001032003','ZAITUN, S.Pd','02','BENDAHARA BARANG SD NEGERI 107394','2104190061','1','PENATA TINGKAT 1','PB','2021-09-30 06:58:17','2104200054'),('2109300007','197107222001032004','INAYATI MARLINA NST, S.Pd','01','KEPALA SEKOLAH SD NEGERI 104204 SAMBIREJO TIMUR','2104190113','1','IV B','KS','2021-09-30 10:05:29','2109150001'),('2109300008','197103211993012002','WIWIK SURIYATI S.Pd','02','BENDAHARA  PENGURUS BARANG SD NEGERI 104204','2104190113','1','IV B','PB','2021-09-30 10:07:54','2109150001'),('2109300009','198006012008012035','Yunita Ismira Harahap,S.Pd','02','Pengurus Barang','2104190145','1','Penata','PB','2021-09-30 10:12:54','2104200130'),('2109300010','196706051986042002','MARTIANA, S.Pd','01','KEPALA SEKOLAH','2104190350','1','PEMBINA TINGKAT I','KS','2021-09-30 10:20:11','2104210091'),('2109300011','197909302009031002','JUNAIN HARAHAP, S.Pd','02','PENYIMPAN BARANG','2104190353','1','Penata Muda','PB','2023-02-23 09:21:58','2104210094'),('2109300012','196811232008011008','IDRIS SALEH, S.Pd','01','Kepala Sekolah UPT SPF SDN 101918 Kuala Namu','2104190317','1','Pembina','KS','2023-07-15 09:08:44','2104210060'),('2109300013','198606102022022021','YUSNIAR SAFITRI SIREGAR, S.Pd','02','Pengurus Barang','2104190317','1','Ahli Pertama','PB','2024-08-23 14:11:31','2104210060'),('2109300014','197103042000032003','ISNA IRAWATI, S.Pd','01','Kepala Sekolah SDN 105343 Ramunia I/II','2104190345','1','Pembina Tk I','KS','2021-09-30 11:12:03','2104210086'),('2109300015','196906071996122002','ELLI ROSITA SARAGIH, S.Pd','01','Kepala Sekolah  Dasar 107420 Desa Tengah ','2104190356','1','Pembina TK I','KS','2024-12-22 17:01:05','2104210097'),('2109300016','197906062009032012','Yuniarti, S.Pd., M.Pd','01','Kepala Sekolah UPT SPF SDN 104256 Rugemuk','2104190359','1','Pembina','KS','2021-09-30 11:09:02','2104210100'),('2109300018','198712162019032003','NIKE MARIANA, S.Pd., M.Pd','01','Kepala Sekolah SDN 104250 Perk. Ramunia','2104190357','1','Pembina Tingkat I ','KS','2024-08-21 11:53:05','2104210098'),('2109300019','196503021998042008','HELDA,S.Pd','01','Kepala Sekolah SDN 105339 ','2104190349','1','Pembina Tk.I','KS','2021-09-30 11:10:38','2104210090'),('2109300020','196812021988072002','AZRIANI DEWI, S.Pd','01','Kepala Sekolah UPT SPF SDN 104255 Paluh Sibaji','2104190341','1','Pembina Tk. I','KS','2024-08-21 15:00:45','2104210082'),('2109300021','197506241997122001','RINA, S.Pd.SD.M.Pd','01','Kepala Sekolah UPT SPF SDN. 105336 Rantau Panjang','2104190343','1','Pembina Tingkat 1','KS','2021-09-30 11:16:00','2104210084'),('2109300022','197011152008012024','SURIANI, S.Ag., M.Pd','01','Kepala Sekolah SD Negeri 101925 Pantai Labu','2104190340','1','Pembina Tingakat I','KS','2024-08-19 12:01:36','2104210081'),('2109300023','196912141992032002','HJ. RINA, S.Pd','01','Kepala Sekolah SDN 106186 Kubah Sentang','2104190346','1','Pembina Tingkat I','KS','2023-07-04 20:31:57','2104210087'),('2109300024','196412311986042055','RUSMIDA NABABAN, S.Pd','01','Kepala Sekolah UPT SPF SDN 106827 Desa Durian','2104190352','1','Pembina Tingkat I','KS','2021-09-30 11:16:43','2104210093'),('2109300025','196508131992102002','MAYAR PARDOSI, S.Pd','02','Bendahara SDN 105343 Ramunia I/II','2104190345','1','Pembina','PB','2021-09-30 11:11:30','2104210086'),('2109300026','198312302009031006','IHSAN SILALAHI, S.Pd','01','Kepala Sekolah SD Negeri 104258 Pematang Biara','2104190342','1','Pembina','KS','2023-11-23 10:45:03','2104210083'),('2109300027','196610261988032009','KAMALIYAH,S.Pd','01','Kepala Sekolah SDN 105340 Denai Sarang Burung','2104190358','1','Pembina IV/B','KS','2023-11-22 13:40:09','2104210099'),('2109300028','197010101992032020','SRI RUSMIDAR ZEIN,S.Pd','01','Kepala Sekolah SD N 105338 DENAI KUALA','2104190344','1','Pembina Tk 1','KS','2023-11-22 13:21:04','2104210085'),('2109300029','196601011986042009','SOPIANNA, S.Pd','01','Kepala Sekolah','2104190355','1','Pembina Tk I.   IV/b','KS','2021-09-30 11:12:41','2104210096'),('2109300030','198008132014072001','AMNAH LUBIS, S.Pd','02','Pengurus Barang SDN 106186 Kubah Sentang','2104190346','1','Penata Muda','PB','2023-07-04 20:32:40','2104210087'),('2109300031','198208152022212028','SITI HADIJAH RITA, S.Pd','02','Pengurus Barang SD Negeri 101925 Pantai Labu','2104190340','1','Penata','PB','2024-06-12 16:53:28','2104210081'),('2109300032','198205042015032002','HERAWANI, S.Pd','02','Bendahara BOS SD Negeri 104258 Pematang Biara','2104190342','1','GURU AHLI MUDA / III-C','PB','2024-08-21 09:02:53','2104210083'),('2109300033','198012112009031005','Alan Sarwedi Simamora,S.Pd','02','Bendahara Sekolah ','2104190351','1','Penata Tingkat I','PB','2021-09-30 11:14:40','2104210092'),('2109300034','198801202010011005','Zakie Wahidotomo, M.Pd','01','Pengurus Barang','2104190361','1','Pembina, IV/a','PB','2024-08-27 07:31:31','2104210102'),('2109300035','198209042014071001','Dwi Puspita, S.Ag','02','Pengurus Barang UPT SPF SDN 104256 Rugemuk','2104190359','1','Penata Muda','PB','2021-09-30 11:15:10','2104210100'),('2109300036','196604251988032011','SUMIATI, S.Pd','02','Guru Kelas','2104190343','1','Pembina Tingkat 1','PB','2021-09-30 11:15:43','2104210084'),('2109300037','197902222014072004','SYAMSYIAH, S.Pd','02','Pengurus Barang UPT SPF SDN 106827 Desa Durian','2104190352','1','Penata Muda','PB','2024-03-27 15:29:38','2104210093'),('2109300038','198509212019032006','SENIWATI, S.Pd','02','Bendahara Barang SDN 104250','2104190357','1','Penata Muda','PB','2022-11-17 10:31:30','2104210098'),('2109300039','196910072008011022','Marso,S.Pd','02','Bendahara  Bos SD N 105338 DENAI KUALA','2104190344','1','Pengatur','PB','2021-09-30 11:18:41','2104210085'),('2109300040','198404172011011010','ARI SANDY SEMBIRING, S.Pd','02','Bendahara','2104190356','1','Penata TK I','PB','2024-12-22 17:02:19','2104210097'),('2109300041','198702132011012012','DESRI JUWITA,S.Pd','02','BENDAHARA SDN 105340 Denai sarang Burung','2104190358','1','Penata Tingkat I/III-d','PB','2021-09-30 11:18:54','2104210099'),('2109300042','196708061990121003','DARIANUS,S.Pd, M.Pd','01','Kepala SMP Negeri 1 Pancur Batu','2104190476','1','Pembina Utama Muda / IV-C','KS','2025-02-04 09:46:19','2104220058'),('2109300043','196608071987121003','Muhammad Saleh, S.Pd','01','Kepala Sekolah UPT SPF SDN 101928 Rantau Panjang','2104190348','1','Pembina','KS','2021-09-30 11:34:32','2104210089'),('2109300044','196711231992092002','Aida Murniati, S.Pd','02','Pengurus Barang UPT SPF SDN 101928 Rantau Panjang','2104190348','1','Pembina Tk.I','PB','2021-09-30 11:36:20','2104210089'),('2109300045','197606082014071002','Marlen Bangun','02','guru kelas','2104190438','1','III/a','PB','2021-09-30 12:24:03','2104220020'),('2109300046','197107181994012002','ZULMAULI NASUTION, S.Pd MM','01','Kepala Sekolah SD Negeri 107401 Pematang Lalang','2104190140','1','Pembina Tingkat I','KS','2024-01-05 09:49:04','2104200119'),('2109300047','19660204 2007011024','FEBRUARI DUHA S,Pd','02','Bendahara Barang SD Negeri 107401 Pematang Lalang','2104190140','1','Penata Tingkat I','PB','2021-09-30 13:02:10','2104200119'),('2109300048','198812202017082001','IIN PRATIWI TARIGAN, S.Pd','02','Pengurus Barang','2104190445','1','Penata Muda','PB','2021-09-30 14:00:53','2104220027'),('2109300049','197109262002122002','RIDAMA SITANGGANG, S.Pd','01','Kepala Sekolah SMP NEGERI 1 KUTALIMBARU','2104190445','1','Pembina Tingkat I ','KS','2024-08-20 16:18:55','2104220027'),('2109300050','198011102003122011','WAN AISYAH, S.Pd','01','Kepala UPT SPF SDN 106443 Sei Baharu','2104190041','1','Pembina, IV/a','KS','2022-01-09 17:48:03','2104200031'),('2109300051','196702142007011043','SAFII','02','Pengurus Barang UPT SPF SDN 106443 Sei Baharu','2104190041','1','Penata Muda Tingkat 1, III/b','PB','2024-08-08 14:33:59','2104200031'),('2109300052','197812102005021007','Halomoan Ritonga, S.Pd','01','Kepala Sekolah SD Negeri 104209 Saentis','2104190090','1','Pembina / IV-a','KS','2024-08-21 21:59:00','2104200081'),('2109300053','198311032005041001','M. Aslam Nasution, S.Pd','02','Bendahara SD Negeri 104209 Saentis','2104190090','1','Penata Muda Tk. I / III-b','PB','2024-08-21 21:59:54','2104200081'),('2109300054','197908082005021009','AGUS RAMADANI, S. Pd','01','Kepala SD Negeri 106812','2104190134','1','Penata TK. I / III d','KS','2021-10-18 14:51:28','2104200122'),('2109300055','198201142005021001','AGUNANTA GURUSINGA, S.Pd','01','Kepala Sekolah','2104190491','1','Penata Tingkat I','KS','2021-09-30 17:06:52','2104220073'),('2109300056','196506191986042009','ASNAH','02','Pengurus Barang','2104190491','1','Pembina','PB','2021-09-30 17:06:40','2104220073'),('2109300057','198403152011011005','RINTO SITOHANG, S.Pd','01','KEPALA SEKOLAH SD NEGERI 106182 PASAR V KEBUN KELAPA','2104190320','1','PENATA TK.I','KS','2022-11-18 11:12:09','2104210063'),('2109300058','196609061996122002','BINUR PANJAITAN, S.Pd','02','PENGURUS BARANG','2104190320','1','PEMBINA','PB','2022-11-18 11:12:18','2104210063'),('2109300060','196606262007012026','NAESTA NAIBORHU, S.Pd','02','PENGURUS BARANG','2104190315','1','PENATA TK.I','PB','2021-09-30 17:53:47','2104210058'),('2109300061','197301161997022001','Diana Dewita SPd.MSi','02','Pengurus Barang','2104190079','1','Pembina Tk.I/ IV,B','PB','2022-02-07 12:06:42','2104200061'),('2109300062','196410071986042004','AMNAH, S.Pd.I,. M.Pd.I','01','Kepala UPT SPF SDN 104192 TANDAM HILIR II ','2104190052','1','IV C ','KS','2021-09-30 19:03:19','2104200043'),('2109300063','198212272014031001','EDI SISWANTO, S.Pd','02','Petugas Penyimpan Barang ','2104190052','1','III A','PB','2021-09-30 19:04:21','2104200043'),('2109300064','198003082003122009','ELVI SYAHARA LUBIS, M.Pd','01','Kepala Sekolah SDN 101773 Kolam','2104190104','1','IV/b','KS','2024-08-20 21:18:26','2104200095'),('2109300065','199210232022211007','MUHAMMAD TAUFIK GHOZALI,S.Pd','02','PENGURUS BARANG','2104190418','1','III/a','PB','2023-12-30 00:01:27','2104210159'),('2109300066','196804081994012002','CHAIRUL BARIYAH, S.Pd','02','Pengurus Barang ','2104190349','1','Penata Tk.I','PB','2023-07-18 09:53:15','2104210090'),('2109300067','198609072019032006','MASTINA ASMARA, S.Pd','01','KEPALA UPT SPF SDN 106179','2104190244','1','PENATA/ III/B','KS','2025-01-08 10:21:47','2104200232'),('2109300068','199012182019032006','MELISA LUBIS, S.Pd.','02','PENGURUS BARANG ','2104190244','1','PENATA / III A','PB','2022-04-27 09:08:09','2104200232'),('2109300069','196409171992032008','ROSMITA BR SITEPU, S.Pd','01','Kepala Sekolah','2104190181','1','Pembina TK.I IV/b','KS','2021-09-30 21:12:03','2104200165'),('2109300070','196504111987122004','JUWITA','02','Pengurus Barang SDN. 106449 Pujimulio','2104190181','1','Penata TK-1  III/d','PB','2023-03-14 10:29:18','2104200165'),('2109300071','198106172009031007','HENRIWANTO PARULIAN HOT MARTUA SIMBOLON, S.Si','01','KEPALA UPT SPF SDN 105329 WONOSARI','2104190238','1','Penata Tk. I / III D','KS','2023-07-12 09:41:44','2104200223'),('2109300072','198602132010011008','KHALID SIMARGOLANG, S.Pd','02','PENGURUS BARANG','2104190238','1','Penata / III D','PB','2024-03-27 09:13:36','2104200223'),('2109300073','197007042008012026','JULIANI, S.Pd','02','Penyimpan Barang','2104190270','1','Penata Muda TK I','PB','2021-09-30 21:21:40','2104210011'),('2109300074','198802012011012018','HANNYSA FATIMAH, S.Pd','02','Pengurus Barang UPT SPF SDN 104255 Paluh Sibaji','2104190341','1','Penata','PB','2024-08-21 10:05:17','2104210082'),('2109300075','198709212011012021','ZULPIANA DAULAY, S.Pd','01','Kepala Sekolah SD Negeri 106183 Karang Anyar','2104190325','1','Penata, III/c','KS','2024-06-07 09:03:05','2104210066'),('2109300076','196811171992092001','SRI MARHENI,S.Pd','01','Kepala Sekolah','2104190332','1','Pembina Tingkat I','KS','2021-09-30 23:39:42','2104210073'),('2109300077','196503071986092003','HIRMAULI, S.Pd','02','Pengurus Barang SD Negeri 106183 Karang Anyar','2104190325','1','Pembina Tk I','PB','2021-09-30 23:36:59','2104210066'),('2109300078','196807061987121002','HIKMAH','02','Pengurus Barang','2104190332','1','pengatur muda tingkat I','PB','2021-09-30 23:39:07','2104210073'),('2109300079','198305052022211022','EDWARD RICARDO SIHALOHO,S.Pd','02','Pengurus Barang','2104190190','1','Penata Muda Tingkat 1','PB','2024-01-11 09:32:41','2104200170'),('2110010001','196804091988112002','HASTUTI NINGSIH, S.Pd','01','Kepala UPT SPF SDN 101919 Kuala Namu','2104190328','1','Pembina Tk. I','KS','2021-12-20 13:03:49','2104210069'),('2110010002','197603282014011002','BAMBANG ANDI SURIANTO, S.Ag','02','Pengurus Barang UPT SPF SDN 101919 Kuala Namu','2104190328','1','Penata','PB','2024-08-24 10:57:44','2104210069'),('2110010003','197206071997122002','KRISTINA SIBARANI,S.Pd','01','Kepala UPT SPF SDN 106789 Tanjung Gusta','2104190156','1','Pembina TK I / IV B','KS','2024-01-09 14:20:38','2104200153'),('2110010004','198704282009032005','DINA MARIANA SIHITE,S.Pd SD','02','Bendahara Barang','2104190156','1','Penata TK I / III D','PB','2025-01-09 19:09:44','2104200153'),('2110040001','199109192022212009','NURAZIZAH RAMBE, S.Pd','02','Pengurus Barang Sekolah SDN. 105337 Pantai Labu Pekan','2104190360','1','IX','PB','2023-07-14 15:59:52','2104210101'),('2110050001','196503211986082006','HJ. DUMA SARI SLY, S.Pd','01','Kepala SDN 101775 Sampali','2104190081','1','Pembina Tk.1','KS','2021-10-05 07:50:12','2104200065'),('2110130001','198107072014072004','SUSANTI, M.Pd','02','Pengurus Barang','2104190362','1','Penata Muda','PB','2024-08-21 12:33:50','2104210103'),('2110130002','196909112008011021','SUSAMTO, S.Pd','02','Bendahara Sekolah SDN 106160','2104190126','1','Penata','PB','2021-10-13 20:54:21','2104200111'),('2110160001','198707212009032006','ERVIYANTI, S.Pd','01','Kepala Sekolah SD Negeri 106797','2104190044','1','Penata Tk I','KS','2022-09-02 10:50:23','2104200034'),('2110160002','197007311990072002','Nurmiati, S.Pd','01','Kepala Sekolah UPT SPF SDN 101769 Tembung','2104190085','1','Pembina Tingkat I','KS','2021-10-16 10:05:04','2104200074'),('2110160003','198710242009032007','FARIDAH HANUM, S.Pd','02','Bendahara UPT SPF SDN 101769 Tembung','2104190085','1','Penata Muda Tingkat I','PB','2022-08-25 10:55:31','2104200074'),('2110170001','197107092006042020','RAHMA BORU PURBA, S.PdI, MA','01','KEPALA SEKOLAH UPT SPF SD NEGERI 107403','2104190141','1','PENATA TINGKA I','KS','2021-10-17 10:57:51','2104200121'),('2110170002','198708312019032004','Feny Triana, S.Pd','02','BENDAHARA UPT SPF SD NEGERI 107403','2104190141','1','PEMBINA','PB','2021-10-17 11:01:10','2104200121'),('2110180001',' 196911251994031004','NUZULUDDIN, S.Pd., M.Pd','01','Kepala  UPT SPF SDN 101749 Klumpang Kebun','2104190030','1','Pembina Tk I / IV-b','KS','2023-08-08 17:35:34','2104200020'),('2110180002','196904161993012004','ENI SULASTRI, S.Pd','02','Pengurus Barang UPT SPF SDN 101749 Klumpang Kebun','2104190030','1','Pembina Tk. I / IV-b','PB','2023-01-10 11:53:23','2104200020'),('2110180003','196911291994111001','WIDODO S.Pd','02','PENGURUS BARANG SD N 106812','2104190134','1','IV/A','PB','2021-10-18 14:52:57','2104200122'),('2110180004','198405182022212003','ERTALIA PERANGIN-ANGIN, S.Pd','02','Bendahara Persediaan','2104190432','1','Guru muda','PB','2023-11-13 11:50:14','2104220014'),('2110190001','197004031991032010','KARTINI, S.Pd','01','Kepala Sekolah SD Negeri 101809 Ajibaho','2104190397','1','Pembina Utama Muda , IV/c','KS','2024-08-20 13:52:40','2104210138'),('2110190002','196606241996122003','JUMIANA, S.Pd','02','Bendahara SDN 101809 Ajibaho','2104190397','1','Pembina Tk. I , IV/b','PB','2024-08-20 13:54:44','2104210138'),('2110200001','197002081996121003','NGATIMAN, S.Pd','01','Kepala Sekolah SD Negeri 101809 Ajibaho','2104190397','0','Pembina Tk. I, IV/b',NULL,'2024-08-20 13:52:56','2104210138'),('2110200002','198509282022212003','SYAFRINA, S.Pd','02','Bendahara Barang','2104190434','1','','PB','2023-08-03 10:03:44','2104220016'),('2110200003','199010102022211010','ALEX CHANDRA SINUHAJI, S.Pd','02','Bendahara Barang','2104190424','1','','PB','2023-12-28 11:50:37','2104220006'),('2110200004','196808222000032002','Lias Br Sitepu, S.Ag','02',' Bendahara SDN 101810 Biru Biru','2104190400','1','Pembina, IV/a','PB','2024-08-20 12:25:59','2104210141'),('2110210001','197111142006042005','ROSMAWATI BR BARUS,S.Pd','01','Kepala Sekolah SDN 106821 BANDAR BARU','2104190503','1','Penata Tingkat I /III-d','KS','2023-07-04 15:59:23','2104220085'),('2110210002','198802072022212002','NUR ASNI, S.Pd','02','Pengurus Barang','2104190503','1','Ahli Pertama /IX','PB','2024-08-20 10:37:29','2104220085'),('2110210003','199004032019032004','SUSILAWATI,S.Pd','01','Kepala Sekolah SD Negeri 101766 Bandar Setia','2104190100','1','III.C','KS','2024-08-22 12:52:37','2104200086'),('2110210004','197412032005021002','ROLI, S.Pd.SD','01','Kepala SD Negeri 101768 Tembung','2104190102','1','Pembina  / IV-A','KS','2024-08-23 08:18:02','2104200092'),('2110210005','197503182008012011','ERTI HERAWATI DAULAY, S.Pd','02','Bendahara Barang SD Negeri 101768 Tembung','2104190102','1','Pembina  / IV.A','PB','2024-08-23 08:17:51','2104200092'),('2110210006','196508221994121007','IDRIS, S.Pd., M.Si','01','KEPALA SMP N 3 LABUHAN DELI SATU ATAP','2104190080','1','Pembina Utama Muda','KS','2021-10-21 11:25:48','2104200063'),('2110210007','198311202009031008','SURYA DARMA, S.Pd','02','PENGURUS BARANG SMP N 3 LABUHAN DELI SATU ATAP','2104190080','1','Penata Tk. I','PB','2021-10-21 11:26:12','2104200063'),('2110210008','196810161988072002','JULISAH LUBIS,S.Pd','01','KEPALA SEKOLAH SD NEGERI 105289','2104190120','1','PEMBINA TINGKAT 1','KS','2021-10-21 11:43:23','2104200103'),('2110210009','196811192008012015','RUSLINDA RITA,S.Pd','02','GURU KELAS','2104190428','1','Penata Tingkat I','PB','2021-10-21 11:47:27','2104220010'),('2110210010','197105271993052003','MASHANI PAKPAHAN, S.Pd','01','KA. UPT SDN 104206','2104190115','1','Pembina Utama','KS','2024-01-05 08:55:28','2110210001'),('2110210011','196810091988072002','Lannur Hasibuan, S.Pd','02','Penggurus Barang','2104190115','1','Pembina Utama','PB','2022-01-23 21:55:02','2110210001'),('2110210012','197004031991032010','Kartini Spd','01','Kepala Sekolah SD Negeri 101813 Buluh gading','2104190387','1','Pembina Tingkat I,IV/B',NULL,'2021-10-21 14:55:08','2104210128'),('2110210014','198609192019032008','SRI RAHAYU BR GINTING, S.Pd.SD','01','KEPALA SEKOLAH SD NEGERI 105268','2104190169','1','Penata Muda Tk.I / IIIb','KS','2024-08-25 20:02:45','2104200150'),('2110210015','197506282005012002','SURIHANDAYANI, S.PdI','02','GURU','2104190169','1','III/d','PB','2024-12-28 16:12:41','2104200150'),('2110230001','196502011986042011','Dewiana Wijaya,M.Pd','01','Kepala Sekolah','2104190290','1','Pembina','KS','2021-10-23 10:39:42','2104210033'),('2110230002','197809052022212009','Masriana Girsang,S.E','02','Pengurus Barang','2104190290','1','Penata','PB','2023-07-02 20:44:11','2104210033'),('2110240002','196504191997121003','INDERA KARO  KARO S.Pd','01','Ka. UPT SPF SDN 101854 SEI MENCIRIM','2104190427','1','','KS','2021-10-24 16:48:18','2104220009'),('2110240003','198603282009032005','LAYASSINA SURBAKTI, S.Pd','02','Bendahara','2104190427','1','','PB','2021-10-24 16:49:54','2104220009'),('2110240004','196712311988112013','ROSDIANA PURBA, S.Pd','01','kepala sekolah','2104190393','1','PEMBINA TINGKAT 1','KS','2023-07-21 10:50:41','2104210134'),('2110250001','197812272001032002','RASMIN NATALIA BR SEMBIRING','02','BENDAHARA BARANG','2104190393','1','PENATA TK III','PB','2021-10-25 07:15:50','2104210134'),('2110310001','19660417 200701 2020','LIDIA MANALU, S.Pd','01','KEPALA SEKOLAH SDN 101778 MEDAN ESTATE','2104190108','1','IV A','KS','2024-01-08 22:53:33','2104200101'),('2110310002','196906251993052002','Siti Nurainun Nst, S.Pd','02','GURU KELAS','2104190108','1','IV B','PB','2022-02-08 08:23:11','2104200101'),('2110310003','197606261997122003','RISDANIATY, S.Pd., M.Si','01','Kepala Sekolah SD Negeri 107405 Sei Rotan','2104190143','1','Pembina Tk.I IV B','KS','2025-01-09 16:35:40','2104200128'),('2110310004','199208292022212004','FITRI ASMAWATI, S.Pd','02','Pengurus Barang','2104190143','1','Golongan IX','PB','2024-08-24 10:23:12','2104200128'),('2111010001','199607132019031004','AHMAD SOPYAN, S.Pd','02','PENGURUS BARANG SDN 101766 BANDAR SETIA','2104190100','1','III a','PB','2022-11-21 12:11:03','2104200086'),('2111010002','196812312008012145','NURLIANA POHAN, M.Pd','01','Kepala Sekolah SD Negeri 106811 B.Setia','2104190133','1','IV/b','KS','2023-11-14 10:30:10','2104200120'),('2111010003','197911062006042028','SITI RAHMAH, S.Pd.SD','02','Guru Kelas','2104190133','1','III/d','PB','2022-02-08 10:02:33','2104200120'),('2111030001','196703141987121004','ABDUL AJID,S.Pd','01','Kepala Sekolah SDN NO.105326 B.REJO','2104190267','1','Pembina','KS','2021-11-03 10:04:27','2104210009'),('2111030002','196808131990112002','IDA RIYANI,S.Pd','02','Pengurus Barang','2104190267','1','Pembina Utama','PB','2022-04-21 11:35:08','2104210009'),('2111040001','199008172022212004','REKA MARGARETHA, S.Pd','02','BENDAHARA BOS','2104190401','1','IX','PB','2025-03-07 16:41:30','2104210142'),('2111090001','19851221 201001 2012','IRMA SURYANI SIREGAR,S.Pd','02','PENGURUS BARANG','2104190247','1','PENATA TK I','PB','2021-11-09 11:13:23','2104200237'),('2111170001','197106091993052002','MARLIYAH, S.Pd, SD','01','Kepala Sekolah SD Negeri 104207 Cinta Damai','2104190116','1','','KS','2023-07-12 08:01:45','2109280001'),('2111180001','196709221990072004','PONISI, S.Pd','01','KEPALA SEKOLAH SDN 101777 SAENTIS','2104190107','1','Pembina TK.1/IVb','KS','2021-11-18 11:47:20','2104200100'),('2111240001','197902072006042030','RINTI FEBRIENY, S.Pd','01','Kepala UPT SPF SDN 105346 Aras Kabu','2104190324','1','Penata Tk I / IIId','KS','2023-06-30 15:57:32','2109130001'),('2111240002','199009262022211005','SUGIARMAN, S.Pd','02','Bendahara Barang','2104190324','1','Guru Pertama / IX','PB','2024-12-03 14:23:22','2109130001'),('2111260001','197507172008011016','DEDI ASMAJAYA, M.Pd','02','Wakasek Bidang Sarpras','2104190149','1','IV/B','PB','2024-02-06 10:20:46','2104200137'),('2112140001','197204051994122003','Ragunni Gultom, S.Pd, M.Si','01','Kepala Sekolah SMP Negeri 2 Beringin Satu Atap','2104190339','1','Pembina Tingkat I','KS','2023-07-20 16:35:56','2104210080'),('2112140002','199204082019032021','Risa Wulandari, S.Pd.I','02','Pengurus Barang','2104190339','1','Penata Muda Tk. I','PB','2023-11-14 12:50:49','2104210080'),('2112200001','197409222014072001','NURATINI, S.Ag','01','Kepala Sekolah SDN 104288 BATU GINGGING','2104190628','1','Penata, III/c','KS','2024-01-05 09:44:42','2104220209'),('2112240001','196803021987122006','Halijah Br Barus S Pd I','01','Kepala Sekolah UPT SPF SDN NO.101793 Patumbak II','2104190365','1','Pembina Tingkat I','KS','2021-12-24 23:09:49','2104210106'),('2112260001','196804031987122006','SITI MARYAM HARAHAP, S.Pd.I','01','Kepala Sekolah UPT SPF SDN 105348','2104190333','1','Pembina Tingkat I','KS','2021-12-26 08:25:38','2104210074'),('2112260002','198202192014072002','ISWAHYUNI, S.Pd','02','Bendahara Barang UPT SPF SDN 105348','2104190333','1','Penata Muda','PB','2021-12-26 08:25:25','2104210074'),('2112270001','196607231987122004','ERMINNA BARUS,S.Pd','02','PENGURUS BARANG','2104190628','1','PEMBINA TK I / IV.b','PB','2021-12-30 11:42:03','2104220209'),('2112290002','196603081990111003','LAMSANA SIPAYUNG, S.Pd','02','Guru Kelas','2104190575','1','Pembina Tk.I ','PB','2021-12-29 10:44:54','2104220157'),('2112290003','197603132006041023','DARIUS PURMANTO TARIGAN,S.Pd.SD','01','Kepala UPT SPF SDN 101974 Sei Putih','2104190613','1','III/D','KS','2021-12-29 10:57:06','2104220194'),('2112290004','198210092022212021','JENNY BERSIDA PURBA, S.Pd','02','Guru SDN 106197 Paku','2104190607','1','Penata Muda/III A','PB','2023-07-30 00:06:54','2104220188'),('2112290005','196309102007012026','ROHANA HERAWATI SIHOMBING, S.Pd','02','Pengurus Barang','2104190614','1','Penata','PB','2021-12-29 10:46:21','2104220195'),('2112290006','198202202006042025','NITA LESTARI,S.Pd','01','Kepala Sekolah SD Negeri 101965 Kotasan','2104190579','1','Penata TK.I / III/D','KS','2021-12-29 10:46:31','2104220161'),('2112290007','196609062006942008','Marhaini, S.Pd','01','Kepala Sekolah SD Negeri 101971 Sei Karang','2104190585','1','Pembina IVa','KS','2024-08-21 08:17:10','2104220167'),('2112290008','196611031987121003','Muhammad Iksan, S.Pd','02','Bendahara SDN 101965 Kotasan','2104190579','1','Pembina TK.I / IV/B',NULL,'2024-08-20 11:35:02','2104220161'),('2112290010','197902112014072002','MASLIANNA BR SARAGIH,S.Pd','02','Pengurus Barang ','2104190613','1','III/D','PB','2024-08-19 11:32:50','2104220194'),('2112290011','197907072010012012','ROBIATUL ADAWIYAH, S.Pd','01','KEPALA SEKOLAH','2104190609','1','III/d','KS','2023-12-28 09:13:53','2104220190'),('2112290012','198006232014072002','LASMARIA ARITONANG, S.Pd','02','Pengurus Barang','2104190580','1','III A','PB','2023-07-30 14:28:27','2104220162'),('2112290013','197012192008012013','RUSNA SIHOTANG, S.Pd','02','Pengurus Barang','2104190606','1','Penata','PB','2021-12-29 11:05:40','2104220187'),('2112290014','198708162010032001','NURUL HUSNA, S.Pd','01','Kepala Sekolah SDN 107430 Galang','2104190611','1','Penata / Guru Madya / III c','KS','2025-01-20 08:48:16','2104220192'),('2112290015','196603121987122001','POJIAH HANUM, S.Pd','01','Kepala Sekolah Sdn 101961 Timbang Deli','2104190577','1','Pembina Tk.I /IVB','KS','2021-12-29 11:25:52','2104220159'),('2112290016','197812272022212001','NURASIAH, S.Pd','02','PENGURUS BARANG','2104190609','1','IX','PB','2025-01-18 10:27:36','2104220190'),('2112290017','196601021988032016','RAMLAH, S.Pd','02','Bendahara Barang SDN 107430 Galang','2104190611','1','Pembina Tk I /Guru Madya  /  IV b','PB','2023-11-26 21:39:14','2104220192'),('2112290018','196910081994122006','HOTMA SIHITE, S.Pd','01','Kepala Sekolah SDN 104283 Jaharun B','2104190597','1','Pembina Tingkat I','KS','2021-12-29 11:13:14','2104220178'),('2112290019','19750421 201407 2001','JURAEDAH,S.Pd','02','Guru Kelas SDN 105385 Kotasan','2104190602','1','Penata Muda','PB','2021-12-30 00:02:50','2104220183'),('2112290020','199311032019032010','EVASION SIMANJUNTAK, S.Pd','02','Pengurus Barang','2104190583','1','Penata Muda','PB','2021-12-29 21:07:13','2104220165'),('2112290022','198603112014072001','SUPARTIK, S.Pd','02','Guru SDN 104283 Jaharun B','2104190597','1','Penata Muda','PB','2021-12-29 11:17:17','2104220178'),('2112290023','196801011987122002','SALIYEM, S.Pd.I','02','Pengurus Barang','2104190586','1','Pembina Tkt I / IV-b','PB','2024-08-21 07:52:10','2104220168'),('2112290024','198409072022212036','YENI, S.Pd','02','Bendahara Barang Sdn 101961 Timbang Deli','2104190577','1','Penata Muda /IX','PB','2025-01-13 11:10:22','2104220159'),('2112290025','198603262011012018','RANNY PURNAMASARI, S.Pd','01','KEPALA SEKOLAH','2104190612','1','III/d','KS','2025-01-01 10:58:01','2104220193'),('2112290026','197811212014072003','NOVITA ULIARTA TARIGAN, SH, S.Pd','01','KEPALA UPT SPF SDN 105298 PATUMBAK ','2104190372','1','PENATA','KS','2024-08-19 22:08:58','2104210113'),('2112290027','1971112419920302009','Dra.Hj.FITRIYANTI SIMARMATA, M.Si','01','Kepala Sekolah SDN 101796 Patumbak','2104190381','1','Pembina Utama Muda / IV.C','KS','2024-08-19 12:29:45','2104210122'),('2112290028','196809082007012027','WONISAH, S.Pd','02','Pengurus Barang','2104190381','1','Penata TK. I / III.D','PB','2024-08-19 12:30:53','2104210122'),('2112290029','196901161994032008','RELITA SIHALOHO, S.Pd','01','KEPALA SEKOLAH SDN 105387 SEI KARANG','2104190604','1','PEMBINA TKI','KS','2021-12-31 06:52:56','2104220185'),('2112290030','196912272008012016','SITI RAMLAH, S.Pd','02','BENDAHARA BARANG SDN 105387 SEI KARANG','2104190604','1','PENATA TKI','PB','2021-12-29 19:19:10','2104220185'),('2112300002','196601211986042002','MARHENDRAWATI,S.Pd','01','KEPALA SEKOLAH SDN 101991 BANGUN PURBA','2104190620','1','PEMBINA TK I','KS','2021-12-30 11:39:42','2104220201'),('2112300003','196706102007011057','Drs. Nasib Muda','01','Kepala Sekolah SDN 101996 Batu Rata','2104190624','1','Pembina ','KS','2022-01-06 11:48:09','2104220205'),('2112300004','19680822 198803 2006','Emmelia Risnauli Saragih, S.Pd','01','Kepala Sekolah SDN 107432 B.P Tengah','2104190634','1','Pembina TK I','KS','2024-12-10 22:47:17','2104220215'),('2112300005','197105272006042019','NURAISYAH, S.Pd','01','KEPALA SEKOLAH SDN 106202 SIALANG','2104190632','1','PEMBINA IV/a','KS','2025-01-17 11:42:22','2104220213'),('2112300006','196506171992032008','KOMANTA Br PURBA,S.Pd','01','Kepala Sekolah SDN 108151 Bah Perak','2104190635','1','Pembina Tk-I','KS','2021-12-30 11:40:17','2104220216'),('2112300007',' 197101162022212002','Bertha Roosdiana Panjaitan, S.Pd','01','Kepala Sekolah SDN 105396 Ujung Rambe','2104190629','1','IX','KS','2025-01-30 12:21:24','2104220210'),('2112300008','196804111990072003','RASMAITA S.Pd','01','KEPALA SEKOLAH SDN 104286 BANDAR MERIAH ','2104190626','1','','KS','2022-01-24 08:36:31','2104220207'),('2112300009','19801111 201407 2003','SRI MULIANA BR SARAGIH, S.Pd','01','KEPALA SEKOLAH SDN 101992 CIMAHI','2104190621','1','Penata Muda Tk. I','KS','2024-04-01 10:34:24','2104220202'),('2112300010','196702032007012022','SRI KUSWANTI, S.Pd','01','KEPALA SEKOLAH SDN 105299','2104190373','1','','KS','2021-12-30 11:44:16','2104210114'),('2112300011','196510231987121007','IRWANSYAH, S.Pd','01','KEPALA SEKOLAH SDN 101997 BANDAR GUGUNG','2104190625','1','PEMBINA TK I/ IV B','KS','2023-08-07 12:23:49','2104220206'),('2112300012','196505071986082006','SABARINA,S.Pd','02','PENGURUS BARANG','2104190620','1','PEMBINA TK 1','PB','2021-12-30 11:42:19','2104220201'),('2112300013','19650321 2007012018','Restuti Hasibuan,S.Pd','02','Pengurus Barang','2104190629','1','Penata TK I','PB','2021-12-30 11:42:26','2104220210'),('2112300014','196505052007012031','RASKITA PERANGIN ANGIN','02','Pengurus Barang SDN 108151 Bah Perak','2104190635','1','Pembina','PB','2022-01-23 23:46:14','2104220216'),('2112300015','198607172010012028','NINA MAYASARI SINAGA,S.Pd','02','PENGURUS BARANG','2104190632','1','PENATA MUDA / III A','PB','2021-12-30 11:43:03','2104220213'),('2112300016','19790208 201407 2004','RINGANKEN SIPAYUNG ','02','BENDAHARA BARANG ','2104190626','1','Penata Muda III-a','PB','2022-01-24 08:36:36','2104220207'),('2112300017','197204042022212002','Masriani, S.Pd','02','Pengurus Barang','2104190624','1','Guru Kelas Ahli Pertama','PB','2023-06-23 10:28:46','2104220205'),('2112300018','198011232005022006','Untung Malem Barus,S.Pd','01','Kepala Sekolah SDN 106846 Balua','2104190633','1','Penata Tk.I','KS','2024-01-09 10:37:16','2104220214'),('2112300019','19911022 201903 1005','IRVAN SEBAYANG, S.Ag','02','Guru  Kelas','2104190621','1','Pengatur ','PB','2024-04-01 10:32:52','2104220202'),('2112300020','198403022014072001','Mahdalena Sitepu,S.Pd','02','Bendahara ','2104190633','1','Penata Muda','PB','2021-12-30 11:47:55','2104220214'),('2112300021','197208211994032008','WIWIK RAHAYU, S.Pd','01','Kepala Sekolah UPT SPF SDN 107103 Lantasan Baru','2104190366','1','Pembina Tk I/IV B','KS','2021-12-30 11:56:42','2104210107'),('2112300022','198601182009032006','ARNITA SIMAMORA, S.Pd ','01','Kepala Sekolah SD Negeri 105380 Keramat Gajah','2104190598','1','Penata Tk I','KS','2025-01-20 08:25:38','2104220179'),('2112300023','197301032000032007','ROSDIANA NURHANDAYANI,S.Pd','01','Kepala Sekolah SDN 104211 Marindal I','2104190380','1','Pembina TK I','KS','2023-11-20 22:02:01','2104210121'),('2112300024','197507052014071002','Tugiman, S.Pd','01','Kepala Sekolah SDN 105389 Timbang Deli','2104190605','1','Penata Muda','KS','2023-08-03 09:30:13','2104220186'),('2112300025','198009192005022010','Murnaini, S.Pd','02','Pengurus Barang SD Negeri 101971 Sei Karang','2104190585','1','Penata Tingkat I','PB','2024-08-21 08:14:27','2104220167'),('2112300026','197005192008012018','Julimar, S.Pd','02','Pengurus Barang SDN 105389 Timbang Deli','2104190605','1','Penata TK I','PB','2021-12-30 14:25:11','2104220186'),('2112300027','196607212007012019','MARI, S.Pd','02','Pengurus Barang','2104190612','1','IV/a','PB','2025-01-01 10:57:48','2104220193'),('2112300028','197305071996112002','SUASA BR PERANGINANGIN, S.Pd','01','Kepala Sekolah UPT SPF SDN 101810 Biru Biru','2104190400','1','Pembina Tk. I, IV/b','KS','2021-12-30 16:35:39','2104210141'),('2112300029','197803142014071002','Ahmad Sahrul, SS','01','Kepala Sekolah SD Negeri 101960 Galang','2104190576','1','Penata/IIIc','KS','2023-07-30 04:12:45','2104220158'),('2112300030','198908202022212012','May Sarah, S.Pd','02','Bendahara Barang SD Negeri 101960 Galang','2104190576','1','IX','PB','2024-08-20 09:56:15','2104220158'),('2112300031','195803132011012014','IRA FATMAWATI LUBIS, S.PdI','02','Guru Kelas','2104190592','1','Pengatur Tk. I','PB','2023-11-21 09:04:08','2104220174'),('2112310001','197103061992032010','Nurhayati Sembiring, S.Pd','01','Kepala Sekolah SPF SDN 106177 Tungkusan ','2104190525','1','Pembina TK I / IVb','KS','2025-01-18 21:12:22','2104220107'),('2112310002','198605312019032010','Suci Fauziah Fadhillah, S.Pd','02','Pengurus Barang SPF SDN 106177 Tungkusan ','2104190525','1','III/b','PB','2025-01-18 21:11:47','2104220107'),('2112310003','196602261987122002','SALBIAH,S.Pd','01','Kepala Sekolah SDN 106448 Bagan Serdang','2104190347','1','PEMBINA TINGKAT 1','KS','2022-01-24 09:47:15','2104210088'),('2112310004','197109252014072001','ELMA.S.Pd','02','Bendahara Barang SDN 106448 Bagan Serdang','2104190347','1','PENATA MUDA','PB','2022-01-24 09:48:00','2104210088'),('2112310005','196606221993012002','RESDERIA SIRINGO RINGO, S,PAK','01','KEPALA SEKOLAH SDN 101990 BANGUN PURBA','2104190619','1','PEMBINA TK 1','KS','2021-12-31 20:28:18','2104220200'),('2112310006','197905082014072001','MERY PURBA, S.Pd','02','PENGURUS BARANG','2104190619','1','PENATA TK I','PB','2021-12-31 20:30:46','2104220200'),('2201010001','196906181990072004','ROSMINA BR GINTING, S.Pd','02','Guru','2104190372','1','Pembina','PB','2023-07-19 18:34:05','2104210113'),('2201020001','196504091986042005','MELIANA PASARIBU, S.Pd','01','Kepala Sekolah SDN 105347 SIDOURIP','2104190337','1','Pembina Tk.I/IVb','KS','2024-08-23 16:04:39','2104210078'),('2201020002','198004252009031006','ADHY WIGUNA, M.Pd','02','Pengurus Barang','2104190337','1','Pembina/IVa','PB','2024-08-23 16:04:25','2104210078'),('2201030001','198703222019032004','RIZA IRAWATI NASUTION, S. Pd','02','Guru Kelas SDN 101964 Jaharun A','2104190573','1','Penata Muda ','PB','2023-08-02 22:34:55','2104220155'),('2201030002','197107312006042016','ERNA JULIANA SIPAYUNG, S. Pd','01','Kepala Sekolah SDN 101964 Jaharun A','2104190573','1','Pembina TK. I','KS','2023-08-02 22:34:41','2104220155'),('2201030003','197103172006042023','ELIANI, S.Pd.','02','Guru Kelas','2104190005','1','Pembina /IV A','PB','2023-03-29 10:00:19','2104190005'),('2201030004','197104051992102003','ERNAWATI, S.Pd.I','01','Kepala Sekolah SDN 105276 Kota Datar','2104190055','1','Penata Muda','KS','2022-01-03 11:37:52','2104200051'),('2201030005','199101212022212008','MASDELINA NASUTION, S.Pd','01','Kepala Sekolah SDN Inpres Paluh Makna','2104190002','1','Penata ','KS','2023-07-17 14:06:55','2104190002'),('2201030006','196812081992031016','ROBINSON SIPAYUNG, S.Pd','01','KEPALA SD N 105398 KONGSI DUA BEGERPANG','2104190618','1','PEMBINA TINGKAT I / IV.B','KS','2023-08-07 11:39:17','2104220199'),('2201030007','196707052007011069','SUKAMTO, S.Pd','02','PENGURUS BARANG SD N 105398 KONGSI DUA BEGERPANG','2104190618','1','PEMBINA TINGKAT I /IV.A','PB','2023-11-21 09:31:44','2104220199'),('2201050001','196508272000032004','AGUSTINA DARMAWATI, S.Pd','01','KEPALA SEKOLAH SDN 101994 GREAHAN','2104190623','1','Pembina Tk.I','KS','2022-01-05 19:44:45','2104220204'),('2201050002','199403172019032014','ERLIKASTA BR TARIGAN, S.Pd','02','BENDAHARA','2104190623','1','PenataTK.I','PB','2025-01-10 10:19:03','2104220204'),('2201060001','197101012006042008','SYAMSYIAH, S.Pd','01','KEPALA SEKOLAH SD NEGERI 105290 KOLAM','2104190121','1','Pembina Tingkat I','KS','2024-01-06 10:17:55','2104200104'),('2201060002','197612272022212003','EKA NOVITA, S.Pd','02','BENDAHARA BARANG SDN 105290 KOLAM','2104190121','1','Penata','PB','2024-01-06 10:18:35','2104200104'),('2201060003','196907231990122003','ZUMZUMASARI SIREGAR, M.Pd','01','Kepala SD Negeri 104201','2104190111','1','Pembina Tingkat I','KS','2022-01-06 10:24:24','2109040003'),('2201060004','198910182022212006','DIAN PRATIWI, S.Pd','02','Pengurus Barang','2104190111','1','Penata Muda','PB','2023-07-17 08:23:43','2109040003'),('2201060005','196609241987031008','SUBAGIO, S.Pd','01','Kepala Sekolah SD Negeri 101774 Sampali','2104190105','1','Pembina Tingkat 1','KS','2022-01-06 11:19:47','2104200097'),('2201060006','198503262009032013','DESTY PRATAMA AZHARI,S.Pd','02','Guru Kelas','2104190105','1','Penata Muda TK 1','PB','2024-08-22 09:36:45','2104200097'),('2201060007','197201241994112001','HJ. DEWI SUSANTI, S.Pd, M.Si','01','Kepala Sekolah SD Negeri 105287 Tembung','2104190091','1','IV A','KS','2023-11-16 11:01:13','2104200084'),('2201060008','198603212009032011','NINI SYAHDIANA BATUBARA, S.Pd.SD','02','Bendahara SD Negeri 105287 Tembung','2104190091','1','III D','PB','2023-11-16 10:55:26','2104200084'),('2201060009','196210271986042003','ROSMAULI SIHOMBING','02','Guru Kelas','2104190081','0','Penata / III c',NULL,'2023-11-16 09:49:00','2104200065'),('2201060010','198405022011012009','SANTI LIANA SARI, S.Pd','01','KEPALA SEKOLAH','2104190089','1','III/D','KS','2023-11-16 10:01:14','2104200078'),('2201060011','198806272022212016','LIZA JULHAFNI NASUTION, S.Pd','02','PENGURUS BARANG','2104190089','1','III/A','PB','2023-07-04 18:20:31','2104200078'),('2201060012','196503031987081003','RUSDAN','02','GURU KELAS','2104190132','1','PEMBINA/IV-A','PB','2022-11-18 14:49:28','2104200118'),('2201060013','197304241996112002','Nurlaili Pulungan M.Pd','01','Kepala Sekolah','2104190127','1','IV-b','KS','2022-01-06 20:59:46','2104200113'),('2201070001','196902122008012030','BUNGALIAS BR DAMANIK,S.Pd','01','Kepala Sekolah SDN 105399 Kulasar','2104190630','1','Penata Tk-I','KS','2022-10-08 17:25:52','2104220211'),('2201070002','196710022007012024','TRILINA SINAGA,S.Pd','02','Pengurus Barang SDN 105399 Kulasar','2104190630','1','Penata Tk-I','PB','2022-10-08 17:26:15','2104220211'),('2201070003','196505291986112004','REHLITNA,S.Pd','02','GURU','2104190598','1','Pembina TK I','PB','2023-08-03 12:37:32','2104220179'),('2201080001','199410252022122012','KHAIRINA SIREGAR, S.Pd','02','Pengurus Barang UPT SPF SD NEGERI 101752 KLAMBIR LIMA','2104190063','1','IX','PB','2025-06-29 12:05:00','2104200070'),('2201090001','197201011992021003','ZAINUN, S.Pd','02','Pengurus Barang','2104190235','1','Penata/III-d','PB','2023-07-06 10:02:59','2104200215'),('2201100001','196702241992032013','Martini, S.Pd','01','Kepala Sekolah SD Negeri 101857 Gunung Rintih','2104190514','1','Pembina Tingkat I (IV/b)','KS','2023-08-09 14:58:08','2104220096'),('2201100002','197212101997122002','Lisa Yustina Tambun,S.Pd','02','Pengelola Barang','2104190514','1','Pembina (IV/a)','PB','2022-01-18 09:03:35','2104220096'),('2201100003','198111132003122005','ROS HERLINAWATI BR TARIGAN,S.Pd','01','Kepala UPT SPF SDN 105316 Beranti','2104190521','1','Penata Tingkat I/IIId','KS','2023-08-11 07:42:56','2104220103'),('2201100005','19780703200801028','FARIDA SEMBIRING S.Pd ','01','Kepala Sekolah SD Negeri 101856','2104190530','1','Guru Muda','KS','2022-01-10 12:04:36','2104220112'),('2201100006','197805112014072002','ERLITHA BR SILALAHI,S.Pd','01','KEPALA SEKOLAH UPT SPF SDN 107414 Lau Buluh','2104190529','1','Penata Tingkat I / III d','KS','2022-11-19 20:28:10','2104220111'),('2201100007','197204012000032005','MARIANI SARITA TARIGAN,S.Pd','02','Pengelola Barang','2104190521','1','Pembina/IVa','PB','2023-07-31 16:34:02','2104220103'),('2201100008','199005052014032003','LUKI SABLIMAI, S.Pd M.Pd','01','Kepala UPT SPF SD Negeri 101732 Kp. Lalang','2104190160','1','PENATA / III C','KS','2024-08-02 10:19:32','2104200135'),('2201100009','196810162007012028','Dra. MARDIAH','02','Pengurus Barang','2104190160','1','PEMBINA TK.I / IV-B','PB','2024-08-27 10:28:01','2104200135'),('2201100010','198512112009032011','SYAMSARIZAH, S.Pd','01','Ka. UPT SPF SDN 101980 Naga Timbul','2104190591','1','Penata TK.I','KS','2025-01-02 11:50:29','2104220173'),('2201100011','197611022009042002','CHARITY BANJARNAHOR,S.Pd','01','KEPALA SEKOLAH UPT SPF SDN 101924 RAMUNIA','2104190331','1','Penata TK.1 / III/D','KS','2023-07-17 13:48:54','2104210072'),('2201100012','197106091996112002','Nurmala Sulia Sinaga, S.Pd','02','PENGURUS BARANG','2104190331','1','PEMBINA - IV/a','PB','2024-12-25 21:45:11','2104210072'),('2201110001','198104182006042036','ERNI YUSRI, S.Pd.SD','01','KEPALA SEKOLAH UPT SPF SDN 101878','2104190222','1','III/D','KS','2022-01-11 11:06:03','2104200213'),('2201110002','198812182011012004','EVA NATALIA, S.Pd','02','PENGURUS BARANG UPT SPF SDN 101878','2104190222','1','III/C','PB','2022-01-11 11:06:59','2104200213'),('2201110003','196601201990111002','ESRA, S.Pd','01','Kepala Sekolah SDN 101840 BASUKUM','2104190496','1','Pembina TK. I / IVb','KS','2022-01-11 13:48:44','2104220078'),('2201110004','197429122021211001','EDY SURANTA KABAN,S.Pd','02','PENGURUS BARANG','2104190496','1','IX','PB','2022-01-11 13:53:43','2104220078'),('2201120001','196712081987122004','Dra. HALIMATUSAKDIAH','01','Kepala Sekolah UPT SPF SDN 105345 Sidodadi R','2104190319','1','Pembina Tk. I / IVb','KS','2023-07-10 15:39:39','2104210062'),('2201120002','198103242006041010','MARTIN SANUR SEMBIRING,S.Th','01','Kepala Sekolah SDN 101858 Talapeta','2104190515','1','Penata TK I','KS','2024-08-09 13:42:33','2104220097'),('2201120003','196505151994032013','SAMPATEN BR BARUS,S.Pd','02','Pengurus Barang SDN 101858 Talapeta','2104190515','1','Pembina','PB','2023-07-30 16:26:21','2104220097'),('2201120004','196605072006041013','DANIEL, S. Pd','01','Kepala Sekolah SDN 101849 Suka Makmur','2104190422','1','','KS','2022-01-12 19:45:58','2104220004'),('2201120005','199702212019032006','LARASSATY, S.Pd','02','Bendahara Barang SDN 101849 Suka Makmur','2104190422','1','','PB','2022-01-12 19:49:04','2104220004'),('2201130001','197704272008011014','UNTUNG NARPATI, M.Pd','01','Kepala Sekolah SMPN 4 PANTAI LABU SATU ATAP','2104190364','1','Pembina Tk I','KS','2022-01-13 09:01:10','2109300001'),('2201130002','198907282019031003','SHUBHAN, S.Pd','02','Bendahara SMPN 4 PANTAI LABU SATU ATAP','2104190364','1','Penata Muda','PB','2022-11-28 10:43:29','2109300001'),('2201130003','199308262024212001','Demira Syahifa, S.Pd','02','Pengurus Barang','2104190024','1','IX','PB','2024-08-29 21:52:49','2104200038'),('2201130004','196712311987122022','NURALINA BR BARUS, S.PdI','01','KEPALA SEKOLAH UPT SPF SDN 106166 MARINDAL II','2104190375','1','PEMBINA TK-I','KS','2022-01-13 17:06:50','2104210116'),('2201130005','196709091993012002','Wagiah, S.Pd, M.Si','01','Kepala Sekolah SDN. 101790 Marindal II','2104190378','1','Pembina','KS','2022-01-13 17:06:41','2104210119'),('2201130006','198201202014072003','SRI PARWATI, S.Pd','02','Pengurus Barang UPT SFP SDN 105345 Sidodadi R','2104190319','1','','PB','2022-01-13 17:21:42','2104210062'),('2201140001','198411142009032009','SYAFITA SRI HAYATI, S.Pd.,M.Pd','01','KEPALA SEKOLAH SD N 104248 BERINGIN','2104190318','1','Penata Tingkat I','KS','2024-08-23 12:14:57','2104210061'),('2201140002','197910262022212004','Nuryana, S.Pd','02','Pengurus Barang','2104190318','1','Ahli Pertama','PB','2023-07-14 13:26:18','2104210061'),('2201150001','196605051986042007','SITI SAMRAH, S.PdI','01','Kepala UPT 101789 Marindal I','2104190368','1','Pembina Tingkat I','KS','2023-07-14 11:03:30','2104210109'),('2201150002','198005222005021007','RUDI KARIAHEN S.PELAWI,S.Pd','01','KEPALA SEKOLAH UPT SPF SDN 101861 TADUKAN RAGA','2104190518','1','Pembina IV/a','KS','2022-11-19 18:34:30','2104220100'),('2201150003','199503202019032013','KHASNA FLORENTINA SURBAKTI ,S.Ag','02','BENDAHARA UPT SPF SDN 101861 TADUKAN RAGA','2104190518','1','PENATA .III/B','PB','2025-04-13 22:02:44','2104220100'),('2201150004','196308181983042011','DONI AGUS SUSANTO,S.Pd','01','Kepala Sekolah SDN 101864 Gunung Rintih','2104190513','1','Penata Muda Tk I / III B ','KS','2023-11-15 07:04:00','2104220095'),('2201150005','198508012014071001','JUSPITER TARIGAN SILANGIT,S.Pd','02','Pengurus Barang SDN 101864 Gunung Rintih ','2104190513','1','Ahli Pertama','PB','2025-05-06 11:29:17','2104220095'),('2201150006','198701232010012014','YUNI NOVIATI, M.Pd','01','Kepala Sekolah SD Negeri 104279 Paya Itik','2104190594','1','Pembina TK.I','KS','2023-12-30 18:09:59','2104220175'),('2201150007','199011162022212014','SRI MINAWATI BR PERANGIN-ANGIN, S.Pd','02','Bendahara SD Negeri 104279 Paya itik','2104190594','1','Pembina','PB','2023-12-30 18:09:13','2104220175'),('2201160001','198806242010012009','RUTNITA F.K BR. GINTING, S.Pd','01','Kepala UPT SPF SDN 101975 Sei Putih','2104190588','1','Penata Tk. I','KS','2022-11-17 11:56:21','2104220170'),('2201160002','198011242014072001','TRIANA DEWI, S.Pd','02','Guru Kelas SDN 101980 Naga Timbul','2104190591','1','Penata Muda TK.I','PB','2025-01-02 11:50:01','2104220173'),('2201170001','196864101997021007','Drs. H. ASRIL SAMAN','01','Kepala Sekolah SMP Negeri 1 Pagar Merbau','2104190572','1','Pembina Tk. I','KS','2023-08-03 10:59:52','2104220154'),('2201170002','197409222014072007','CHALIJAH HANUM LUBIS','02','Bendahara BOS','2104190572','1','','PB','2024-01-16 13:27:48','2104220154'),('2201170003','197407201997122002','SYURYANTI, S.Pd','02','Pengurus Barang','2104190590','1','Pembina Tingkat 1','PB','2024-08-20 18:38:13','2104220172'),('2201170004','19650619198604 2010','JONDI SIHOMBING, S.Th','02','PENGURUS/PENYIMPAN BARANG','2104190110','1','Pembina ','KS','2022-02-07 21:12:01','2109040002'),('2201170005','198011252014071001','EDHIE PARDIS SITEPU, S.Pd','01','KEPALA SEKOLAH UPT SPF SDN 105320 KUTA JURUNG','2104190524','1','PEMBINA','KS','2024-02-01 21:54:04','2104220106'),('2201170006','197002092008012023','Rosta Maria Sihotang, S.Pd','02','PENGURUS BARANG','2104190524','1','PENATA MUDA','PB','2023-07-30 14:50:17','2104220106'),('2201180001','198511152019032007','ALOINA BR TARIGAN,S.Pd','01','Kepala Sekolah SDN 107410 Rambung','2104190532','1','Penata Muda, III/a','KS','2023-09-07 21:20:35','2104220114'),('2201180002','196604251990072002','TAMPIL,S.Th','02','Pengurus Barang','2104190532','1','Pembina','PB','2022-11-20 10:37:59','2104220114'),('2201180003','197004051993052004','REHULINA GINTING,S.Pd','01','Kepala Sekolah SDN 104253 ','2104190519','1','PEMBINA/IV B','KS','2024-01-05 19:10:33','2104220101'),('2201180004','196707121990072002','MASDIAH,S.Pd','02','PENGURUS BARANG SDN 104253','2104190519','1','PEMBINA/IV B','PB','2024-01-05 19:13:28','2104220101'),('2201180005','196806241880072004','NGALEMI BR TARIGAN S.Pd','02','Guru ','2104190530','1','Pembina ','PB','2024-01-10 10:00:15','2104220112'),('2201180006','196810222008012017','Rosmita Br Barus, S.Pd','01','Kepala Sekolah SD Negeri 106446 Bintang Meriah ','2104190526','1','Penata Tk.I (III/d)','KS','2022-11-20 12:06:59','2104220108'),('2201180007','198104172005022012','Eka Paska Ateta Sitepu, S.Pd.SD','02','Pengurus Barang SD Negeri 106446 Bintang Meriah','2104190526','1','Penata Muda','PB','2022-01-18 09:16:34','2104220108'),('2201180008','196801182008012006','MISNGATUN, S.Pd','02','PENGURUS BARANG','2104190107','1','PENATA /IIIc','PB','2022-01-18 10:15:13','2104200100'),('2201180011','196411271985011002','RUBIMIN TAMBUNAN, S.Pd M.Pd','01','Kepala UPT SPF SMP Negeri 2 STM Hulu','2104190553','1','Pembina Utama Muda','KS','2023-11-20 10:31:29','2104220135'),('2201210001','196510252007011026','PARNO, S.Pd','02','Pengurus Barang','2104190180','1','Penata /III-c','PB','2023-03-27 09:45:17','2104200163'),('2201210002','197009031992032010','YUSTINA, S.Pd','02','Pengurus Barang','2104190543','1','Pembina Tk. I /IV B','PB','2022-01-21 16:01:44','2104220125'),('2201210003','198802102010012017','LIDIAWATI BR GINTING, S.Pd','01','Kepala Sekolah','2104190550','1','Penata Muda Tk I','KS','2024-08-22 16:37:24','2104220132'),('2201210004','197004012008012003','RULIANY BR PURBA','02','Pengurus Barang','2104190550','1','Penata Tk. Muda / III a','PB','2024-08-22 16:38:09','2104220132'),('2201220001','198603272022212010','ROMIAN SARI PURBA,S.Pd','02','Pengurus Barang SDN 105355 SUKAMULIA','2104190564','1','Ahli Pratama/IX','PB','2024-08-19 17:42:11','2104220146'),('2201220002','196812291992032011','SRI KANTI, S.Pd','01','Kepala Sekolah SD Negeri 101765 Bandar Setia','2104190099','1','PEMBINA TK.I','KS','2023-07-15 18:12:51','2104200083'),('2201220003','19621028 108503 1016','Drs. EFENDI TINDAON','01','Kepala Sekolah SMP Negeri 4 Satu Atap Sunggal','2104190199','0','Pembina Tk.I/ IV/b',NULL,'2023-01-03 10:41:24','2104200182'),('2201240001','1993032720222 1 2012','LAILA FITRI TANJUNG, S. Pd','02','Pengurus Barang','2104190104','1','IX','PB','2024-01-08 21:49:13','2104200095'),('2201240002','196501251986042005','ZUBAIDAH ARIF, S. Pd. MM','01','Kepala Sekolah','2104190135','1','IV/b','KS','2022-01-24 07:31:22','2104200123'),('2201240003','198306062006042026','KARNIATI PANE, S. Pd','02','Pengurus Barang','2104190135','1','III/c','PB','2022-01-24 07:33:36','2104200123'),('2201240004','198207142005012009','NUR ALAM SIREGAR, S.Pd.I, M.Pd','02','Pengurus Barang Inventaris','2104190099','1','PEMBINA','PB','2022-03-23 15:16:11','2104200083'),('2201240005','197211112001031002','POSMA SITUMORANG,S.Pd','01','Kepala sekolah SDN 106816 Marindal ii','2104190379','1','Pembina','KS','2024-08-08 22:21:09','2104210120'),('2201240006','196907031987121002','WIDIANTO','02','Pengurus Barang UPT SPF 101789 ','2104190368','1','Pengatur Muda','PB','2022-01-24 08:29:04','2104210109'),('2201240007','19651012 1985082 005','YUSNI,S.Pd','01','Kepala Sekolah UPT SPF SDN 105292 Bandar Klippa ','2104190123','1','IV-B','KS','2022-01-24 08:48:39','2104200106'),('2201240008','19700807 200103 2003','FITRIANI,Ama.Pd','02','Pengurus Barang ','2104190123','1','III-C','PB','2022-01-24 08:48:12','2104200106'),('2201240010','196804272001032003','ROHANI BR PURBA S.Pd, M.Si','01','KEPALA SEKOLAH SDN 101993 SUKALUE','2104190622','1','PEMBINA','KS','2022-01-24 09:50:01','2104220203'),('2201240011','199503112019032009','MENI SURIATI SARAGIH S.Pd','02','PENGURUS BARANG SDN 101993 SUKALUE','2104190622','1','PENATA','PB','2023-07-22 17:22:05','2104220203'),('2201240012','197306052000032009','RAHMA WATI DAULAY, S.Pd.SD','01','Kepala Sekolah SD Negeri 101772 Tanjung Selamat','2104190086','1','Pembina /IV-a','KS','2023-07-18 12:19:16','2104200077'),('2201240013','19710207 199203 2011','Mariati br Ginting, S.Pd','02','Pengurus Barang','2104190634','1','Pembina Tk.I','PB','2024-08-21 11:18:20','2104220215'),('2201250001','196612091992092002','SYAMSIAH, S.Pd','01','KEPALA SEKOLAH SD NEGERI 105291 SAENTIS ','2104190122','1','Pembina Tk. I','KS','2022-01-25 08:57:25','2104200105'),('2201250002','198609062014072004','DWI WURI HANDAYANI AZHARI, S.Pd','02','PENGURUS  BARANG','2104190122','1','PENGATUR','PB','2024-01-03 18:01:33','2104200105'),('2201250003','196504041992031018','NAMPAIKEN,S.Pd','01','KEPALA SEKOLAH UPT SPF SDN 101850 NAMO MIRIK','2104190423','1','PEMBINA','KS','2022-01-25 14:59:21','2104220005'),('2201250004','196304251987032014','DINGIN','02','PENGURUS BARANG','2104190423','1','PEMBINA','PB','2022-01-25 15:03:25','2104220005'),('2201250005','196512131990071002','JAKUP SINULINGGA, S.Pd','01','KEPALA SEKOLAH UPT SPF SDN 106176 SUKA MAKMUR','2104190441','1','PENATA TK 1','KS','2022-01-25 15:25:03','2104220023'),('2201250006','199008232019032014','SANTA SOFIANA RUMAPEA','02','PENGURUS BARANG','2104190441','1','GURU MUDA','PB','2022-01-25 15:26:00','2104220023'),('2201250007','198108112005022006','RIKA AGUSTINA, S.Pd','01','Ka. UPT SPF SDN 101781 Pematang Lalang','2104190110','1','PEMBINA TK I','PB','2023-11-16 14:32:39','2109040002'),('2201260001','197007072008012025','WAINI,  S,Pd','01','KEPALA SEKOLAH UPT SPF SDN 104249 BANDAR DOLOK','2104190562','1','Pembina, IV/a','KS','2023-07-14 09:02:31','2104220144'),('2201260002','196511121988112002','ROHMAHITA SARAGIH,S.Pd ','01','Kepala Sekolah 105294 Cinta Damai','2104190092','1','Pembina Tingkat 1','KS','2022-01-26 05:32:20','2104200085'),('2201260003','197405112014072005','LINDAWATI GINTING,SP, S.Pd','01','KEPALA SEKOLAH SDN 106824 BESAMAT','2104190527','1','Penata / IIIc','KS','2023-08-10 13:37:21','2104220109'),('2201260004','199508262019032005','ANNA YOVITA BR GINTING,S.Pd','02','Pengelola Barang','2104190527','1','Penata Muda TK I / IIIb','PB','2024-09-02 10:04:02','2104220109'),('2201260005','196612021988031020','MAKMUN S.Pd','01','Kepala sekolah SDN 106806 Cinta Rakyat','2104190095','1','PEMBINA Tk. I / IV B','KS','2022-01-26 08:33:10','2104200096'),('2201260006','196607192000032005','SRI HARIATI S.Pd','02','Pengurus barang SDN 106806 Cinta Rakyat ','2104190095','1','PEMBINA IV A','PB','2022-02-07 21:03:20','2104200096'),('2201260007','199011302019032010','DIAN AYU LESTARI BR BARUS.S,Pd','02','GURU SD NEGERI 106445','2104190531','1','III a','PB','2022-04-23 08:13:42','2104220113'),('2201260008','19641129198304 1002','T. RUSDI, M.Pd','01','KEPALA SEKOLAH','2104190097','1','PEMBINA, / IV a','KS','2022-01-26 10:12:20','2104200108'),('2201260009','198102272009032013','IRMA HAYATI, S.Pd. I','02','BENDAHARA BARANG','2104190097','1','PENATA TK I, /IIId','PB','2022-01-26 10:19:56','2104200108'),('2201260010','197511282009032003','HISTORIKA HABEAHAN, S.Th','01','Kepala Sekolah SDN 105319 Limau Mungkur','2104190534','1','Pembina/ IVa','KS','2023-08-07 22:04:15','2104220116'),('2201260011','196906222022212003','NGANGKIT BR BARUS, S.Pd','02','Pengurus Barang','2104190534','1','Pembina Tk.I/IV.b','PB','2024-08-28 12:05:10','2104220116'),('2201260012','196906251992032008','ELISNAWATI HASIBUAN ,S.Pd','01','K.a UPT SPF SD negeri 105301 Namo Rambe','2104190403','1','Pembina Tk I','KS','2023-07-20 08:16:44','2104210144'),('2201270001','196905121993032010','PAKEN TARIGAN,S.Pdk','02','Bendahara UPT SPF SD Negeri 105301 Namo Rambe','2104190403','1','Pembina Tk I','PB','2023-07-20 08:17:45','2104210144'),('2201270002','197107122006042031','RINI SUSANTI,S.Pd','01','Kepala Sekolah UPT SPF SDN 105297 Helvetia','2104190075','1','Penata TK. I','KS','2023-07-14 22:39:43','2104200066'),('2201280001','198311212022212011','NOVITA, S.Pd','02','Pengurus Barang','2104190506','1','IX','PB','2024-08-06 10:03:23','2104220088'),('2201290001','196806271991032015','Juniati Br Ginting, S.Pd','01','Kepala Sekolah SD Negeri 105310','2104190493','1','Pembina IV/a','KS','2022-01-29 09:18:08','2104220075'),('2201290002','198001062009032005','Ika Prastiti, A.Ma','02','Bendehara Barang SDN 105310 ','2104190493','1','Pengatur TK 1 II/d','PB','2022-01-29 11:12:39','2104220075'),('2201290003',' -','NURLENI PURBA','02','Pengurus Barang','2104190553','1',' - ','PB','2022-01-29 14:30:29','2104220135'),('2201290004','19650618 198712 1006','WAKTU TARIGAN, S.Pd','01','Kepala Sekolah','2104190510','1','Pembina IV/b','KS','2024-08-05 13:09:40','2104220092'),('2201290005','198603062022211013','PASSION MANULLANG, S.Pd','02','Pengurus Barang','2104190510','1','IX','PB','2024-08-05 13:09:18','2104220092'),('2201310001','198909162015052001','Nomi Sebrina Br Bangun,S.Pd.K','02','Pengurus Barang','2104190257','1','Penata Muda Tingkat I','PB','2022-01-31 09:46:34','2104200242'),('2201310002','198006152021212008','ERVELINA BR  BARUS.S.Pd','02','Pengurus Barang','2104190625','1','IX (P3K)','PB','2024-02-05 21:16:05','2104220206'),('2201310003','198305182009031009','David Rezeki, S.Pd','02','Pengurus Barang','2104190476','1','Penata Tk. I / III-d','PB','2024-08-24 10:45:08','2104220058'),('2201310004','196901011990122003','NURLENA, S.Pd','02','Pengurus Barang Inventaris','2104190086','1','Pembina TK I/IV-b','PB','2023-03-04 10:48:06','2104200077'),('2202030001','197412052009031004','SARMAN SIMARMATA, S.Pd','01','Kepala UPT SPF SDN 107419 Serdang','2104190334','1','Penata Tingkat I / III d','KS','2023-07-18 09:11:49','2104210075'),('2202030002','196707221987122002','BERLIAN SILABAN, S.Pd','01','Kepala Sekolah SDN 101916 Aras Kabu','2104190327','1','Pembina Tingkat I','KS','2023-07-13 13:22:41','2104210068'),('2202030004','199406252019032013','Juni Sianipar S.Pd','02','Pengurus Barang','2104190334','1','Pembina Ill.b','PB','2024-08-23 08:49:57','2104210075'),('2202030005','199301232022212011','ANCE SIHOL DEBORA SIRAIT, S.Pd','02','Pengurus Barang','2104190327','1','Penata Muda','PB','2025-02-03 09:45:35','2104210068'),('2202070001','198107062005022003','ENDANG SRIWAHYUNI, S. Pd','01','Kepala Sekolah SDN 101776 Sampali','2104190106','1','Penata Tk. I / IIId','KS','2023-11-16 11:01:50','2104200099'),('2202070002','19630810 199007 1004','SUMARNO, S. Pd','02','Pengurus Barang','2104190106','1','Pembina / IVa','PB','2022-02-07 05:30:01','2104200099'),('2202070003','198701102019032007','IRMAYASARI, S.Pd','02','Guru SD negeri 101968 Petumbukan','2104190582','1','Penata Muda','PB','2022-02-07 08:13:40','2104220164'),('2202070004','198808222022212010','ASTUTI, S.Pd','02','Guru SDN 105384 Pisang Pala','2104190601','1','Penata Muda/III A','PB','2025-01-20 08:34:36','2104220182'),('2202070005','196807251990112002','DORLI PANJAITAN, S.Pd','01','Kepala SDN 105384 Pisang Pala','2104190601','1','Pembina Tk. 1/IV B','KS','2023-11-23 13:01:13','2104220182'),('2202070006','196705051987121005','PAERAN, S.Pd.I','01','KEPALA SEKOLAH SDN 104282 BATU LOKONG','2104190596','1','PEMBINA Muda TK.1/IV b','KS','2023-11-23 12:46:02','2104220177'),('2202070007','198403302022212005','RINNY SARTIKA, S.Pd','02','PENGURUS BARANG','2104190596','1','Penata Muda/ IIIa','PB','2023-11-23 12:45:00','2104220177'),('2202070008','196910172000022002','BINARIA SITINJAK S.Ag','02','GURU','2104190092','1','PENATA TINGKAT 1','PB','2022-02-07 11:44:18','2104200085'),('2202070009','198705292019032007','ASWINA, S.Pd','02','PENGURUS PENYIMPAN BARANG','2104190578','1','','PB','2022-02-07 14:30:19','2104220160'),('2202070011','197605201996112001','MEIKAYANI, S.Pd','01','Ka. UPT SPF SDN 107400 Bandar Khalipah','2104190139','1','IVb','KS','2023-07-17 10:36:47','2104200117'),('2202070012','19920317202212013','MAGHVIRA RAMADHANI, M.Pd','02','Guru Kelas','2104190139','1','XI','PB','2025-02-24 02:01:39','2104200117'),('2202070013','197810302014072002','MASRAH WARDHANI SITOMPUL,S.Pd','02','Pengurus Barang','2104190094','1','Penata Muda Tingkat I','PB','2023-03-13 09:12:14','2104200094'),('2202070014','19726171994121002','MUHAMMAD ROSIDUN DONGORAN, S.Pd','01','Kepala Sekolah SD Negeri 107397 Cinta Damai','2104190137','1','Pembina Tingkat I','KS','2024-01-03 17:18:45','2104200125'),('2202070015','198604202022212027','INDRAYANI, S.Pd','02','Bendahara Barang  SD Negeri 107397 Cinta Damai','2104190137','1','Penata Muda','PB','2023-07-13 10:21:55','2104200125'),('2202070016','196805282007012023','SRI WENY.S.Pd','01','KEPALA SEKOLAH SDN 106814 TEMBUNG','2104190096','1','PEMBINA ','KS','2023-07-04 09:54:38','2104200098'),('2202070017','196704032007011055','JAKFAR SIDIK.S.Ag','02','BENDAHARA SDN 106814 TEMBUNG','2104190096','1','','PB','2022-02-07 20:52:21','2104200098'),('2202070018','197102092006042022','TETTY MIKKE WIJAYA SILAEN, S.Pd','01',' KEPALA SEKOLAH SD 105293 MEDAN ESTATE','2104190124','1','GURU MUDA','KS','2023-07-12 15:32:06','2104200107'),('2202070019','196609181991032014','SARIASIH SARAGIH S.PaK','02','GURU MAPEL','2104190124','1','PEMBINA TK 1','PB','2022-02-07 21:02:00','2104200107'),('2202070020','19670615200701 2 045','SONEMA, S.Pd,M.Si','01','KEPALA SEKOLAH SD 106808 MEDAN ESTATE','2104190131','1','PEMBINA  IV /A','KS','2022-02-07 21:04:28','2104200116'),('2202070021','19700304200501.2.012','SARMAIDA S.Pd','02','GURU MAPEL','2104190131','1','PEMBINA UTAMA  III/D','PB','2022-02-07 21:05:40','2104200116'),('2202070022','198501072022211008','DEDDY GUNAWAN, S.Pd','02','Bendahara SD Negeri 104207 Cinta Damai','2104190116','1','','PB','2023-07-12 08:01:52','2109280001'),('2202070023','198402152009031004','MHD.SALEH HAZIR HARAHAP S.Pd','01','Kepala Sekolah SD N 105295 Percut Hulu','2104190093','1','Pembina IV/a','KS','2022-02-07 21:11:08','2104200088'),('2202070024','196605121986082010','MARINEM,S.Pd','02','Pengurus Barang SD N 105295 Percut Hulu','2104190093','1','Pembina Tk I /IV b','PB','2023-01-09 12:30:23','2104200088'),('2202070025','197312111998012002','Hernita, S.Pd','02','Bendahara Barang','2104190511','1','IV/b','PB','2024-01-16 09:46:52','2104220093'),('2202070026','197311122010011008','DEDI HARIADY, S.Pd','01','Kepala Sekolah SDN 101779','2104190109','1','Penata Tingkat I','KS','2023-01-13 12:45:13','2109040001'),('2202070027','197905132009031007','KHAIRUL IHSAN LUBIS, M.Pd','02','Guru Kelas ','2104190109','1','Penata Tingkat I','PB','2022-02-07 22:27:10','2109040001'),('2202070028','19910130 2019032013','RIFA ATUL SUAIDAH LUBIS, S.Pd','02','Pengurus Barang SDN 101764 Bandar Klippa','2104190084','1','Penata Muda','PB','2022-02-08 00:03:46','2104200073'),('2202080001','197605082005021006','HERDI, S.Pd','01','Kepala Sekolah SD Negeri 104202 Bandar Setia','2104190112','1','IV/a','KS','2022-02-08 06:34:38','2109040004'),('2202080002','197304021994122002','ERMIATI, S.Pd.SD','02','Guru Kelas','2104190112','1','IV/b','PB','2022-02-08 06:36:42','2109040004'),('2202080003','196609231987012002','MURLIANA LUMBAN GAOL, S.Pd','01','Ka. UPT SPF SDN 104281 Naga Rejo','2104190595','1','Pembina TK.I','KS','2022-02-08 09:50:27','2104220176'),('2202080004','196505121986042012','LISTERIA MANURUNG, S.Pd','02','Pengurus Barang','2104190595','1','Pembina TK.I','PB','2022-02-08 09:51:32','2104220176'),('2202080005','197709232008012016','SETIAWATI, S.Ag','01','Kepala Sekolah SDN 101746','2104190028','1','IV/A','KS','2024-08-28 10:00:35','2104200052'),('2202080006','198110152005011005','MARDIYANTO, S.PdI','02','Bendahara Barang ','2104190028','1','IV/A','PB','2023-08-03 10:20:47','2104200052'),('2202090001','196611122006041012','SUMARNO, S.Pd','01','Kepala Sekolah','2104190330','1','Penata Tk. I','KS','2024-08-22 09:22:57','2104210071'),('2202090002','196901012008012049','SUSIANI, S.Pd','02','Pengurus Barang','2104190330','1','Penata Tk I','PB','2024-08-22 09:22:21','2104210071'),('2202090003','196712252008012017','SAPIAH, S.Pd','01','Kepala Sekolah SD Negeri 104199 Kota Rantang','2104190029','1','','KS','2022-02-09 13:40:16','2104200019'),('2202090004','196702181989091002','HARIYONO','02','PENGURUS BARANG','2104190029','1','','PB','2022-02-09 13:41:42','2104200019'),('2204060001','196806301992032011','LISNAWATI ARITONANG, S.Pd','01','Kepala Sekolah SDN 106199 Kotasan','2104190608','1','Pembina, IV/a','KS','2022-04-06 14:10:44','2104220189'),('2204060002','196807051989091004','MULIADI PONO','02','Pengurus Barang SDN 106199 Kotasan','2104190608','1','Pengatur Muda / II a','PB','2022-04-06 14:12:09','2104220189'),('2204190001','196609052001032003','SUASA S.Pd','01','KEPALA SEKOLAH SDN 104225 PERPANDEN','2104190430','1','Penbina ','KS','2022-04-19 10:42:20','2104220012'),('2204190002','196803311992032007','LAMESIHAR BR SURBAKTI','02','Pengurus Barang','2104190430','1','Penata Muda TK.I','PB','2022-04-19 10:44:55','2104220012'),('2204190003','199507302019032010','JULTRIANTI GINTING,S.Pd','02','Pengurus Barang','2104190443','1','Penata Muda','PB','2022-08-22 19:41:59','2104220025'),('2204200001','198902242015031001','EKO ARI PRAMUJI, S.Pd','02','GURU ','2104190206','1','','PB','2022-05-10 10:37:12','2104200194'),('2204200002','197007062007011045','SAMPAI TUAH TARIGAN S.Pd','01','KEPALA SMPN 2 PANCUR BATU','2104190477','1','Pembina / IV A','KS','2025-02-05 07:28:08','2104220059'),('2204200003','198602212019032010','NURHOTNAWATI HARAHAP S.Pd','02','Bendahara','2104190477','1','Penata Muda Tingkat I/ III B',NULL,'2025-02-05 07:29:08','2104220059'),('2204200004','197902112008012020','NURLIYAH','02','WAKIL SANPRAS','2104190477','1','Pembina / IV a','PB','2025-02-05 07:29:28','2104220059'),('2204200005','198808172010012020','Guspikasari Br Perangin-angin S.Pd','02','Bendahara Barang','2104190544','1','Penata Muda Tk I/IIIc','PB','2024-02-01 22:42:14','2104220126'),('2204200006','198205162005022006','Marlisna Br Ginting S.Pd','01','Kepala Sekolah SDN 107436 Rumah Lengo','2104190544','1','Penata  IV/a','KS','2022-11-29 22:34:40','2104220126'),('2204210001','197209232005022003','NONA FAZIERA SARI, S.Pd. M.Si','01','Kepala Sekolah ','2104190066','1','Pembina TK. I/ IVb','KS','2025-01-13 08:26:01','2104200087'),('2204210002','199501212019031007','DAHRUL IMAN MANURUNG, S.Pd','02','Pengurus Barang','2104190066','1','Penata Muda Tk.I / IIIb','PB','2025-01-13 08:41:31','2104200087'),('2204210003','196806142007011045','BADRUN, S.Pd, MM.','01','Kepala Sekolah','2104190198','1','Pembina',NULL,'2022-04-21 23:13:19','2104200186'),('2204220001','196603141987121004','AGUSTINUS SIJABAT,S.Pd','01','KEPALA SEKOLAH','2104190523','1','PEMBINA','KS','2023-02-02 12:38:28','2104220105'),('2204220002','197005291989091002','JUNIARTO','02','PENGURUS BARANG','2104190523','1','PENGATUR MUDA','PB','2022-04-22 10:48:32','2104220105'),('2204260001','196508111987112004','TAMAULINA SEMBIRING, S.Pd','01','Kepala UPT SPF SDN 108307','2104190252','1','PEMBINA/IVA','KS','2022-04-27 21:23:14','2104200233'),('2204260003','196410081986042007','HERLINA, S.Pd','01','Kepala Sekolah SD N 106835 Limau Manis','2104190251','1','PENATA TK. I / III/D','KS','2024-02-01 21:24:31','2104200231'),('2204260004','199407152019032011','REWA ANGGRAENY, S.Pd','02','Pengurus Barang','2104190251','1','PENATA  MUDA TK. I / III/B','PB','2024-02-01 21:25:06','2104200231'),('2205060001','196208211986082003','Roslianingsih, S.Pd','01','Kepala SD Negeri 101862 Dolok Raga','2104190254','0','Pembina Tingkat I',NULL,'2023-07-15 12:58:53','2104200238'),('2205060002','196506131987122004','MARIANI SINAGA, S.Pd','02','Pengurus Barang','2104190254','1','Pembina','PB','2023-07-15 13:00:10','2104200238'),('2205250001','197104031993051002','TUKIMUN, S.Pd','01','Kepala Sekolah ','2104190022','1','IV b/Pembina Tk I','KS','2023-03-28 11:31:38','2104200014'),('2205250002','197104031994032010','MASITAH, S. Pd','02','Pengurus Barang','2104190022','1','IV/ Pembina Tk I','PB','2023-03-28 11:31:43','2104200014'),('2209030001','196511062000031004','Drs. RUSMAN, M.Si','01','KEPALA SEKOLAH SMP NEGERI 2 LABUHAN DELI','2104190078','1','PEMBINA UTAMA MUDA','KS','2023-08-08 09:06:05','2104200075'),('2209100001','','',NULL,'','2104190350',NULL,'',NULL,'2022-09-10 09:50:44','2104210091'),('2209100002','199110082022212017','Marta Sitorus S.Pd','02','Bendahara Barang SDN 105342 Durian','2104190350','1','Penata Muda ','PB','2022-09-10 09:55:46','2104210091'),('2210050001','197011241994032005','RISWANNI DAULAY, S.Pd','01','Kepala UPT SPF SDN 101886 Kiri Hilir','2104190259','1','Pembina TK. I / IV B','KS','2023-07-04 14:50:12','2104210001'),('2210050002','196605071987122005','NURMA SIMAMORA, S.Pd','02','Pengurus Barang','2104190259','1','Pembina TK. I / IV B','PB','2022-10-05 12:38:50','2104210001'),('2210050003','199209072019031005','CHAIRUL AZMI HUTAGALUNG, S.Pd','01','Kepala UPT SPF SDN 101891 Simpang Penara','2104190261','1','Penata Muda TK. I / III B','KS','2024-08-20 12:55:18','2104210003'),('2210050004','196909152008012034','Dra. RAMLAH','02','Pengurus Barang','2104190261','1','Pembina / IV A','PB','2022-11-18 03:17:31','2104210003'),('2210050005','196712311988072016','NURLELI,S.PdI','01','Kepala UPT SPF SDN 106833 Wonosari','2104190271','1','Pembina TK. I / IV B','KS','2023-07-20 16:58:30','2104210012'),('2210050006','198406062014072006','RINA JUNIATI, S.Pd','02','Pengurus Barang','2104190271','1','Penata Muda TK.I / III B','PB','2025-01-07 20:12:19','2104210012'),('2210080001','19711214 199305 2002',' MULYANI, S.Pd, M.Pd','01','Kepala Sekolah SDN 104234 Medan Senembah','2104190263','1','Pembina Tingkat I','KS','2022-10-08 16:32:29','2104210005'),('2210080002','19691203 200801 2026','NURIANI','02','Bendahara Sekolah','2104190263','0','Pengatur',NULL,'2023-03-09 08:49:32','2104210005'),('2210080003','197001112008012019','HOTMAIDA, S.Pd, M.Pd','01','Kepala UPT SPF SD Negeri 101881 Pasar 8','2104190225','1','Pembina Tingkat I','KS','2024-01-19 10:29:05','2104200218'),('2210080004','198305092009031008','Pangondian Manullang, M.Pd','02','Bendahara Sekolah','2104190225','1','Pembina ','PB','2025-02-04 14:38:30','2104200218'),('2210220001','198407282011011008','MONANG SIBUEA, S.Si','01','Kepala UPT SPF SDN 104240 Wonosari','2104190236','1','III D','KS','2023-07-07 21:13:34','2104200216'),('2210220002','199202272022211003','DODY SIAHAAN, S.Pd','02','Pengurus Barang','2104190236','1','Golongan IX','PB','2024-08-20 10:01:15','2104200216'),('2211020001','196612211992032015','LINDA PURBA,S.Pd','01','Kepala Sekolah','2104190631','1','Pembina/IV/b','KS','2025-01-31 10:19:24','2104220212'),('2211020002','196608281992032012','Usrek Sarwini, S.Pd','02','Bendahara','2104190631','1','Pembina ','PB','2022-11-22 12:17:35','2104220212'),('2211040001','196412301987121005','RIAHMAN RUPINUS SARAGIH,S.Pd','01','Kepala Sekolah SD Negeri 104287 Sei Buaya','2104190627','1','Pembina Tingkat 1','KS','2022-11-04 11:24:29','2104220208'),('2211040002','197005292008012013','RASMAULINA SIPAYUNG,S.Pd','02','Bendahara SD Negeri 104287 Sei Buaya','2104190627','1','Penata Tingkat 1','PB','2022-11-04 11:29:09','2104220208'),('2211100001','19810423 2006041 021','YUSUF TAMIANG, S.Pd','01','Kepala Sekolah SMP Negeri 4 Satu Atap Sunggal','2104190199','0','Pembina/ IV/A',NULL,'2023-07-10 10:23:56','2104200182'),('2211160001','198012242005042025','IKA RENATA BR TARIGAN, S.Pd','01','Kepala Sekolah SDN  106167 Lantasan Baru','2104190376','1','Pembina','KS','2024-08-19 11:52:02','2104210117'),('2211170001','196503041984042002','ERNAWATI BR KELIAT , S.Pd','01','Kepala Sekolah SDN 107406 Jati Kesuma','2104190410','1','Pembina Tingkat I','KS','2023-07-18 14:36:07','2104210151'),('2211170002','196701081993032007','REHLITNA SITEPU, Spd','02','BENDAHARA SEKOLAH','2104190409','1','Penata Tk. I','PB','2022-11-17 09:23:45','2104210150'),('2211170003','197008121992092002','RENCANA GINTING, S.Pd','02','Bendahara SDN 107406 Jati Kesuma ','2104190410','1','Penata Tingkat I','PB','2022-11-17 09:29:58','2104210151'),('2211170004','196806122008011023','SURATMAN, S.Pd','01','Kepala Sekolah SMP N 1 STM HILIR','2104190535','1','PembinaTingkat I/IVb','KS','2022-11-21 09:53:06','2104220117'),('2211170005','198308232011012011','IRNAWATI, S.Pd','02','Pengurus Barang','2104190535','1','PenataTingkat I/IIId','PB','2022-11-21 09:55:56','2104220117'),('2211180001','197611022009042002','CHARITY BANJARNAHOR, S.Pd','01','KEPALA SEKOLAH SDN 101923 RAMUNIA','2104190315','1','PENATA TK.I','KS','2022-11-18 12:12:12','2104210058'),('2211190001','197012241996122002','SUHARLIAH, S.Pd','01','Kepala Sekolah SDN 107411 LAU REMPAK','2104190533','1','Pembina IV/B','KS','2022-11-19 17:40:12','2104220115'),('2211190002','196805261993062002','TIASA NAINGGOLAN, S.Pd','02','PENGURUS BARANG SDN 107411 LAU REMPAK','2104190533','1','PEMBINA IV/B','PB','2022-11-19 17:46:12','2104220115'),('2211190003','198403042014072002','PRASANTHY SILALAHI,S.Pd','02','BENDAHARA BOS UPT SPF SDN 107414 LAU BULUH','2104190529','1','Penata Muda Tingkat I / III a','PB','2022-11-19 21:15:38','2104220111'),('2211200003','198102182006041016','FORTIN B. SIMANJUNTAK, S.Th, M.Pd','01','Kepala UPT SPF SD Negeri 106198 Kelapa I','2104190574','1','Penata TK.I','KS','2024-02-04 12:24:04','2104220156'),('2211200004','197002021992031012','MISRAIM PURBA, S.Pd','02','Pengurus Barang','2104190574','1','Penata TK.I',NULL,'2022-11-20 08:28:14','2104220156'),('2211200005','196509082006041013','JOHANIS, S.Pd','01','Kepala UPT SPF SDN 105386','2104190603','1','Penata TK.I','KS','2022-11-20 08:38:47','2104220184'),('2211200006','196908151992032017','RINAWATI BR RAJAGUKGUK, S.Pd','02','Pengurus Barang','2104190603','1','Pembina TK.I','PB','2024-08-20 13:47:22','2104220184'),('2211200007','19830705202221201','CRISTINA JUNITA TARIGAN S.Pd','02','PENGURUS BARANG SDN 107412 SIMADAMADA','2104190528','1','IX','PB','2025-04-29 20:59:53','2104220110'),('2211290001','196905031993062002','SUGIARSIH, S.Pd','01','Kepala UPT SPF SDN 104245 Tumpatan','2104190316','1','Pembina / IV.a','KS','2023-07-17 13:14:20','2104210059'),('2211300001','19800201 200805 1001','ADRIN FEBRIAN, S.Pd','01','Kepala Sekolah SDN 101873 Desa Baru','2104190206','1','','KS','2022-11-30 11:42:31','2104200194'),('2212050001','197506162022212006','JUNILAWATI, S.Pd','02','Bendahara Sekolah','2104190316','1','Penata Muda / III.a','PB','2023-07-17 13:16:05','2104210059'),('2301030001','19820727 2010011 019','WAHYONO, S.Pd.','02','Pengurus Barang','2104190199','1','Guru Muda/ III/ d','PB','2023-01-03 11:01:16','2104200182'),('2301100001','19660417 2007012020','LIDIA MANALU,S.Pd','01','Kepala Sekolah SD Negeri 104210','2104190117','1','PenataTingkat I','KS','2023-11-16 11:26:52','2201070001'),('2301100002','197302092000032002','MALAM UKUR TARIGAN','02','Pengurus Barang SD Negeri 104210 Amplas','2104190117','1','Penata Muda','PB','2023-01-10 21:37:46','2201070001'),('2302150001','197110201997031003','MARA JAMAN HASIBUAN, S.Pd','01','Kepala Sekolah','2104190278','1','Pembina TK.I/IV B','KS','2023-02-15 13:50:33','2104210019'),('2302150002','198512092010012038','NOVA ULINA SEMBIRING, S.Kom, M.Pd','02','Pengurus Barang ','2104190278','1','Penata TK.I/IIID','PB','2023-02-15 13:50:15','2104210019'),('2302210001','197001102008012020','NURIATY BARUS, S.Pd','01','Kepala Sekolah UPT SPF SDN 104181 Sunggal Kanan','2104190175','1','Pembina Utama Muda / IIId','KS','2023-02-21 11:27:16','2104200161'),('2302230001','198211222006042024','ROSPITA SILABAN,S.Pd., M.Pd','01','Kepala SD Negeri 104252 Sei Tuan','2104190353','1','Pembina','KS','2023-07-13 19:44:38','2104210094'),('2303030001','1207252704790003','IRWAN PRANATA','02','PENGURUS BARANG','2104190078','1','PENATA MUDA','PB','2023-08-08 09:07:17','2104200075'),('2303090001','198411092022212005','MIRA ERBINA BARUS, S.Pd','02','PENGURUS BARANG PERSEDIAN','2104190263','1','Penata Muda','PB','2023-07-14 11:28:48','2104210005'),('2303110001','196903021990072004','NURALIMAH,S.Pd.I','01','Kepala Sekolah SD Negri 104235','2104190264','1','Pembina Tingkat 1','KS','2023-03-11 08:34:51','2104210006'),('2303110002','196607071987032014','MARIDA BR GULTOM','02','BENDAHARA SD Negri 104235','2104190264','1','Pembina','PB','2023-03-11 08:50:32','2104210006'),('2303140001','196509112007012013','Masnauli Br Saragih, S.Pd','01','Kepala Sekolah sdn 102003 Gunung Meriah','2104190642','1','Pembina','KS','2024-04-05 09:23:09','2104220223'),('2303140002','196412312006042157','Erlianita, S.Pd','02','Pengurus Barang SDN 102003 Gunung Meriah','2104190642','1','Penata Muda','PB','2023-03-14 09:27:45','2104220223'),('2303140004','196508241986042009','Desli Damanik, S.Pd','02','Pengurus Barang SDN 108029 Huta Bayu','2104190639','1','Pembina Tingkat I','PB','2024-04-05 06:09:39','2104220220'),('2303140005','198811082014032001','RINA LENA SIHOMBING,S.Pd','01','Kepala Sekolah Sdn 102002 Gunung Paribuan','2104190641','1','Penata III/C','KS','2024-03-30 11:03:47','2104220222'),('2303140006','196801132022212002','NERSERI BR PURBA,S.Pd','02','Pengurus/Penyimpan Barang','2104190641','1','IX','PB','2024-03-30 11:04:31','2104220222'),('2303140007','19671107187121003','AMIN,S.Pd','01','Kepala Sekolah SDN 106847 Ujung Meriah','2104190644','1','Pembina','KS','2023-03-14 22:59:47','2104220225'),('2303140008','198811082014032001','RINA LENA SIHOMBING','02','pengurus barang','2104190644','1','Penata','PB','2023-03-14 23:13:52','2104220225'),('2303140009','196702011987111004','MEKAT TARIGAN, S.Pd','01','Kepala Sekolah Sdn 104289 Gunung Sinembah','2104190643','1','pembina','KS','2023-03-14 23:15:12','2104220224'),('2303140010','196310201986042005','CAHYA LUSIANA BR SINULINGGA, S.Pd','02','Pengurus Barang SDN 104289 Gunung Sinembah','2104190643','1','Pembina Tingkat I','PB','2023-03-14 23:21:17','2104220224'),('2303230002','197304172008012009','Rabiatul Adawiyah Sembiring, S.Ag','02','Pengurus Barang','2104190237','1','Pembina','PB','2023-03-23 21:30:26','2104200221'),('2303280001','198902272014032001','Dara Feralisa Berutu, S.Pd','01','Kepala Sekolah SD Negeri 104194 Paluh Manan','2104190020','1','Pembina','KS','2023-08-08 11:51:18','2104200009'),('2303280002','197411302010011007','Pariadi, S.Pdi','02','Bendahara','2104190020','1','Penata','PB','2023-03-28 07:13:55','2104200009'),('2303300001','197007072010011006','S. SURYADI, S.Pd','01','Kepala UPT SPF SMPN 2 Hamparan Perak','2104190065','1','','KS','2023-03-30 10:32:19','2104200080'),('2303300002',' 197802042008011014','Dicky Wahyudadi, S.Pd','02','Pengurus Barang','2104190065','1','','PB','2024-08-23 06:14:36','2104200080'),('2306300001','198008222005022007','FITRIANI PARDEDE, S. Pd','01','KEPALA UPT SPF SDN 105359 SUMBERJO','2104190565','1','','KS','2023-06-30 21:45:02','2104220147'),('2307070001','198909032014032001','NOVITA SRI DEWI SIRINGO RINGO, M.Pd','01','Kepala Sekolah SDN 106834 Wonosari','2104190245','1','Penata','KS','2024-06-09 22:03:29','2104200234'),('2307070002','199704252022212007','WAHYUNI TERESIA, S.Pd','02','PENGURUS BARANG','2104190230','1','AHLI PERTAMA / IX','PB','2024-02-12 09:41:57','2104200206'),('2307100001','19740414 200604 1003','BASRAH, S.E','01','Kepala Sekolah SMP Negeri 4 Satu Atap Sunggal','2104190199','1','Pembina Tk. I/ IV/b','KS','2023-07-10 10:23:24','2104200182'),('2307110001','199010302022212002','Deliana Br Ginting','02','Pengurus Barang','2104190234','1','Penata Muda','PB','2023-07-11 09:39:03','2104200212'),('2307130001','198408272011012016','WIDIANITA SIREGAR, S.Pd','01','KEPALA SEKOLAH UPT SPF SDN 101899 LUBUK PAKAM','2104190283','1','PENATA TINGKAT I','KS','2023-07-13 12:49:56','2104210024'),('2307140001','196602171988032017','Erlianna Br Ginting, S.Pd','01','Ka. UPT SPF SDN 101853 Suka Rende','2104190426','1','','KS','2023-07-14 11:55:25','2104220008'),('2307150001','1970604 199202 2 002','IDAWATI BUTAR BUTAR, S.Pd','01','Kepala Sekolah SD Negeri 101862 Dolok Raga','2104190254','1','Pembina','KS','2024-02-19 16:52:55','2104200238'),('2307160001','199311012022212007','MARISA, S.Pd','02','Guru Kelas','2104190081','1','Penata Muda, III/a','PB','2023-11-16 09:51:13','2104200065'),('2307210001','197009071994012003','NURMALIS, S.Ag','01','Kepala Sekolah SDN 105337 Pantai Labu Pekan','2104190360','1','Pembina TK. I','KS','2023-07-21 08:30:07','2104210101'),('2307290001','196605151987122012','JUMINEM, SPd','01','Kepala Sekolah UPT SPF SDN 101758','2104190050','1','Pembina Utama','KS','2023-11-27 16:48:57','2104200041'),('2307290002','198203142001031002','ADI SAPUTRA','02','Penjaga Sekolah UPT SPF SDN 101758','2104190050','1','IIa','PB','2023-07-29 16:19:35','2104200041'),('2307290003','199004142022212009','LAILATUL MUBAROKAH S.Pd','02','Bendahara UPT SPF SDN 106801','2104190027','1','Penata','PB','2023-07-29 16:46:00','2104200049'),('2307290004','196706152007012045','SONEMA, S.Pd, M.Si','01','Kepala Sekolah SDN 106792','2104190042','1','Pembina Utama Tk. I','KS','2024-08-29 12:16:27','2109040006'),('2307300001','197407151996112002','ZAIBANIAR BARUS, S.Pd','01','Kepala Sekolah UPT SPF SDN 101744','2104190046','1','Pembina Utama','KS','2023-07-30 12:53:31','2104200036'),('2307300002','196511061992032008','ROSENNI SINURAT, S.Pd','02','Pengurus Barang','2104190574','1','IV/a','PB','2023-07-30 14:33:23','2104220156'),('2308040001','197509122000032006','FRISKA SIREGAR, S.Pd','01','KEPALA SEKOLAH UPT SPF SDN 106155','2104190009','1','PEMBINA TK.I IV/b','KS','2023-08-04 08:19:45','2104200004'),('2308040002','198603102022212024','EEN MAYA SARI','02','PENGURUS BARANG','2104190009','1','PENATA MUDA','PB','2023-08-04 08:30:56','2104200004'),('2311140001','198303142006042031','Idawati Br Ginting, S.Pd, M.AP','01','Kepala Sekolah SMPN 1 Sibolangit','2104190511','1',' IV/a','KS','2023-11-14 11:57:10','2104220093'),('2311150001','197106112014072001','AMALIAH, S.Pd','02','Pengurus Barang','2104190088','1','Penata Muda','PB','2023-11-15 11:17:50','2104200082'),('2311150002','198604072010011019','ROY MARWAN, M.Pd','01','Kepala Sekolah','2104190088','1','Pembina','KS','2023-11-15 11:18:23','2104200082'),('2311160001','196810232008011006','TEMAN KAMI LIMBENG, S.Pd','01','Plt. KEPALA SEKOLAH SMP NEGERI 1 STM HULU','2104190552','1','PEMBINA IV-a','KS','2023-11-16 09:12:09','2104220134'),('2311160002','196802031991031001','SARIKAT TARIGAN','02','PEMEGANG BUKU INVENTARIS','2104190552','1','PENATA MUDA Tk.I III/b','PB','2023-11-16 09:17:23','2104220134'),('2311240001','199001072017122001','Umi Lestari, S.Pd','02','Bendahara Barang','2104190039','1','Penata Muda, III/a','PB','2023-11-24 05:11:32','2104200029'),('2312200001','199206172019032107','SITI HARDIYANTI,S.Pd','02','PENGURUS BARANG','2104190144','1','PENATA/ III b','PB','2023-12-20 16:25:20','2104200129'),('2401110001','198602222009022002','Sri Wirda Ningsih, S.Pd','02','Bendahara BOS','2104190589','1','','PB','2024-01-11 10:19:45','2104220171'),('2401190001','19810330 200502 2006','SANDRAWANI SIREGAR, S.Pd','01','KEPSEK SD NEGERI 106447 DESA DURIAN','2104190351','1','Pembina Utama','KS','2024-01-19 12:47:56','2104210092'),('2402060001','19670503 2007011048','SURYONO, S.Pd ','01','KEPALA UPT SPF SDN 101890 DALU XA','2104190227','1','PEMBINA','KS','2024-02-06 19:48:53','2104200220'),('2402060002','198605272010012012','CHAIRUNNISYA ,S.Pd','02','PENANGGUNG JAWAB BARANG','2104190227','1','Penata Tk I','PB','2024-02-06 19:50:58','2104200220'),('2402170001','198604052011012014','RINI HANDAYANI, S.Pd','01','Kepala Sekolah SDN 105333 Sei Merah','2104190241','1','Penata','KS','2024-02-17 14:57:47','2104200227'),('2402170002','199204282019031006','MUHAMMAD ARIFIN ,S.Pd','02','Penanggung Jawab Barang','2104190241','1','Penata Muda Tingkat 1','PB','2024-02-17 14:58:35','2104200227'),('2402170003','197006031993012002','SUPRIANI,S.Pd','01','Kepala Sekolah SDN 101888 Sei Merah ','2104190260','1','Pembina','KS','2024-02-17 15:04:36','2104210002'),('2402170004','196703231992032012','Sada Perarih Tarigan','02','Penanggung Jawab Barang','2104190260','1','Pembina Tingkat 1','PB','2024-02-17 15:05:19','2104210002'),('2402170005','198611132019032007','ASWITA ISMASANTY SIRAIT , S.Pd','01','Kepala Sekolah SDN 104236 Dalu X A','2104190232','1','III b/ Penata','KS','2024-08-27 12:40:40','2104200209'),('2402170006','196906102014072001','JUNAIDA ,Sag','02','Penanggug Jawab Barang','2104190232','1','Penata Tingkat 1','PB','2024-02-17 16:39:08','2104200209'),('2402240001','197511042009032005','WAHIDAH AKMAL, M.Pd.I','01','Kepala Sekolah','2104190240','1','Pembina IVA','KS','2024-02-24 10:16:33','2104200226'),('2402260001','197502011996112002','MURNIATI S.Pd','01','Kepala Sekolah SDN 101897 Kiri Hulu','2104190273','1','Pembina','KS','2024-02-26 06:22:15','2104210014'),('2402260002','197204102022211001','AYUB','02','Pengurus Barang','2104190273','1','Ahli Pertama','PB','2024-09-04 12:51:49','2104210014'),('2402260003','19750109 200003 1003','YUDY HILMAWAN, SE., MM','01','KEPALA DINAS PENDIDIKAN','2201190001','1','PEMBINA UTAMA MUDA /IVC','KS','2024-02-26 17:38:56','2201190001'),('2402260004','19851203 201101 1009','AHMAD ISKANDAR, A.Ma','02','PENGURUS BARANG DINAS PENDIDIKAN ','2201190001','1','PENGATUR / IIC','PB','2024-02-26 17:09:49','2201190001'),('2403210001','19750908 200801 2017','Isnora Damanik, S.Pd.,M.Si','02','Pengurus Barang','2104190490','1','','PB','2024-03-21 11:49:08','2104220072'),('2403220001','196605072007012020','PONIATI, S.Pd','02','PENGURUS BARANG','2104190584','1','PEMBINNA','PB','2024-03-22 14:48:19','2104220166'),('2403220002','198301182010011013','MUHAMMAD AKHIRUDDIN, S.Pd.I','01','KEPALA SEKOLAH','2104190599','1','PENATA TK.I','KS','2024-03-22 15:04:43','2104220180'),('2403220003','196512032007012015','KOSTIARA SAGALA, S.Pd','02','PENGURUS BARANG','2104190599','1','PENATA TK.I','PB','2024-03-22 15:05:36','2104220180'),('2403220004','198411122022212007','KURNIATI LESTARI, S.Pd','02','PENGURUS BARANG','2104190600','1','Penata Muda / IX','PB','2024-08-20 13:03:41','2104220181'),('2404040001','196612311986041010','JULI PERANGIN ANGIN, S.Pd','01','Kepala Sekolah UPT SPF SD Negeri 102001 Gunung Meriah','2104190640','1','Pembina IV/b','KS','2024-04-04 13:28:43','2104220221'),('2404040002','198507282022212028','LINDA TARIGAN, S.Pd','02','Bendahara Barang UPT SPF SD Negeri 102001 Gunung Meriah','2104190640','1','IX','PB','2024-04-04 13:32:04','2104220221'),('2404050001','199305012019031007','Amos Sentosa Depari, S.Pd','01','Kepala sekolah SDN 108029 HUTA BAYU ','2104190639','1','Pembina utama muda ','KS','2024-04-05 06:08:05','2104220220'),('2407040001','197904022011012012','Puspa Nurmasyitah, S.Pd','01','Kepala Sekolah SMPN 5 Lubuk Pakam','2407040001','1','III/d','KS','2024-07-04 11:48:08','2407040001'),('2407040002','198301212024212001','Tiur Marsaulina Hutauruk, S.Pd','02','Sarana Prasarana ','2407040001','1','IX','PB','2025-01-03 12:22:21','2407040001'),('2408190001','1981060820141002','zico ','01','kepala sekolah','2104190237','1','PENGATUR MUDA / IIIB','KS','2024-08-19 11:38:44','2104200221'),('2408190002','198110152010012013','MAHDALENA BR GURUSINGA, S.Ag','01','Kepala Sekolah','2104190498','1','','KS','2024-08-19 13:13:53','2104220080'),('2408200001','196604292000032003','LILIS SURYANI BR SEMBIRING,S.Ag','02','PENGURUS BARANG','2104190507','1','','PB','2024-08-20 00:45:34','2104220089'),('2408200002','199512072022211003','Romi Mahetsa, S.Pd','02','Pengurus Barang','2104190508','1','Penata Muda','PB','2024-08-20 08:39:33','2104220090'),('2408200003','197408082006041015','MUHAMMAD KHAIDIR NST, Ama.Pd','02','Pengurus Barang','2104190579','1','Penata / III/c','PB','2024-08-20 12:20:41','2104220161'),('2408200004','199612012022212004','DEVI NOVIANTI, S.Pd','02','Pengurus Barang','2104190610','1','Ahli Pertama','PB','2024-08-20 19:56:52','2104220191'),('2408200005','196608142007012019','Harmini, M.Pd','01','Kepala Sekolah SD Negeri 101874 Tumpatan Nibung','2104190215','1','Pembina Tingkat I','KS','2024-08-20 09:48:56','2104200198'),('2408200006','197108101997022003','ROSMIATY, S.Pd','01','Kepala Sekolah UPT SPF SMP N 2 Pantai Labu','2104190362','1','Pembina Tk 1','KS','2024-08-20 10:24:29','2104210103'),('2408200007','197405032014072006','Eka Debora Tarigan','01','KEPALA SEKOLAH SDN 105304 SARILABA JAHE','2104190395','1','PENATA, III/C','KS','2024-08-20 12:36:40','2104210136'),('2408200008','196808282014072001','ROSLIANA TARIGAN, S.Pd','02','Pengurus Barang','2104190581','1','Penata Muda','PB','2024-08-20 20:04:51','2104220163'),('2408210001','198912112014032001','WULANDARI HARAHAP, S.Pd','02','BENDAHARA','2104190385','1','PENATA','PB','2024-08-21 08:54:27','2104210126'),('2408220001','197909182006042018','SINTA NETTI HASUGIAN, S.Pd.SD','01','Kepala Sekolah SD Negeri 104222 Sei Glugur','2104190451','1','','KS','2024-08-22 08:12:55','2104220033'),('2408220002','197506192022212005','FARIDA WATI BR BANGUN, S,Pd','02','Bendahara Barang SD Negeri 104222 Sei Glugur','2104190451','1','','PB','2024-08-22 08:12:47','2104220033'),('2408260001','199206122022212009','YUNI NORA SETTI SARAGIH,S.Pd','02','BENDAHARA UPT SPF SD NEGERI 106787 SUKAMAJU','2104190184','1','IX',NULL,'2024-08-26 11:40:28','2104200171'),('2408260002','197803312005022006','ALVI KENNEDI H. RAMBE, S.Pd','01','KEPALA SEKOLAH SDN 105274 TANJUNG GUSTA','2104190178','1','PENATA TK.I','KS','2024-08-26 15:21:19','2104200166'),('2408260003','196505292007012011','SUMIATI, S.Pd','02','GURU KELAS','2104190178','1','PENATA','PB','2024-08-26 15:23:07','2104200166'),('2408270001','196503231987122005','Hj. YUSDAHNIAR, S.Pd, M.M','01','Kepala UPT SPF SDN 101882 PASAR VIII','2104190256','1','IV/A','KS','2024-08-27 08:59:31','2104200241'),('2408290001','19711201 2006042022','SUYANTI, S.Pd','02','PENGURUS BARANG','2104190252','1','PEMBINA/IV/A','PB','2024-08-29 07:37:44','2104200233'),('2412290001','198411252019032009','RIRI ANGGIA ANDIKA ,S.Pd','01','Kepala Sekolah SDN 104233 Bandar Labuhan','2104190231','1','III B','KS','2024-12-29 11:51:44','2104200208'),('2412290002','199503012019032023','ATIKA SYAHFITRI BATUBARA, S.Pd','02','Pengurus Barang SD N 104233 Bandar Labuhan','2104190231','1','III B','PB','2024-12-29 11:55:50','2104200208'),('2502190001','196803041994121007','BAMBANG SUHARSONO, S.Pd, M.Si','01','KEPALA SEKOLAH  UPT SPF SMP NEGERI 2 TANJUNG MORAWA','2104190276','1','Pembina Tk I/IV B','KS','2025-02-21 08:10:51','2104210017'),('2505030001','19920830 202421 2001','SITI HABSYAH, S.Pd','02','Pengurus Barang','2104190240','1','IX','PB','2025-05-03 10:42:16','2104200226');

/*Table structure for table `penerimaanbarang` */

DROP TABLE IF EXISTS `penerimaanbarang`;

CREATE TABLE `penerimaanbarang` (
  `noterima` char(10) COLLATE utf8mb4_general_ci NOT NULL,
  `tglterima` date NOT NULL,
  `uraian` varchar(255) COLLATE utf8mb4_general_ci DEFAULT NULL,
  `tahunanggaran` char(4) COLLATE utf8mb4_general_ci NOT NULL,
  `kdruangan` char(10) COLLATE utf8mb4_general_ci NOT NULL,
  `tglinsert` datetime DEFAULT NULL,
  `tglupdate` datetime DEFAULT NULL,
  `idpengguna` char(10) COLLATE utf8mb4_general_ci NOT NULL,
  `totalbeli` decimal(18,0) DEFAULT NULL,
  `jenispenerimaan` enum('Saldo Awal','Penerimaan') COLLATE utf8mb4_general_ci NOT NULL DEFAULT 'Penerimaan',
  PRIMARY KEY (`noterima`),
  KEY `kdruangan` (`kdruangan`),
  KEY `idpengguna` (`idpengguna`),
  CONSTRAINT `penerimaanbarang_ibfk_1` FOREIGN KEY (`kdruangan`) REFERENCES `ruangan` (`kdruangan`),
  CONSTRAINT `penerimaanbarang_ibfk_2` FOREIGN KEY (`idpengguna`) REFERENCES `pengguna` (`idpengguna`)
) ENGINE=InnoDB DEFAULT CHARSET=utf8mb4 COLLATE=utf8mb4_general_ci;

/*Data for the table `penerimaanbarang` */

/*Table structure for table `penerimaanbarangdetail` */

DROP TABLE IF EXISTS `penerimaanbarangdetail`;

CREATE TABLE `penerimaanbarangdetail` (
  `noterima` char(10) COLLATE utf8mb4_general_ci NOT NULL,
  `keybarang` char(14) COLLATE utf8mb4_general_ci NOT NULL,
  `qtyterima` int NOT NULL,
  `hargabelisatuan` decimal(10,0) NOT NULL,
  `stokbarang` int NOT NULL,
  UNIQUE KEY `noterima` (`noterima`,`keybarang`,`hargabelisatuan`) USING BTREE,
  KEY `keybarang` (`keybarang`),
  CONSTRAINT `penerimaanbarangdetail_ibfk_1` FOREIGN KEY (`noterima`) REFERENCES `penerimaanbarang` (`noterima`),
  CONSTRAINT `penerimaanbarangdetail_ibfk_2` FOREIGN KEY (`keybarang`) REFERENCES `barang` (`keybarang`)
) ENGINE=InnoDB DEFAULT CHARSET=utf8mb4 COLLATE=utf8mb4_general_ci;

/*Data for the table `penerimaanbarangdetail` */

/*Table structure for table `pengaturan` */

DROP TABLE IF EXISTS `pengaturan`;

CREATE TABLE `pengaturan` (
  `aktifbataspenginputan` tinyint(1) DEFAULT NULL,
  `tglbataspenginputan` datetime DEFAULT NULL,
  `sekolahbisalogin` tinyint(1) DEFAULT NULL,
  `uptbisalogin` tinyint(1) DEFAULT NULL,
  `aktifbataspenginputansekolah` tinyint(1) NOT NULL DEFAULT '0'
) ENGINE=InnoDB DEFAULT CHARSET=latin1;

/*Data for the table `pengaturan` */

insert  into `pengaturan`(`aktifbataspenginputan`,`tglbataspenginputan`,`sekolahbisalogin`,`uptbisalogin`,`aktifbataspenginputansekolah`) values (1,'2025-01-05 23:59:00',1,1,1);

/*Table structure for table `pengaturanbatassekolah` */

DROP TABLE IF EXISTS `pengaturanbatassekolah`;

CREATE TABLE `pengaturanbatassekolah` (
  `kdruangan` char(10) COLLATE utf8mb4_general_ci DEFAULT NULL,
  `tglbataspenginputan` datetime DEFAULT NULL
) ENGINE=InnoDB DEFAULT CHARSET=utf8mb4 COLLATE=utf8mb4_general_ci;

/*Data for the table `pengaturanbatassekolah` */

insert  into `pengaturanbatassekolah`(`kdruangan`,`tglbataspenginputan`) values ('2104190289','2025-01-30 23:59:00'),('2104190622','2025-01-30 23:59:00'),('2104190075','2025-02-01 23:59:00'),('2104190086','2025-01-30 23:59:00'),('2104190637','2025-01-31 23:59:00'),('2104190312','2025-01-31 23:59:00'),('2104190181','2025-02-04 23:59:00'),('2104190220','2025-02-05 23:59:00'),('2104190224','2025-02-06 23:59:00'),('2104190065','2025-02-12 23:59:00'),('2104190237','2025-02-13 23:59:00'),('2104190416','2025-02-13 23:59:00'),('2104190554','2025-02-17 23:59:00'),('2104190276','2025-02-21 23:59:00'),('2104190639','2025-02-20 23:59:00'),('2104190217','2025-02-20 23:59:00'),('2104190585','2025-02-20 23:59:00'),('2104190589','2025-02-20 23:59:00'),('2104190611','2025-02-20 23:59:00'),('2104190612','2025-02-20 23:59:00'),('2104190428','2025-02-20 23:59:00'),('2104190443','2025-02-20 23:59:00'),('2104190446','2025-02-20 23:59:00'),('2104190498','2025-02-20 23:59:00'),('2104190411','2025-02-20 23:59:00'),('2104190311','2025-02-20 23:59:00'),('2104190079','2025-02-24 23:59:00'),('2104190354','2025-02-26 23:59:00'),('2104190427','2025-02-26 23:59:00'),('2104190426','2025-02-26 23:59:00'),('2104190436','2025-02-26 23:59:00'),('2104190428','2025-02-26 23:59:00'),('2104190443','2025-02-26 23:59:00'),('2104190151','2025-02-26 23:59:00'),('2104190098','2025-02-28 23:59:00'),('2104190260','2025-03-18 23:59:00'),('2201190001','2025-12-31 23:59:00'),('2104190275','2025-04-26 23:59:00'),('2104190642','2025-04-24 23:59:00'),('2104190401','2025-04-26 23:59:00'),('2104190615','2025-04-26 23:59:00'),('2104190641','2025-04-29 23:59:00'),('2104190228','2025-04-29 23:59:00'),('2104190640','2025-04-29 23:59:00'),('2104190240','2025-05-02 23:59:00'),('2104190552','2025-05-02 23:59:00'),('2104190572','2025-05-02 23:59:00'),('2104190223','2025-05-05 23:59:00'),('2104190253','2025-05-05 23:59:00'),('2104190271','2025-05-05 23:59:00'),('2104190262','2025-05-05 23:59:00'),('2104190619','2025-05-07 23:59:00'),('2104190267','2025-05-06 23:59:00'),('2104190364','2025-05-10 23:59:00');

/*Table structure for table `pengeluaranbarang` */

DROP TABLE IF EXISTS `pengeluaranbarang`;

CREATE TABLE `pengeluaranbarang` (
  `nokeluar` char(10) COLLATE utf8mb4_general_ci NOT NULL,
  `tglkeluar` date NOT NULL,
  `uraian` varchar(255) COLLATE utf8mb4_general_ci DEFAULT NULL,
  `tahunanggaran` char(4) COLLATE utf8mb4_general_ci NOT NULL,
  `kdruangan` char(10) COLLATE utf8mb4_general_ci NOT NULL,
  `tglinsert` datetime NOT NULL,
  `tglupdate` datetime NOT NULL,
  `idpengguna` char(10) COLLATE utf8mb4_general_ci NOT NULL,
  PRIMARY KEY (`nokeluar`),
  KEY `kdruangan` (`kdruangan`),
  KEY `idpengguna` (`idpengguna`),
  CONSTRAINT `pengeluaranbarang_ibfk_1` FOREIGN KEY (`kdruangan`) REFERENCES `ruangan` (`kdruangan`),
  CONSTRAINT `pengeluaranbarang_ibfk_2` FOREIGN KEY (`idpengguna`) REFERENCES `pengguna` (`idpengguna`)
) ENGINE=InnoDB DEFAULT CHARSET=utf8mb4 COLLATE=utf8mb4_general_ci;

/*Data for the table `pengeluaranbarang` */

/*Table structure for table `pengeluaranbarangdetail` */

DROP TABLE IF EXISTS `pengeluaranbarangdetail`;

CREATE TABLE `pengeluaranbarangdetail` (
  `nokeluar` char(10) COLLATE utf8mb4_general_ci NOT NULL,
  `keybarang` char(14) COLLATE utf8mb4_general_ci NOT NULL,
  `qtykeluar` int NOT NULL,
  KEY `nokeluar` (`nokeluar`),
  KEY `keybarang` (`keybarang`),
  CONSTRAINT `pengeluaranbarangdetail_ibfk_1` FOREIGN KEY (`nokeluar`) REFERENCES `pengeluaranbarang` (`nokeluar`),
  CONSTRAINT `pengeluaranbarangdetail_ibfk_2` FOREIGN KEY (`keybarang`) REFERENCES `barang` (`keybarang`)
) ENGINE=InnoDB DEFAULT CHARSET=utf8mb4 COLLATE=utf8mb4_general_ci;

/*Data for the table `pengeluaranbarangdetail` */

/*Table structure for table `pengeluaranbarangdetail_noterima` */

DROP TABLE IF EXISTS `pengeluaranbarangdetail_noterima`;

CREATE TABLE `pengeluaranbarangdetail_noterima` (
  `nokeluar` char(10) COLLATE utf8mb4_general_ci DEFAULT NULL,
  `noterima` char(10) COLLATE utf8mb4_general_ci DEFAULT NULL,
  `keybarang` char(14) COLLATE utf8mb4_general_ci DEFAULT NULL,
  `qtykeluar` int DEFAULT NULL,
  `hargabelisatuan` decimal(18,0) DEFAULT NULL,
  UNIQUE KEY `nokeluar` (`nokeluar`,`noterima`,`keybarang`),
  KEY `noterima` (`noterima`),
  KEY `keybarang` (`keybarang`),
  CONSTRAINT `pengeluaranbarangdetail_noterima_ibfk_1` FOREIGN KEY (`nokeluar`) REFERENCES `pengeluaranbarang` (`nokeluar`),
  CONSTRAINT `pengeluaranbarangdetail_noterima_ibfk_2` FOREIGN KEY (`noterima`) REFERENCES `penerimaanbarang` (`noterima`),
  CONSTRAINT `pengeluaranbarangdetail_noterima_ibfk_3` FOREIGN KEY (`keybarang`) REFERENCES `barang` (`keybarang`)
) ENGINE=InnoDB DEFAULT CHARSET=utf8mb4 COLLATE=utf8mb4_general_ci;

/*Data for the table `pengeluaranbarangdetail_noterima` */

/*Table structure for table `pengguna` */

DROP TABLE IF EXISTS `pengguna`;

CREATE TABLE `pengguna` (
  `idpengguna` char(10) COLLATE utf8mb4_general_ci NOT NULL,
  `namapengguna` varchar(100) COLLATE utf8mb4_general_ci NOT NULL,
  `kdruangan` char(10) COLLATE utf8mb4_general_ci DEFAULT NULL,
  `nip` char(20) COLLATE utf8mb4_general_ci DEFAULT NULL,
  `jk` char(1) COLLATE utf8mb4_general_ci NOT NULL,
  `tgllahir` date DEFAULT NULL,
  `tempatlahir` varchar(50) COLLATE utf8mb4_general_ci DEFAULT NULL,
  `notelp` char(16) COLLATE utf8mb4_general_ci DEFAULT NULL,
  `username` varchar(25) COLLATE utf8mb4_general_ci NOT NULL,
  `password` varchar(100) COLLATE utf8mb4_general_ci NOT NULL,
  `statusaktif` char(1) COLLATE utf8mb4_general_ci NOT NULL,
  `foto` varchar(255) COLLATE utf8mb4_general_ci DEFAULT NULL,
  `akseslevel` char(1) COLLATE utf8mb4_general_ci DEFAULT NULL COMMENT '1=pengguna ruangan; 2=adminsystem',
  `kdupt` char(7) COLLATE utf8mb4_general_ci DEFAULT NULL,
  `lastupdate` char(10) COLLATE utf8mb4_general_ci DEFAULT NULL,
  `idupdater` char(10) COLLATE utf8mb4_general_ci DEFAULT NULL,
  PRIMARY KEY (`idpengguna`),
  UNIQUE KEY `username` (`username`),
  KEY `kdruangan` (`kdruangan`),
  CONSTRAINT `pengguna_ibfk_1` FOREIGN KEY (`kdruangan`) REFERENCES `ruangan` (`kdruangan`)
) ENGINE=InnoDB DEFAULT CHARSET=utf8mb4 COLLATE=utf8mb4_general_ci;

/*Data for the table `pengguna` */

insert  into `pengguna`(`idpengguna`,`namapengguna`,`kdruangan`,`nip`,`jk`,`tgllahir`,`tempatlahir`,`notelp`,`username`,`password`,`statusaktif`,`foto`,`akseslevel`,`kdupt`,`lastupdate`,`idupdater`) values ('2002210001','Toni Simanjuntak','2104190001','-','L','2001-01-01','Medan','','toni','eeca7ac1309cf2e02a310adae87e4127','1','2002210001.jpg','9',NULL,'2021-12-28','2002210001'),('2104190002','SD INPRES PALU MAKNA','2104190002','','L',NULL,'','000','SDPALUMAKNA','1e38df09e6b07b2a15fe9e46a53f49bc','1','','1',NULL,NULL,NULL),('2104190003','SD N 101745','2104190003','','L',NULL,'','00','SDN101745','87c96788b4feb3862a565dc9ebac6e85','1','','1',NULL,NULL,NULL),('2104190004','SD N 101747','2104190004','','P',NULL,'','00','SDN101747','977079907e6b9d002af7eb586c2b8f80','1','','1',NULL,NULL,NULL),('2104190005','SD N 101763','2104190005','','L',NULL,'','00','SDN101763','09b4e4bf0d4e11df2c6a41ffa6bd4c2e','1','','1',NULL,NULL,NULL),('2104200001','SDN104195','2104190006','','P',NULL,'','00','SDN104195','90755a5a341dd044730afc571ffd7ea8','1','','1',NULL,NULL,NULL),('2104200002','SDN104196','2104190007','','L',NULL,'','00','SDN104196','ff5b2f942a6de65a69750c78f0aa224f','1','','1',NULL,NULL,NULL),('2104200003','SD N 106153 KLAMBIR LIMA','2104190008','','L',NULL,'','00','SDN106153','39f9f27f0f7044a988643b09e9248ebf','1','','1',NULL,NULL,NULL),('2104200004','SD N 106155 T HILIR I','2104190009','','L',NULL,'','00','SDN106155','41929ed1d99128299d96d602427f7919','1','','1',NULL,'2023-02-04','9999999999'),('2104200005','SD N 106796','2104190010','','L',NULL,'','','SDN106796','c48d1cc38f747e8660966804a2186ce2','1','','1',NULL,NULL,NULL),('2104200006','SD N 106798 HAMPARAN PERAK','2104190011','','L',NULL,'','','SDN106798','074351acc096a2adce1f0dbd04cd7437','1','','1',NULL,NULL,NULL),('2104200007','SDN104193','2104190019','','L',NULL,'','','SDN104193','50704f164b67573d815d63fc40219d34','1','','1',NULL,NULL,NULL),('2104200008','SD N 106799','2104190012','','L',NULL,'','','SDN106799','c066346e7be1b8c1e42e0d952b6121d4','1','','1',NULL,NULL,NULL),('2104200009','SDN 104194 PALUH MANAN','2104190020','','P',NULL,'','00','SDN104194','ee070c153d9b881ad9a0c78a352556ab','1','','1',NULL,'2023-02-03','9999999999'),('2104200010','SD N 101748 KLUMPANG','2104190013','','L',NULL,'','','SDN101748','d4b31ebc203192f788c8ed1c1b563079','1','','1',NULL,NULL,NULL),('2104200011','SDN 105278 TANDAM HILIR','2104190021','','L',NULL,'','','SDN105278','5fff670d23165fea6a982b44f1bfe844','1','','1',NULL,NULL,NULL),('2104200012','SD N 101756','2104190014','','L',NULL,'','','SDN101756','d5ffdfdb122bc3734ce873bc58ce0649','1','','1',NULL,NULL,NULL),('2104200013','SD N 101762 PAYA BAKUNG','2104190015','','L',NULL,'','','SDN101762','4a8334f48d80140c4642a98015bfe46e','1','','1',NULL,NULL,NULL),('2104200014','SDN 105284 KOTA RANTANG','2104190022','','L',NULL,'','','SDN105284','629e6068e93d8347d39e92a7134a9f9e','1','','1',NULL,NULL,NULL),('2104200015','SD N 104189 KOTA DATAR','2104190016','','L',NULL,'','','SDN104189','198d41e635f0aadda756970e235616c2','1','','1',NULL,NULL,NULL),('2104200016','SD N 105286','2104190023','','L',NULL,'','','SDN105286','b2a2d1149323260a452d40c9f4378d25','1','','1',NULL,NULL,NULL),('2104200017','SD N 104190','2104190017','','L',NULL,'','','SDN104190','0beb6e9417e50c1b9d1b362206914fde','1','','1',NULL,NULL,NULL),('2104200018','SD N 104191 PALUH KURAU','2104190018','','L',NULL,'','','SDN104191','9543c6f0e1a822f973fc7f9da48abddd','1','','1',NULL,NULL,NULL),('2104200019','SD N 104199 KOTA RANTANG','2104190029','','L',NULL,'','00','SDN104199','96fb864be3f6320bf52f14cd0211b3a0','1','','1',NULL,'2022-11-21','9999999999'),('2104200020','SD N 101749','2104190030','','L',NULL,'','','SDN101749','1ee77de34e6504a888d69ab5747ade40','1','','1',NULL,NULL,NULL),('2104200021','SD N 101751','2104190031','','L',NULL,'','','SDN101751','4b67c98f6564d2ea2a28a87bfcd351d0','1','','1',NULL,NULL,NULL),('2104200022','SD N 101754','2104190032','','L',NULL,'','','SDN101754','9a745cfa55a9d318803a6fc701538872','1','','1',NULL,NULL,NULL),('2104200023','SD N 101759 TANDAM HILIR I','2104190033','','L',NULL,'','','SDN101759','da1913b2d52c231f8561703703fc6985','1','','1',NULL,NULL,NULL),('2104200024','SD N 101761 BULU CINA','2104190034','','L',NULL,'','','SDN101761','76c13367effd01e65ad137a3fcfe473c','1','','1',NULL,NULL,NULL),('2104200025','SD N 105277','2104190035','','L',NULL,'','082166357595','SDN105277','f476a83b148d9f39462808ccd79c745e','1','','1',NULL,'2024-09-05','9999999999'),('2104200026','SD N 105279','2104190036','','L',NULL,'','','SDN105279','47816845db32232229f343ef39f56ce2','1','','1',NULL,NULL,NULL),('2104200027','SD N 105280 DESA LAMA','2104190037','','L',NULL,'','','SDN105280','1426f91f49dea9fa755cc2eebf117b68','1','','1',NULL,NULL,NULL),('2104200028','SD N 106151 TANDAM HILIR I','2104190038','','L',NULL,'','','SDN106151','526885cd57202cb376d2fe5f6a521ab5','1','','1',NULL,NULL,NULL),('2104200029','SD N 106152','2104190039','','L',NULL,'','','SDN106152','c6043efef8552aba4a288aee0861b21a','1','','1',NULL,NULL,NULL),('2104200030','SD N 106154','2104190040','','L',NULL,'','081269317690','SDN106154','8c975217f2cbca3c4d8f298a42ca748f','1','','1',NULL,'2023-11-17','9999999999'),('2104200031','SD N 106443','2104190041','','L',NULL,'','','SDN106443','007ff2332fc1020e5753183347eaff2a','1','','1',NULL,NULL,NULL),('2104200033','SD N 106794 PAYA BAKUNG','2104190043','','L',NULL,'','','SDN106794','e8daa94bf9cf09ecb86ff74ce3121bd1','1','','1',NULL,NULL,NULL),('2104200034','SD N 106797 BULU CINA','2104190044','','L',NULL,'','','SDN106797','75057dcf4f96c1f455c9718e105bf4f9','1','','1',NULL,NULL,NULL),('2104200035','SD N 101743 HAMPARAN PERAK','2104190045','','L',NULL,'','','SDN101743','fc35c705d2f95cb2c997c705e0f45dda','1','','1',NULL,NULL,NULL),('2104200036','SD N 101744 DESA KLAMBIR','2104190046','','L',NULL,'','','SDN101744','79567b5d2f92280289abd049536d0906','1','','1',NULL,'2024-03-25','9999999999'),('2104200037','SD N 101750 KLAMBIR LIMA','2104190047','','L',NULL,'','','SDN101750','eb4562d33061abd5afbc7264fb985c56','1','','1',NULL,NULL,NULL),('2104200038','SDN 106148','2104190024','','L',NULL,'','','SDN106148','381f97adbaee45be33db0a0407680aaa','1','','1',NULL,NULL,NULL),('2104200039','SD N 101755 T. HULU','2104190048','','L',NULL,'','','SDN101755','c75d189539384d0fb7efb6b06f208c2c','1','','1',NULL,NULL,NULL),('2104200040','SD N 101757 TANDAM HILIR','2104190049','','L',NULL,'','','SDN101757','c9db706755b36a283df88b208de6168c','1','','1',NULL,NULL,NULL),('2104200041','SD N 101758','2104190050','','L',NULL,'','','SDN101758','481e14d540ab6c33fac517bf6910837b','1','','1',NULL,'2024-03-25','9999999999'),('2104200042','SD N 101760 BULU CINA','2104190051','','L',NULL,'','081370788486','SDN101760','a569287094097cfc32995334a38dabb8','1','','1',NULL,'2023-07-18','9999999999'),('2104200043','SD N 104192','2104190052','','L',NULL,'','','SDN104192','ae32175bf728078a7e69d6f274ce435c','1','','1',NULL,NULL,NULL),('2104200044','SDN 106150 TANDAM HULU I','2104190025','','L',NULL,'','','SDN106150','b299e283ad496496ffad10a8fae4fb37','1','','1',NULL,NULL,NULL),('2104200045','SD N 106795','2104190059','','P',NULL,'','','SDN106795','81e0ed6b8edbafa5e6a24283fa694345','1','','1',NULL,NULL,NULL),('2104200046','SD N 104197','2104190053','','L',NULL,'','','SDN104197','4448130b0e989939b2954c9723eca0e8','1','','1',NULL,NULL,NULL),('2104200047','SDN 106800','2104190026','','L',NULL,'','','SDN106800','5e665aa0c5757cbc20c1d260264c370a','1','','1',NULL,NULL,NULL),('2104200048','SD N 104198','2104190054','','L',NULL,'','','SDN104198','a56df02c7b230080cda5f037749b34eb','1','','1',NULL,NULL,NULL),('2104200049','SDN 106801 BULU CINA','2104190027','','L',NULL,'','081377428235','SDN106801','20337cf15030011db224bdbca27e313c','1','','1',NULL,'2024-03-25','9999999999'),('2104200050','SD N 101742 HAMPARAN PERAK','2104190060','','L',NULL,'','','SDN101742','9b1272b95f06773b295daa4589fdc52d','1','','1',NULL,NULL,NULL),('2104200051','SD N 105276 KOTA DATAR','2104190055','','L',NULL,'','','SDN105276','02c4f5b8703eac7a79fe2d78488709b4','1','','1',NULL,NULL,NULL),('2104200052','SDN 101746','2104190028','','P',NULL,'','','SDN101746','3fd3cbee1e7fcf68ac506096b2702565','1','','1',NULL,NULL,NULL),('2104200053','SD N 105283 KLAMBIR LIMA','2104190056','','L',NULL,'','','SDN105283','e3e976bf8d83d4205ba11a6357f59f49','1','','1',NULL,NULL,NULL),('2104200054','SD N 107394','2104190061','','L',NULL,'','','SDN107394','00fc0e4efdd24aa6cf9a41dac356f34c','1','','1',NULL,NULL,NULL),('2104200055','SD N 106149','2104190057','','L',NULL,'','','SDN106149','d431561667f28fdc6d68a8054acfdbfa','1','','1',NULL,NULL,NULL),('2104200056','SDN 101787','2104190069','','L',NULL,'','','SDN101787','d3805c2bf9b4fbf544c45f1346061162','1','','1',NULL,NULL,NULL),('2104200057','SD N 106156 KLUMPANG','2104190058','','L',NULL,'','','SDN106156','a6fbb132a0e0b9f606f5642d1d17c922','1','','1',NULL,NULL,NULL),('2104200058','SDN 104200','2104190070','','P',NULL,'','','SDN104200','1996e094099c274ea819b46eb00f0cc6','1','','1',NULL,NULL,NULL),('2104200059','SDN 106157','2104190071','','L',NULL,'','','SDN106157','e6082b69bdc364f3183bde84f5cd362e','1','','1',NULL,NULL,NULL),('2104200060','SDN 106158 PEMATANG JOHAR','2104190072','','L',NULL,'','','SDN106158','8c80651bc5b9b0ce0002a5a918a28e4a','1','','1',NULL,'2022-11-19','9999999999'),('2104200061','SMP N 1 LABUHAN DELI','2104190079','','L',NULL,'','','SMPN 1 LDELI','662507a3c2278eb63b3234962deb41da','1','','1',NULL,NULL,NULL),('2104200062','SDN 101784 MABAR','2104190073','','L',NULL,'','','SDN101784','dac45ee898128a459235abdba58a77c7','1','','1',NULL,'2022-10-21','9999999999'),('2104200063','SMP N 3 LABUHAN DELI SATU ATAP','2104190080','','L',NULL,'','','SMP3LDELI','f0f95865962fda4cb41ff33050ac3b04','1','','1',NULL,'2022-12-01','9999999999'),('2104200064','SDN 106805','2104190074','','L',NULL,'','','SDN106805','216ef90a48152b65e056aa8fd47723a7','1','','1',NULL,'2022-10-21','9999999999'),('2104200065','SD N 101775 SAMPALI','2104190081','','L',NULL,'','','SDN101775','41b1684780ea20a9a9516704423223db','1','','1',NULL,NULL,NULL),('2104200066','SDN 105297','2104190075','','L',NULL,'','','SDN105297','426f00e96870c991744b9352daa03933','1','','1',NULL,NULL,NULL),('2104200067','SD N 107395 KLAMBIR LIMA KAMPUNG','2104190062','','P',NULL,'','','SDN107395','a7b41f277d89337b794fa82f60966e9f','1','','1',NULL,NULL,NULL),('2104200068','SD N 104203 BANDAR KHALIPAH','2104190082','','L',NULL,'','','SDN104203','30e32c0770a5ce970f9bbb1f9c09f20e','1','','1',NULL,NULL,NULL),('2104200069','SDN 106803','2104190076','','L',NULL,'','','SDN106803','8c4b12cca712981159dd9dfd84ced8bd','1','','1',NULL,'2022-10-21','9999999999'),('2104200070','SD N 101752 KLAMBIR LIMA','2104190063','','L',NULL,'','','SDN101752','e7e408185c5fd06257de83167e7ae336','1','','1',NULL,NULL,NULL),('2104200071','SD N 101770','2104190083','','L',NULL,'','','SDN101770','c5d718b7cc7adf779aa0104481b09fe5','1','','1',NULL,NULL,NULL),('2104200072','SDN 106802 HELVETIA','2104190077','','P',NULL,'','','SDN106802','cae5f0c34e5a0d365451c898899860fb','1','','1',NULL,NULL,NULL),('2104200073','SD N 101764 BANDAR KLIPPA','2104190084','','L',NULL,'','','SDN101764','54cf1a7dc09e271a0575ea8c101f7b31','1','','1',NULL,NULL,NULL),('2104200074','SD N 101769 TEMBUNG','2104190085','','L',NULL,'','','SDN101769','259850a132b6dfb47bb640eeb8b90fe5','1','','1',NULL,NULL,NULL),('2104200075','SMP N 2 LABUHAN DELI','2104190078','','L',NULL,'','','SMPN 2 LDELI','58074aa2c7be83a323f4e7e4255019f6','1','','1',NULL,NULL,NULL),('2104200076','SMP N 1 HAMPARAN PERAK','2104190064','','L',NULL,'','','SMPN1HPERAK','bc599a623c3ddcdaaccf9da1066baa78','1','','1',NULL,NULL,NULL),('2104200077','SD N 101772 TANJUNG SELAMAT','2104190086','','L',NULL,'','','SDN101772','67edfbd2d184df8f088f6e61c4d55d9f','1','','1',NULL,NULL,NULL),('2104200078','SDN 104208 CINTA RAKYAT','2104190089','','L',NULL,'','','SDN104208','71f15528fd458257393251a198c81931','1','','1',NULL,NULL,NULL),('2104200079','SD N 101780 PERCUT','2104190087','','L',NULL,'','','SDN101780','1e63bd0a71d4b01be192b089ee54a1ce','1','','1',NULL,NULL,NULL),('2104200080','SMP N 2 HAMPARAN PERAK','2104190065','','L',NULL,'','','SMPN2HPERAK','f54a49c740dccc7ab17998e37a5640e1','1','','1',NULL,'2024-02-16','9999999999'),('2104200081','SDN 104209 SAENTIS','2104190090','','L',NULL,'','','SDN104209','9b593099138d740b0619ae9c2e180c35','1','','1',NULL,NULL,NULL),('2104200082','SD N 101783 SAENTIS','2104190088','','L',NULL,'','','SDN101783','0e26efb70d568812db20cadd267da8cc','1','','1',NULL,NULL,NULL),('2104200083','SD N 101765','2104190099','','L',NULL,'','','SDN101765','df0d3753261b59a2f16f9816eb273269','1','','1',NULL,NULL,NULL),('2104200084','SDN 105287','2104190091','','L',NULL,'','','SDN105287','764f28aa6043f6c14c9dfaf543230b51','1','','1',NULL,NULL,NULL),('2104200085','SDN 105294 CINTA DAMAI','2104190092','','L',NULL,'','','SDN105294','289364eb40bf608bd23cfee9c07ee1a6','1','','1',NULL,NULL,NULL),('2104200086','SD N 101766 BANDAR SETIA','2104190100','','L',NULL,'','','SDN101766','26773a5f04cf523693d1a4bc7c1a97bf','1','','1',NULL,NULL,NULL),('2104200087','SMP N 3 HAMPARAN PERAK','2104190066','','L',NULL,'','','SMPN3HPERAK','9856479b108f277d2c3bd581587b1044','1','','1',NULL,NULL,NULL),('2104200088','SDN 105295 PERCUT HULU','2104190093','','L',NULL,'','','SDN105295','dd1a5adec8c23e67abbaf57a2bddc488','1','','1',NULL,NULL,NULL),('2104200089','SD N 101785','2104190067','','L',NULL,'','','SDN101785','a4ba4fc889377f1ca8171e116b875ef5','1','','1',NULL,NULL,NULL),('2104200090','SD N 101767 TEMBUNG','2104190101','','L',NULL,'','','SDN101767','a820d59637b197596f0e86670be87d74','1','','1',NULL,NULL,NULL),('2104200091','SD N 101786','2104190068','','L',NULL,'','','SDN101786','db0f6a0b1040dd2196c382b29b751d97','1','','1',NULL,'2022-10-21','9999999999'),('2104200092','SD N 101768 TEMBUNG','2104190102','','L',NULL,'','','SDN101768','79bb656100ce16ce490037610cd3d4d5','1','','1',NULL,NULL,NULL),('2104200093','SD N 101771 TEMBUNG','2104190103','','L',NULL,'','','SDN101771','51bce3fe95b0e83e44f2eca72106029b','1','','1',NULL,NULL,NULL),('2104200094','SDN 106161 LAUT DENDANG','2104190094','','L',NULL,'','','SDN106161','3d892c3b5c50f7b41b0c76466a4fadbf','1','','1',NULL,NULL,NULL),('2104200095','SD N 101773 DESA KOLAM','2104190104','','L',NULL,'','','SDN101773','f31d0b7bb86f39adfad7c791e6f79f1a','1','','1',NULL,NULL,NULL),('2104200096','SDN 106806 CINTA RAKYAT','2104190095','','L',NULL,'','','SDN106806','8e0fbc892cfd46ef397d2a41a1b22baa','1','','1',NULL,NULL,NULL),('2104200097','SD N 101774 SAMPALI','2104190105','','L',NULL,'','','SDN101774','e0b1c7e73463a1ce2ab0494424d9912f','1','','1',NULL,NULL,NULL),('2104200098','SDN 106814 TEMBUNG','2104190096','','L',NULL,'','','SDN106814','9c15f09da10af0482f1dde8f668f2c5f','1','','1',NULL,NULL,NULL),('2104200099','SD N 101776 SAMPALI','2104190106','','L',NULL,'','','SDN101776','f35e2c0d646081c19bdd24997f155b1f','1','','1',NULL,NULL,NULL),('2104200100','SD N 101777 SAENTIS','2104190107','','L',NULL,'','','SDN101777','95d79942d4f1bb21519cb3f1ba8743bf','1','','1',NULL,NULL,NULL),('2104200101','SD N 101778 MEDAN ESTATE','2104190108','','L',NULL,'','','SDN101778','2bbb4f865c3792a971f25b9ab10026bd','1','','1',NULL,NULL,NULL),('2104200102','SD N 105288 SEI ROTAN','2104190119','','L',NULL,'','','SDN105288','029c8ce1561d1f0af51b9b1130beeb07','1','','1',NULL,NULL,NULL),('2104200103','SD N 105289','2104190120','','L',NULL,'','','SDN105289','35b5101fa64fe458ae672425cd6c412a','1','','1',NULL,NULL,NULL),('2104200104','SD N 105290 DESA KOLAM','2104190121','','L',NULL,'','','SDN105290','6fe747d0deb4aed11d8da61f418c201c','1','','1',NULL,NULL,NULL),('2104200105','SD N 105291 SAENTIS','2104190122','','L',NULL,'','','SDN105291','b412d89e36e673542464d4fb97743322','1','','1',NULL,NULL,NULL),('2104200106','SD N 105292','2104190123','','L',NULL,'','','SDN105292','f25bfae80f3541be9a2c6fd31bb65036','1','','1',NULL,NULL,NULL),('2104200107','SD N 105293 MEDAN ESTATE','2104190124','','L',NULL,'','','SDN105293','e2e43943599950c1f9a990165854475d','1','','1',NULL,NULL,NULL),('2104200108','SDN 107399 BANDAR KHALIPAH','2104190097','','L',NULL,'','','SDN107399 ','9521679f1d94f23adf7a587f9d6ddf00','1','','1',NULL,'2022-01-26','9999999999'),('2104200109','SD N 105296 PERCUT HILIR','2104190125','','L',NULL,'','','SDN105296','c1c55a03a148bc110fa893dd5236a2b3','1','','1',NULL,NULL,NULL),('2104200110','SDN 107402 SAENTIS','2104190098','','L',NULL,'','','SDN107402','6c70fc64f0eb440baa901c03591bec47','1','','1',NULL,NULL,NULL),('2104200111','SD N 106160 TANJUNG REJO','2104190126','','L',NULL,'','','SDN106160','3f6179e51be07c4811c49820eb5b7e98','1','','1',NULL,NULL,NULL),('2104200112','SDN 106164 SAMBIREJO TIMUR','2104190129','','L',NULL,'','','SDN106164','e4507e6d73543f24fed76e8c4f7d5312','1','','1',NULL,NULL,NULL),('2104200113','SD N 106162 MEDAN ESTATE','2104190127','','L',NULL,'','','SDN106162','8b14e163363405b67bebd97e25b47821','1','','1',NULL,NULL,NULL),('2104200114','SDN 106804 PERCUT','2104190130','','L',NULL,'','','SDN106804','e4b0c761b1bb53580dfeb517cd8643a6','1','','1',NULL,NULL,NULL),('2104200115','SD N 106163 BANDAR KLIPPA','2104190128','','L',NULL,'','','SDN106163','75eaec48b4d52c383fdc034360524f7b','1','','1',NULL,NULL,NULL),('2104200116','SDN 106808','2104190131','','L',NULL,'','','SDN106808','696c5c816cbb9de1f5276f5c6e35338a','1','','1',NULL,NULL,NULL),('2104200117','SD N 107400 BANDAR KHALIPAH','2104190139','','L',NULL,'','','SDN107400','f511fa85c93b49965efaba0baacdcec9','1','','1',NULL,NULL,NULL),('2104200118','SDN 106810 SAMPALI','2104190132','','L',NULL,'','','SDN106810','92f0cca608053c4a5fb98bc57b258a52','1','','1',NULL,NULL,NULL),('2104200119','SD N 107401 PEMATANG LALANG','2104190140','','L',NULL,'','','SDN107401','3c98c550f2f6c5de0aae7fd534668245','1','','1',NULL,NULL,NULL),('2104200120','SDN 106811 B. SETIA','2104190133','','L',NULL,'','','SDN106811','44f8e22802359a1847e60c988d4f22b4','1','','1',NULL,NULL,NULL),('2104200121','SD N 107403','2104190141','','L',NULL,'','','SDN107403','2b1ab251f90c48769f002a5ca824dbed','1','','1',NULL,NULL,NULL),('2104200122','SDN 106812','2104190134','','L',NULL,'','','SDN106812','078895d2a29d78976e865151e2e82aae','1','','1',NULL,NULL,NULL),('2104200123','SDN 106813 AMPLAS','2104190135','','L',NULL,'','','SDN106813','8e1db805f4cf744a364957e77a733fff','1','','1',NULL,NULL,NULL),('2104200124','SDN 107396 PALUH MERBAU','2104190136','','L',NULL,'','','SDN107396','2389d89c799e5c1ebe4324fcf24eafc4','1','','1',NULL,'2021-09-29','9999999999'),('2104200125','SDN 107397 CINTA DAMAI','2104190137','','L',NULL,'','','SDN107397','e1522d8fd6408e582cd5ac0a866458e8','1','','1',NULL,NULL,NULL),('2104200126','SDN 107398 SEI ROTAN','2104190138','','L',NULL,'','','SDN107398','4a0c0830037d9472439b582d1274a735','1','','1',NULL,NULL,NULL),('2104200127','SD N 107404','2104190142','','L',NULL,'','','SDN107404','afbc9a1a510d0e8d59a7e8f92859a61d','1','','1',NULL,NULL,NULL),('2104200128','SD N 107405 SEI ROTAN','2104190143','','L',NULL,'','','SDN107405','37ac53113e51c7d55d5043d55c4d7d2e','1','','1',NULL,NULL,NULL),('2104200129','SD N 108076 T. SELAMAT','2104190144','','L',NULL,'','','SDN108076','7c54eca61a0885cc9535344ac7babe5d','1','','1',NULL,NULL,NULL),('2104200130','SD N 101782 TANJUNG REJO','2104190145','','L',NULL,'','','SDN101782','c27894afe67eecad6aad5dcaa0a8bae3','1','','1',NULL,NULL,NULL),('2104200131','SD N 106809 KOLAM','2104190146','','L',NULL,'','','SDN106809','03c75dbdd66972d412c88af27b65e972','1','','1',NULL,NULL,NULL),('2104200132','SMP N 1 PERCUT SEI TUAN','2104190147','','L',NULL,'','','SMPN1PERCUT','226a923863a86fc30b5410f7b4f526dd','1','','1',NULL,NULL,NULL),('2104200133','SMP N 2 PERCUT SEI TUAN','2104190148','','L',NULL,'','','SMPN2PERCUT','ce721bd9683fbf5d70ffdd8f941a555f','1','','1',NULL,NULL,NULL),('2104200134','SD N 101731','2104190159','','L',NULL,'','','SDN101731','54b73d9ccd5ad72de23dd27e4d68a47c','1','','1',NULL,NULL,NULL),('2104200135','SD N 101732 KP LALANG','2104190160','','L',NULL,'','','SDN101732','1d530f3774d752881884b51fab5ef5ce','1','','1',NULL,NULL,NULL),('2104200136','SD N 101733 SEI SEMAYANG','2104190161','','L',NULL,'','','SDN101733','7f6a42449e0d4c0bad719b421cf2f4a5','1','','1',NULL,NULL,NULL),('2104200137','SMPN 3 PERCUT SEI TUAN','2104190149','','L',NULL,'','0616990463','SMPN3PERCUT ','25d55ad283aa400af464c76d713c07ad','1','','1',NULL,'2024-08-02','9999999999'),('2104200138','SD N 101735 SE SEMAYANG','2104190162','','L',NULL,'','','SDN101735','fbfc8d59ecf0c44cf295a2fecc3a7391','1','','1',NULL,NULL,NULL),('2104200139','SMP N 4 PERCUT SEI TUAN','2104190150','','L',NULL,'','','SMPN4 PERCUT','803f489f8a8825802302f6a6798a4131','1','','1',NULL,NULL,NULL),('2104200140','SD N 101736','2104190163','','L',NULL,'','','SDN101736','3e95d976929137921017930f9a6df753','1','','1',NULL,NULL,NULL),('2104200141','SMP N 5 PERCUT SEI TUAN','2104190151','','L',NULL,'','','SMPN5PERCUT','e6f3ecd17c0846bff851e5389a4c628d','1','','1',NULL,NULL,NULL),('2104200142','SD N 1017 MULYO REJO','2104190164','','L',NULL,'','','SDN101737','3acf9c3cfa5a296cad004bc893e91333','1','','1',NULL,NULL,NULL),('2104200143','SD N 101738','2104190165','','L',NULL,'','082161193455','SDN101738','c56b59a5f40e753d28f86db0dbbbfd63','1','','1',NULL,'2023-01-16','9999999999'),('2104200144','SMP N 6 PERCUT SEI TUAN','2104190152','','L',NULL,'','','SMPN6PERCUT','df7595f0a97564e2f90731036cad3820','1','','1',NULL,NULL,NULL),('2104200145','SD N 101739 SEI MENCIRIM','2104190166','','L',NULL,'','','SDN101739','1f461762bdf9602db626d5f79d89931f','1','','1',NULL,NULL,NULL),('2104200146','SD N 101741','2104190167','','L',NULL,'','','SDN101741','62f16f7668da69e6de6dcd22a73a2a62','1','','1',NULL,NULL,NULL),('2104200147','SMP N 7 PERCUT SEI TUAN','2104190153','','L',NULL,'','','SMPN7PERCUT','2864ff318fda5ab8dcd239189c5e38b5','1','','1',NULL,NULL,NULL),('2104200148','SD N 105265 SUKAMAJU','2104190168','','L',NULL,'','','SDN105265','e5247f19b6fdc2884a9706dc3ccccee8','1','','1',NULL,NULL,NULL),('2104200149','SMP N 8 PERCUT SEI TUAN','2104190154','','L',NULL,'','','SMPN8PERCUT','637c2ae0bcdd6919cacb82fac79f687a','1','','1',NULL,NULL,NULL),('2104200150','SD N 105268','2104190169','','L',NULL,'','','SDN105268','6dc5c3212cf852d25a44b3eeae5a0185','1','','1',NULL,NULL,NULL),('2104200152','SD N 105271 SERBAJADI','2104190170','','L',NULL,'','','SDN105271','b8fc79fb00c24e9357b5dbc5054e665c','1','','1',NULL,NULL,NULL),('2104200153','SD N 106789 TANJUNG GUSTA','2104190156','','L',NULL,'','','SDN106789','b1a7d085dd7c8a97ed618286b1d08f10','1','','1',NULL,NULL,NULL),('2104200154','SD N 105272 PURWODADI','2104190171','','L',NULL,'','','SDN105272','3050be59821b82d25a2b4a134b055a09','1','','1',NULL,NULL,NULL),('2104200155','SD N 106144 SEIMENCIRIM','2104190172','','L',NULL,'','','SDN106144','885a5d5543924e926dafe69f4a75712a','1','','1',NULL,NULL,NULL),('2104200157','SD N 106788 PURWODADI','2104190173','','L',NULL,'','','SDN106788','cbe6849a538d5b370d4676a0256ff291','1','','1',NULL,NULL,NULL),('2104200158','SDN 101729 KAMPUNG LALANG','2104190158','','L',NULL,'','','SDN101729','59fd506bd803f6ecf459f006f4b21732','1','','1',NULL,NULL,NULL),('2104200159','SD N 101740 TANJUNG SELAMAT','2104190174','','L',NULL,'','','SDN101740','e709f2a217492f35ee11bcb6dda1cbd4','1','','1',NULL,NULL,NULL),('2104200160','SDN 106145 SERBAJADI','2104190179','','L',NULL,'','','SDN106145','8e2c2cf5ec7a09b18ad79b768228e3cd','1','','1',NULL,NULL,NULL),('2104200161','SD N 104181 SUNGGAL KANAN','2104190175','','L',NULL,'','','SDN104181','6e8dc3f125b49f20360860e85ab6e779','1','','1',NULL,NULL,NULL),('2104200162','SD N 104182 PAYA GELI','2104190176','','L',NULL,'','','SDN104182','91239ec69e1c824db6232a44a6a86738','1','','1',NULL,NULL,NULL),('2104200163','SDN 106146 MULIOREJO','2104190180','','L',NULL,'','','SDN106146','95c06289bf13705ae6ac2fb63e045770','1','','1',NULL,NULL,NULL),('2104200164','SD N 104188 MEDAN KRIO','2104190177','','L',NULL,'','','SDN104188','d8776f1e3180269ccd2b4b5fadda7cc2','1','','1',NULL,NULL,NULL),('2104200165','SDN 106449 PUJIMULIO','2104190181','','L',NULL,'','','SDN106449','ffab51549c83e1d48adb0d7065ae62b8','1','','1',NULL,NULL,NULL),('2104200166','SD N 105274 TANJUNG GUSTA','2104190178','','L',NULL,'','','SDN105274','79c1d73bf689e141be6aa50213b20a1e','1','','1',NULL,NULL,NULL),('2104200167','SDN 106785 SEI SEMAYANG','2104190182','','L',NULL,'','','SDN106785','6e2e59cc2fd27c13e85d3bec6d44a1d0','1','','1',NULL,NULL,NULL),('2104200168','SD N 105269','2104190189','','L',NULL,'','081375885869','SDN105269','2cae7f22a819813ede0002901b1c1f25','1','','1',NULL,'2023-01-17','9999999999'),('2104200169','SDN 106786 SEI SEMAYANG','2104190183','','L',NULL,'','','SDN106786','97d1a3cda83028c5a22a24b561bd2ec6','1','','1',NULL,NULL,NULL),('2104200170','SD N 105270 PUJIMULIO','2104190190','','L',NULL,'','','SDN105270','61edd7ca7dcc3b61c38f2070fcdf8330','1','','1',NULL,NULL,NULL),('2104200171','SDN 106787 SUKAMAJU','2104190184','','L',NULL,'','','SDN106787','f90b150eae8f54d17d0a27577c551b23','1','','1',NULL,NULL,NULL),('2104200172','SD N 105273','2104190191','','L',NULL,'','','SDN105273','491b1132e82ae9c28d73e9e2c1c9e986','1','','1',NULL,NULL,NULL),('2104200173','SDN 104185 SEI SEMAYANG','2104190185','','L',NULL,'','','SDN104185','b1bd219af1643a834df13b87796e350b','1','','1',NULL,NULL,NULL),('2104200174','SD N 105275 PAYA GELI','2104190192','','L',NULL,'','','SDN105275','1b714730f1877ab744b10181c5178b9c','1','','1',NULL,NULL,NULL),('2104200175','SDN 104186 TANJUNG SELAMAT','2104190186','','L',NULL,'','','SDN104186','db15c611deae274fbaca6537e58c26f9','1','','1',NULL,NULL,NULL),('2104200176','SD N 106143','2104190193','','L',NULL,'','','SDN106143','e899306c664454b996212a5bd4c344c0','1','','1',NULL,NULL,NULL),('2104200177','SDN 104187 MULIOREJO','2104190187','','L',NULL,'','','SDN104187','1239e8472b34c326647009067a03684c','1','','1',NULL,NULL,NULL),('2104200178','SD N 107393 SM. DISKI','2104190194','','L',NULL,'','','SDN107393','10abddfbe5133e03fee4acf69d23199e','1','','1',NULL,NULL,NULL),('2104200179','SD N 107825 PUJIMULIO','2104190195','','L',NULL,'','','SDN107825','55b564f39c2940990b6487849af8964d','1','','1',NULL,NULL,NULL),('2104200180','SDN 105267 SEI MENCIRIM','2104190188','','L',NULL,'','','SDN105267','9a0ffe6892400f5bb468f72c7f47c480','1','','1',NULL,NULL,NULL),('2104200181','SMP N 1 SUNGGAL','2104190196','','L',NULL,'','','SMPN1SUNGGAL','496904a3586a43495c8858b65ec2df7c','1','','1',NULL,NULL,NULL),('2104200182','SMPN 4 SATU ATAP SUNGGAL','2104190199','','L',NULL,'','','SMPN4SUNGGAL','6b0656f79ff7139cb6f0d2a7ed35dd62','1','','1',NULL,NULL,NULL),('2104200183','SDN 104231','2104190200','','L',NULL,'','','SDN104231','40f20956232681a121ce7dd1f5d4bd2f','1','','1',NULL,NULL,NULL),('2104200184','SDN 101865 BATANG KUIS','2104190201','','L',NULL,'','','SDN101865','330f5fd209c70218b5642512d2ee3bd8','1','','1',NULL,NULL,NULL),('2104200185','SMP N 2 SUNGGAL ','2104190197','','P',NULL,'','0618465747','SMPN2SUNGGAL','64ec9550ead78287de9929b2cf5041c2','1','','1',NULL,'2024-09-05','9999999999'),('2104200186','SMP N 3 SUNGGAL','2104190198','','L',NULL,'','','SMPN3SUNGGAL','3e50b7d2efdd8096c7fded98a2e18f5d','1','','1',NULL,NULL,NULL),('2104200187','SDN 101867 PAYA GAMBAR','2104190202','','L',NULL,'','','SDN101867','83ef59ae4371cc264ef1bd3464efbbb3','1','','1',NULL,NULL,NULL),('2104200188','SD N 106178 DESA BARU','2104190209','','L',NULL,'','','SDN106178','ae109e5fa4bc077a8ae5df5823865a7d','1','','1',NULL,NULL,NULL),('2104200189','SDN 101869 DESA SENA','2104190203','','L',NULL,'','','SDN101869','a1a807169d28a40fd9318dc4d6d1020e','1','','1',NULL,NULL,NULL),('2104200190','SD N 106826 SIDODADI','2104190210','','L',NULL,'','','SDN106826','b93c7ceda93620408c0863cb6dba33ff','1','','1',NULL,NULL,NULL),('2104200191','SDN 101870 DESA SENA','2104190204','','L',NULL,'','','SDN101870','3dd8b60962c753d23d551e28ef2364cf','1','','1',NULL,NULL,NULL),('2104200192','SD N 107415 TANJUNG SARI','2104190211','','L',NULL,'','','SDN107415','9240f77c2b431586040ce254833cc17c','1','','1',NULL,NULL,NULL),('2104200193','SDN 101871 SIDODADI','2104190205','','L',NULL,'','','SDN101871','9153900468234fc09f604f5df5f19e59','1','','1',NULL,NULL,NULL),('2104200194','SDN 101873 DESA BARU','2104190206','','L',NULL,'','','SDN101873','aa13aecde9f895d210023cf9b7831d72','1','','1',NULL,NULL,NULL),('2104200195','SD N 105322 DESA MESJID','2104190212','','L',NULL,'','','SDN105322','fab2a0a7b849eb32af8d97c8fbe87cb0','1','','1',NULL,NULL,NULL),('2104200196','SD N 101866 BATANG KUIS PEKAN','2104190213','','L',NULL,'','','SDN101866','fc57bc4e60792303bd31b46f3d260a17','1','','1',NULL,NULL,NULL),('2104200197','SD N 101868 DESA SENA','2104190214','','L',NULL,'','','SDN101868','b927da881b6cc7be909cb5da7f13cc0b','1','','1',NULL,NULL,NULL),('2104200198','SD N 101874','2104190215','','L',NULL,'','','SDN101874','ef9b024276f66a0f2d44ac58a80de6d4','1','','1',NULL,NULL,NULL),('2104200199','SD N 101875 BINTANG MERIAH','2104190216','','L',NULL,'','','SDN101875','09e50cd1e353a3c4352569b431a337d7','1','','1',NULL,NULL,NULL),('2104200200','SDN 104230 TANJUNG SARI','2104190207','','L',NULL,'','','SDN104230','b1be29aeac7bdbcb450f2f46655516df','1','','1',NULL,NULL,NULL),('2104200201','SDN 105323','2104190208','','L',NULL,'','','SDN105323','5ec871bfa22041a7cd5d9a108c0b567b','1','','1',NULL,NULL,NULL),('2104200202','SD N 105321','2104190217','','L',NULL,'','','SDN105321','4cc625de7b90c36f3c12221fba64a791','1','','1',NULL,NULL,NULL),('2104200203','SD N 106825 BATANG KUIS','2104190218','','L',NULL,'','','SDN106825','aa85fd10cee894521cfacabcd535fcf7','1','','1',NULL,NULL,NULL),('2104200204','SDN 107416','2104190219','','P',NULL,'','','SDN107416','cd30e3eb229ce8b5e5c7c49944447d91','1','','1',NULL,NULL,NULL),('2104200205','SD N 101894','2104190229','','L',NULL,'','','SDN101894','11e13ae8d09673adbef14798c0ddcf49','1','','1',NULL,NULL,NULL),('2104200206','SD N 101896 KIRI HULU','2104190230','','L',NULL,'','','SDN101896','bf3a7b85504b8f5babd6887d178aed89','1','','1',NULL,NULL,NULL),('2104200207','SMPN 1 BATANG KUIS','2104190220','','L',NULL,'','','SMPN1BKUIS','583038148cf616157cc39984e917b84b','1','','1',NULL,NULL,NULL),('2104200208','SD N 104233 BANDAR LABUHAN','2104190231','','L',NULL,'','','SDN104233','43a431e0be9d8e29d088fd12387f7946','1','','1',NULL,NULL,NULL),('2104200209','SD N 104236 DALU SEPULUH A','2104190232','','L',NULL,'','','SDN104236','84cea3e117abdbb0e205eddfe7d7524b','1','','1',NULL,NULL,NULL),('2104200210','SMPN 2 BATANG KUIS SATU ATAP','2104190221','','L',NULL,'','081276991353','SMPN2BKUIS','ed5e5676872feb5c4bb29b85561de7d2','1','','1',NULL,'2022-12-31','9999999999'),('2104200211','SD N 104237 DALU SEPULUH B','2104190233','','L',NULL,'','','SDN104237','44ee92df032c6619a01f87f2d65da5e3','1','','1',NULL,NULL,NULL),('2104200212','SD N 104238 TELAGA SARI','2104190234','','L',NULL,'','','SDN104238','fa3df3895e2604d9f96e3ef03b9748cb','1','','1',NULL,'2024-04-03','9999999999'),('2104200213','SDN 101878','2104190222','','L',NULL,'','','SDN101878','242a6f3d8eeb211d107f642c323c5d65','1','','1',NULL,NULL,NULL),('2104200214','SDN 101876','2104190223','','L',NULL,'','','SDN101876','d8f348bfebf547ef1f5936a8fb0ee23d','1','','1',NULL,NULL,NULL),('2104200215','SD N 104239 LENGAU SPRANG','2104190235','','L',NULL,'','','SDN104239','49b76820ebcf4f6398b32fc4184d48e9','1','','1',NULL,NULL,NULL),('2104200216','SD N 104240 WONOSARI','2104190236','','L',NULL,'','','SDN104240','ac8bcd7bcd6352671ca830468e4d2103','1','','1',NULL,NULL,NULL),('2104200217','SDN 101880','2104190224','','L',NULL,'','082216172504','SDN101880','269b9a178d283a2242e6b4921cbf2028','1','','1',NULL,'2022-10-22','9999999999'),('2104200218','SDN 101881 PASAR 8','2104190225','','L',NULL,'','','SDN101881','269b9a178d283a2242e6b4921cbf2028','1','','1',NULL,'2022-11-16','9999999999'),('2104200219','SDN 101887 BANGUN SARI','2104190226','','P',NULL,'','','SDN101887','5da3d407da6d75b691e61cd53350c479','1','','1',NULL,'2024-08-21','9999999999'),('2104200220','SDN 101890 DALU SEPULUH A','2104190227','','P',NULL,'','','SDN101890','6e0ecea83c953f8e34fbaf453f11f720','1','','1',NULL,NULL,NULL),('2104200221','SD N 105327 PERDAMEAN','2104190237','','L',NULL,'','','SDN105327','269b9a178d283a2242e6b4921cbf2028','1','','1',NULL,'2022-12-31','9999999999'),('2104200222','SDN 101893 BANGUN REJO','2104190228','','L',NULL,'','','SDN101893','db1b0e78440a732c580ec28e32d677e5','1','','1',NULL,NULL,NULL),('2104200223','SD N 105329 WONOSARI','2104190238','','L',NULL,'','','SDN105329','4c219ba654d5660a81f24cb384c93082','1','','1',NULL,'2022-04-26','9999999999'),('2104200224','SD N 101895 BANGUN SARI','2104190249','','L',NULL,'','','SDN101895','6e8399b503967650b7a33a67a4493b14','1','','1',NULL,NULL,NULL),('2104200225','SDN 105330 BANGUN SARI','2104190239','','L',NULL,'','','SDN105330','7ca5669889ea9311849a15c35628bcb2','1','','1',NULL,NULL,NULL),('2104200226','SDN 105332 SEI BLUMAI','2104190240','','L',NULL,'','','SDN105332','59db7ac168b1dd721c5d8d68de3fde16','1','','1',NULL,'2024-01-21','9999999999'),('2104200227','SDN 105333 SEI MERAH','2104190241','','L',NULL,'','','SDN105333','269b9a178d283a2242e6b4921cbf2028','1','','1',NULL,'2022-10-22','9999999999'),('2104200228','SDN 105334 PENARA KEBUN','2104190242','','P',NULL,'','','SDN105334','6783cbff281e717c013df70bed576d53','1','','1',NULL,'2024-06-13','9999999999'),('2104200229','SD N 105331 PUNDEN REJO','2104190250','','L',NULL,'','','SDN105331','eea197a42918689e948009f66adfc2a1','1','','1',NULL,NULL,NULL),('2104200230','SDN 105335 KEBUN SAYUR','2104190243','','L',NULL,'','','SDN105335','a94124c85fa0660757c9ebcabda297b1','1','','1',NULL,NULL,NULL),('2104200231','SD N 106835 LIMAU MANIS','2104190251','','L',NULL,'','','SDN106835','39cec2a0ffe4012512af9d23220b4cc6','1','','1',NULL,NULL,NULL),('2104200232','SDN 106179 LIMAU MANIS','2104190244','','L',NULL,'','','SDN106179','3cee09533847e2e8c0a7da7b57604bcb','1','','1',NULL,'2022-04-26','9999999999'),('2104200233','SD N 108307','2104190252','','L',NULL,'','','SDN108307','b3eff65e1dea0da99e89bdcdfc653fec','1','','1',NULL,NULL,NULL),('2104200234','SDN 106834 WONOSARI','2104190245','','L',NULL,'','','SDN106834','230a920361e027cfe4988dcd3189e849','1','','1',NULL,NULL,NULL),('2104200235','SDN 106836 LIMAU MANIS','2104190246','','L',NULL,'','','SDN106836','269b9a178d283a2242e6b4921cbf2028','1','','1',NULL,'2022-11-17','9999999999'),('2104200236','SD N INPRES 9596 BANGUN REJO','2104190253','','L',NULL,'','','SDNINPRES9596','4af8c7afa0dabe3cb74c2b287ac14037','1','','1',NULL,NULL,NULL),('2104200237','SDN 101879 BUNTU BEDIMBAR','2104190247','','L',NULL,'','','SDN101879','f6d1002029274c78c14673f028125cf0','1','','1',NULL,NULL,NULL),('2104200238','SD N 101862 DOLOK RAGA','2104190254','','L',NULL,'','','SDN101862','269b9a178d283a2242e6b4921cbf2028','1','','1',NULL,'2022-10-22','9999999999'),('2104200239','SDN 101883','2104190248','','P',NULL,'','','SDN101883','d4923464ead38e74c3d3774490249219','1','','1',NULL,NULL,NULL),('2104200240','SD N 101877 TANJUNG MORAWA','2104190255','','L',NULL,'','','SDN101877','339f0d382bf48bad19d47bea6521d401','1','','1',NULL,NULL,NULL),('2104200241','SD N 101882 PASAR VIII','2104190256','','L',NULL,'','','SDN101882','89f0160fa4ffdb7c20bc522688f92bcd','1','','1',NULL,NULL,NULL),('2104200242','SD N 101884','2104190257','','L',NULL,'','','SDN101884','3f2763d536e481e082b748a8a7baada7','1','','1',NULL,NULL,NULL),('2104200243','SD N 101885 KIRI HILIR','2104190258','','L',NULL,'','','SDN101885','0e165b04736d45ef8af949539028403e','1','','1',NULL,NULL,NULL),('2104210001','SD N 101886 KIRI HILIR','2104190259','','L',NULL,'','','SDN101886','950a20d4ce42a7c004df694005d21b73','1','','1',NULL,NULL,NULL),('2104210002','SD N 101888','2104190260','','L',NULL,'','','SDN101888','269b9a178d283a2242e6b4921cbf2028','1','','1',NULL,'2022-10-22','9999999999'),('2104210003','SD N 101891 SIMPANG PENARA','2104190261','','L',NULL,'','','SDN101891','0a77154d0f6c2ddb7cdcc7bd5823ffb7','1','','1',NULL,NULL,NULL),('2104210004','SD N 104232 TANJUNG MORAWA','2104190262','','L',NULL,'','','SDN104232','7abbba8b0597bd36739e3484946496d2','1','','1',NULL,NULL,NULL),('2104210005','SD N 104234 MEDAN SENEMBAH','2104190263','','L',NULL,'','','SDN104234','ba6960168c9f728a258c9b8788c9c719','1','','1',NULL,'2024-04-03','9999999999'),('2104210006','SD N 104235 NAGA TIMBUL','2104190264','','L',NULL,'','','SDN104235','269b9a178d283a2242e6b4921cbf2028','1','','1',NULL,'2022-10-22','9999999999'),('2104210007','SD N 105324 UJUNG SERDANG','2104190265','','L',NULL,'','','SDN105324','6648a5ef82c3818a55adfbf3e02887da','1','','1',NULL,NULL,NULL),('2104210008','SD N 105325 DALU SEPULUH A','2104190266','','L',NULL,'','','SDN105325','4088c5e05204da7420e76df47663f9df','1','','1',NULL,'2022-04-26','9999999999'),('2104210009','SD N 105326 BANGUN REJO','2104190267','','L',NULL,'','','SDN105326','89395549e66a79c8120bd58ca1d7fbd2','1','','1',NULL,NULL,NULL),('2104210010','SD N 105328 DAGANG KERAWAN','2104190268','','L',NULL,'','','SDN105328','8e0e664d16ff548eb3b4a7f2a2221937','1','','1',NULL,NULL,NULL),('2104210011','SD N 106180 TANJUNG BARU','2104190270','','L',NULL,'','','SDN106180','629fdb376156f2d28b81af5ea909ab75','1','','1',NULL,NULL,NULL),('2104210012','SD N 106833 DESA WONOSARI','2104190271','','L',NULL,'','','SDN106833','25d66ad95379103fb89e7ff1f969046d','1','','1',NULL,NULL,NULL),('2104210013','SD N 107418 BANGUN SARI BARU','2104190272','','L',NULL,'','','SDN107418','916ca0cb1ae69a6fd52e514b916cb922','1','','1',NULL,NULL,NULL),('2104210014','SD N 101897 KIRI HULU','2104190273','','L',NULL,'','','SDN101897','e94b55afb46c87e7b0cefd8e05e7e54a','1','','1',NULL,NULL,NULL),('2104210015','SD N 107417 SEI MERAH','2104190274','','L',NULL,'','','SDN107417','34e87a82d1058ce4d63ba3ce20a3e938','1','','1',NULL,NULL,NULL),('2104210016','SMP N 1 TANJUNG MORAWA','2104190275','','L',NULL,'','','SMPN1TMORAWA','718eda85120e3ac4cb291f1acbe13b74','1','','1',NULL,NULL,NULL),('2104210017','SMP N 2 TANJUNG MORAWA','2104190276','','L',NULL,'','','SMPN2TMORAWA','cf348dd3ebdcf55975bb11950789dc17','1','','1',NULL,NULL,NULL),('2104210018','SMP N 3 TANJUNG MORAWA','2104190277','','L',NULL,'','','SMPN3TMORAWA','2aa51c5c2140010f219438971d751d9d','1','','1',NULL,NULL,NULL),('2104210019','SMP N 4 TANJUNG MORAWA','2104190278','','L',NULL,'','','SMPN4TMORAWA','84e1589310be9b45580fab795bfa6ea8','1','','1',NULL,NULL,NULL),('2104210020','SMP N 5 TANJUNG MORAWA SATU ATAP','2104190279','','L',NULL,'','','SMPN5TMORAWA','92f579466c5a5e3bdf6a2a40784ae845','1','','1',NULL,NULL,NULL),('2104210021','SD N 101906','2104190280','','L',NULL,'','','SDN101906','27c849bc6a0c682041c33d757000186b','1','','1',NULL,NULL,NULL),('2104210022','SD N 108306 TANJUNG GARBUS','2104190281','','L',NULL,'','','SDN108306','9f0e1f2dc21f9da03bbf7ac54f1a22f4','1','','1',NULL,NULL,NULL),('2104210023','SD N 101898 LUBUK PAKAM','2104190282','','L',NULL,'','','SDN101898','bb60b8c46998ef4ab692d366d5fde361','1','','1',NULL,NULL,NULL),('2104210024','SD N 101899 LUBUK PAKAM','2104190283','','L',NULL,'','','SDN101899','8094712504a559f241ac01136ea6654e','1','','1',NULL,NULL,NULL),('2104210025','SD N 101900 LUBUK PAKAM','2104190284','','L',NULL,'','','SDN101900','e69b8099da8b6d46a13043b1a9ad8bf7','1','','1',NULL,NULL,NULL),('2104210026','SD N 101903 BAKARAN BATU','2104190285','','L',NULL,'','','SDN101903','552d6d1d1bcf93828bd7f23aef9c114b','1','','1',NULL,NULL,NULL),('2104210027','SD N 101904 PASAR MELINTANG','2104190286','','L',NULL,'','','SDN101904','c9d6194534eb7fdddb74404727dc362b','1','','1',NULL,NULL,NULL),('2104210028','SD N 101907 PAGAR JATI','2104190287','','L',NULL,'','','SDN101907','d2ba24960f4bf8dc622d5230f49be983','1','','1',NULL,NULL,NULL),('2104210029','SD N 101908 TANJUNG GARBUS','2104190288','','L',NULL,'','','SDN101908','fb3270fbec639a4b51f56b7836590c99','1','','1',NULL,NULL,NULL),('2104210030','SDN101730 KP LALANG','2104190155','','L',NULL,'','','SDN101730','44e3a6a92722352e060e6059630b3493','1','','1',NULL,NULL,NULL),('2104210031','SDN106790 SEI MENCIRIM','2104190157','','L',NULL,'','081260999806','SDN106790','e5ca5192c819216864118dbdcf995309','1','','1',NULL,'2024-01-08','9999999999'),('2104210032','SDN104242 LUBUK PAKAM','2104190289','','P',NULL,'','','SDN104242','1c59c98450bb59119032533d6418a2a1','1','','1',NULL,NULL,NULL),('2104210033','SDN 104243 LUBUK PAKAM','2104190290','','L',NULL,'','','SDN104243','e096e6d159527ba815a14640be0e17c6','1','','1',NULL,NULL,NULL),('2104210034','SDN 104257 SEKIP','2104190291','','L',NULL,'','','SDN104257','16a0906e3be986160ac8f03373919071','1','','1',NULL,NULL,NULL),('2104210035','SDN 105349 PALUH KEMIRI','2104190292','','L',NULL,'','','SDN105349','5599cc0cba6a15f653cdb434c8bf6ddf','1','','1',NULL,NULL,NULL),('2104210036','SDN 105356 LUBUK PAKAM','2104190293','','L',NULL,'','','SDN105356','efe9d501ea4744d45abe7bd0c83a55c3','1','','1',NULL,NULL,NULL),('2104210037','SDN 105357 CEMARA','2104190294','','L',NULL,'','','SDN105357','7ce32da6d61aa7d881e423acf266f8b6','1','','1',NULL,NULL,NULL),('2104210038','SDN106184','2104190295','','L',NULL,'','','SDN106184','14474a9bc3de5eeaa440f3fcae154401','1','','1',NULL,NULL,NULL),('2104210039','SDN106831 BAKARAN BATU','2104190296','','L',NULL,'','','SDN106831','03abc4ed3df6db84453f5fb055f6bd8e','1','','1',NULL,NULL,NULL),('2104210040','SDN107421 PASAR MELINTANG','2104190297','','L',NULL,'','','SDN107421','655241838207126e69d9568abfaa7928','1','','1',NULL,NULL,NULL),('2104210041','SDN 107422 PAGAR JATI','2104190298','','L',NULL,'','','SDN107422','4bd1c64b5d17103f61debfd6945c75b1','1','','1',NULL,NULL,NULL),('2104210042','SD N 104277 TANAH MERAH','2104190593','','L',NULL,'','','SDN104277','794da78c16e28c8c7390cfc30c2b0ee4','1','','1',NULL,NULL,NULL),('2104210043','SD N 107982 LUBUK PAKAM','2104190300','','L',NULL,'','','SDN107982','8484ddf02c7151dd4bb99f7faa3659c6','1','','1',NULL,NULL,NULL),('2104210044','SD N 101901 LUBUK PAKAM','2104190301','','L',NULL,'','','SDN101901','cac571629a80c72cf78a34da66079b63','1','','1',NULL,NULL,NULL),('2104210045','SD N 101902','2104190302','','L',NULL,'','','SDN101902','49e07b135a9ab107c1989c5d5417e37c','1','','1',NULL,NULL,NULL),('2104210046','SD N 101905 PASAR MELINTANG','2104190303','','L',NULL,'','','SDN101905','4ca0270b238d7ee0644d159ff400c97b','1','','1',NULL,NULL,NULL),('2104210047','SD N 101914 KAMPUNG BARU','2104190304','','L',NULL,'','','SDN101914','08e890d720ac5f36da0166e9aab692bf','1','','1',NULL,NULL,NULL),('2104210048','SD N 101927 SEKIP','2104190305','','L',NULL,'','','SDN101927','40077c461923419206f6343a700e5aac','1','','1',NULL,NULL,NULL),('2104210049','SD N 104241 SYAHMAD','2104190306','','L',NULL,'','','SDN104241','d7e19eaee6e9d1a3240190d6da2cb8e9','1','','1',NULL,NULL,NULL),('2104210050','SD N 105351 BAKARAN BATU','2104190307','','L',NULL,'','','SDN105351','57b612544d898d4e87e406329f7f3811','1','','1',NULL,NULL,NULL),('2104210051','SD N 105358 SEKIP','2104190308','','L',NULL,'','','SDN105358','96ea325ee81d588ba071a7483293e963','1','','1',NULL,NULL,NULL),('2104210052','SD N 108384 LUBUK PAKAM','2104190309','','L',NULL,'','','SDN108384','720cb68b00592c4a76146c5efdb71919','1','','1',NULL,NULL,NULL),('2104210053','SD N 104244 JATI SARI','2104190310','','L',NULL,'','','SDN104244','2933a19a4a53a4dbcab4c5317529bb15','1','','1',NULL,NULL,NULL),('2104210054','SMP N 1 LUBUK PAKAM','2104190311','','L',NULL,'','','SMPN1LPAKAM','070b135d37b04ea000e2ec914f31143a','1','','1',NULL,NULL,NULL),('2104210055','SMP N 2 LUBUK PAKAM','2104190312','','L',NULL,'','','SMPN2LPAKAM','db079757947887fade06bc7da0de384e','1','','1',NULL,NULL,NULL),('2104210056','SMP N 3 LUBUK PAKAM','2104190313','','L',NULL,'','','SMPN3LPAKAM','c6632699c9568346d70be2f8c616e46f','1','','1',NULL,NULL,NULL),('2104210057','SMP N 4 LUBUK PAKAM','2104190314','','L',NULL,'','','SMPN4LPAKAM','ebab23011e259bb95dbff2758b3a8657','1','','1',NULL,NULL,NULL),('2104210058','SD N 101923 RAMUNIA','2104190315','','L',NULL,'','','SDN101923','69f37fce5764f5a0b8b8449b2ba00c4c','1','','1',NULL,NULL,NULL),('2104210059','SD N 104245 TUMPATAN','2104190316','','L',NULL,'','','SDN104245','1152b598b8ec47c2c375269da391c09a','1','','1',NULL,NULL,NULL),('2104210060','SD N 101918 KUALA NAMU','2104190317','','L',NULL,'','','SDN101918','fd7e8757c3e40e4bd70331ec440189d9','1','','1',NULL,NULL,NULL),('2104210061','SD N 104248 BERINGIN','2104190318','','P',NULL,'','','SDN104248','5335232f612eab5fa3258b1c3e3d58b7','1','','1',NULL,NULL,NULL),('2104210062','SD N 105345 SIDODADI RAMUNIA UPT BERINGIN','2104190319','','L',NULL,'','','SDN105345 ','2e010f5fed79b5c6fad447a1a6e3b2ab','1','','1',NULL,NULL,NULL),('2104210063','SD N 106182 PASAR V KEBUN KELAPA','2104190320','','L',NULL,'','','SDN106182','10ecd1333b5ccb3cd0c7edebb7620252','1','','1',NULL,NULL,NULL),('2104210064','SD N 106830 SIDODADI RAMUNIA','2104190321','','L',NULL,'','','SDN106830','2225c412c6a5b26b95d192bf24c4b342','1','','1',NULL,NULL,NULL),('2104210065','SD N 101917 ARAS KABU','2104190322','','L',NULL,'','08361377417','SDN101917','7bb51247940cec24e8348744b68985a2','1','','1',NULL,'2023-02-02','9999999999'),('2104210066','SD N 106183 KARANG ANYAR','2104190325','','L',NULL,'','','SDN106183','12631cd0ade55c373786cc1af97175ac','1','','1',NULL,NULL,NULL),('2104210067','SD N 106829 BERINGIN','2104190326','','L',NULL,'','','SDN106829','15341976da10301eaec86819a9d71501','1','','1',NULL,NULL,NULL),('2104210068','SD N 101916 ARASKABU','2104190327','','L',NULL,'','','SDN101916','6d73d087fd217389ff4011069901eeff','1','','1',NULL,NULL,NULL),('2104210069','SD N 101919 KUALA NAMU','2104190328','','L',NULL,'','','SDN101919','71cab5f01a6fa0d33405f229286fb39d','1','','1',NULL,NULL,NULL),('2104210070','SD N 101921 BERINGIN','2104190329','','L',NULL,'','','SDN101921','b1cac8d2d1332703b4fb648d822beb9f','1','','1',NULL,NULL,NULL),('2104210071','SD N 101922 BERINGIN','2104190330','','L',NULL,'','','SDN101922','a09bb0372c9d244b246e385a9565f8d6','1','','1',NULL,NULL,NULL),('2104210072','SD N 101924 RAMUNIA','2104190331','','L',NULL,'','','SDN101924','2ec83725bde9fe27c2ea4550969d3c38','1','','1',NULL,NULL,NULL),('2104210073','SD N 101926','2104190332','','L',NULL,'','','SDN101926','1e30304cf69a5511218299fe40aa493f','1','','1',NULL,NULL,NULL),('2104210074','SD N 105348','2104190333','','L',NULL,'','','SDN105348','d2b0fd1665f0ad6dc3e2b09cf6e48f41','1','','1',NULL,NULL,NULL),('2104210075','SD N 107419 SERDANG','2104190334','','L',NULL,'','','SDN107419','423a5badb7d4f55ab61d367ea2693ac2','1','','1',NULL,NULL,NULL),('2104210076','SD N 104254 SIDODADI RAMUNIA','2104190335','','L',NULL,'','','SDN104254','e4cc7d0c360ee3be6cdea6ef8fd14d42','1','','1',NULL,NULL,NULL),('2104210077','SD N 101915 ARAS KABU','2104190336','','L',NULL,'','','SDN101915','15c26404e95b9babc7bea9b01f684380','1','','1',NULL,NULL,NULL),('2104210078','SD N 105347 SIDOURIP','2104190337','','L',NULL,'','','SDN105347','cec106e967a20c5a1dc8bcd2c0b9c1c7','1','','1',NULL,NULL,NULL),('2104210079','SMP N 1 BERINGIN','2104190338','','L',NULL,'','','SMPN1BERINGIN','9e60dad5b739d8eb22a855c5f32bb3e6','1','','1',NULL,NULL,NULL),('2104210080','SMP N 2 BERINGIN SATU ATAP','2104190339','','L',NULL,'','','SMPN2BERINGIN','4fa09cac2f19b95f605aed010138e479','1','','1',NULL,NULL,NULL),('2104210081','SD N 101925 PANTAI LABU','2104190340','','L',NULL,'','','SDN101925','ef1f277173b57e8be249c897843aea13','1','','1',NULL,NULL,NULL),('2104210082','SD N 104255','2104190341','','L',NULL,'','','SDN104255','41367fa0b520229564ba28503a52052b','1','','1',NULL,NULL,NULL),('2104210083','SD N 104258 PEMATANG BIARA','2104190342','','L',NULL,'','','SDN104258','85552c6aeed608929facd60e5d3373a6','1','','1',NULL,NULL,NULL),('2104210084','SD N 105336 RANTAU PANJANG','2104190343','','L',NULL,'','','SDN105336','f759c005a26ffe53ebe36ed5d4613953','1','','1',NULL,NULL,NULL),('2104210085','SD N 105338 DENAI KUALA','2104190344','','L',NULL,'','','SDN105338','48cd1c529509ab43db34703240dc6a04','1','','1',NULL,NULL,NULL),('2104210086','SD N 105343 RAMUNIA III','2104190345','','L',NULL,'','','SDN105343','1f78e3f4fefaa12e636788e07afdedd4','1','','1',NULL,NULL,NULL),('2104210087','SD N 106186 KUBAH SENTANG','2104190346','','L',NULL,'','','SDN106186','29f7b9729063fedf0deb89a2b2aad389','1','','1',NULL,NULL,NULL),('2104210088','SD N 106448 BAGAN SERDANG','2104190347','','L',NULL,'','','SDN106448','0fa0d4f8adbb1ef134110262af3ed582','1','','1',NULL,NULL,NULL),('2104210089','SD N 101928 RANTAU PANJANG','2104190348','','L',NULL,'','','SDN101928','8a7ed349b64fbf81b47cc768a93d0e90','1','','1',NULL,NULL,NULL),('2104210090','SD N 105339','2104190349','','L',NULL,'','','SDN105339','09c9da8f8bc7e16833ad0620099d30c0','1','','1',NULL,NULL,NULL),('2104210091','SD N 105342 DURIAN','2104190350','','L',NULL,'','','SDN105342','e6bb730474c2e09179e3ba4c01c209e2','1','','1',NULL,NULL,NULL),('2104210092','SD N 106447 DESA DURIAN','2104190351','','L',NULL,'','','SDN106447','abcc2de64440dd0067735d29eb002a80','1','','1',NULL,NULL,NULL),('2104210093','SD N 106827 DESA DURIAN','2104190352','','L',NULL,'','','SDN106827','1f0e0b94bfbdc9e65434982421483bfd','1','','1',NULL,NULL,NULL),('2104210094','SD N 104252 SEI TUAN','2104190353','','L',NULL,'','','SDN104252','f7298b8f86a63a65fa0fc946e6b9cbe6','1','','1',NULL,NULL,NULL),('2104210095','SD N 105341 DESA DURIAN','2104190354','','L',NULL,'','','SDN105341','dd60260d94b5261a93129088159c0e8b','1','','1',NULL,NULL,NULL),('2104210096','SD N 105344 DENAI LAMA','2104190355','','L',NULL,'','','SDN105344','e436e926d54db9c1986656dcd62a8222','1','','1',NULL,NULL,NULL),('2104210097','SD N 107420 DESA TENGAH','2104190356','','L',NULL,'','','SDN107420','3903bd64b6167301eb6d2df34df8422a','1','','1',NULL,NULL,NULL),('2104210098','SD N 104250','2104190357','','L',NULL,'','','SDN104250','2fabe04c73dc4212d827a4c5aa19d050','1','','1',NULL,NULL,NULL),('2104210099','SD N 105340 DENAI SARANG BURUNG','2104190358','','L',NULL,'','','SDN105340','5a54529add8fc97e4f3bc0d45247c99f','1','','1',NULL,NULL,NULL),('2104210100','SD N 104256 RUGEMUK','2104190359','','L',NULL,'','','SDN104256','c00999111b868a3eeeae6e5d291fecad','1','','1',NULL,NULL,NULL),('2104210101','SD N 105337 PANTAI LABU PEKAN','2104190360','','L',NULL,'','','SDN105337','62ea6edcde09cdfc5936c494cebf6353','1','','1',NULL,NULL,NULL),('2104210102','SMP N 1 PANTAI LABU','2104190361','','L',NULL,'','','SMPN1PLABU','1dc58fee6a347f347df00c302d36d075','1','','1',NULL,NULL,NULL),('2104210103','SMP N 2 PANTAI LABU','2104190362','','L',NULL,'','','SMPN2PLABU','9ef6eaa95a956e3ff76ae5b08da8d8ba','1','','1',NULL,NULL,NULL),('2104210104','SMP N 3 PANTAI LABU','2104190363','','L',NULL,'','','SMPN3PLABU','a7ad3fbc53492818ee70b3d790b3b0bf','1','','1',NULL,NULL,NULL),('2104210105','SMP N 1 PANTAI LABU SATU ATAP','2104190364','','L',NULL,'','','SMPN1PLABUSATAP','37cb1563940ecfb819814d96c4dbf9fa','1','','1',NULL,NULL,NULL),('2104210106','SD N 101793 PATUMBAK','2104190365','','L',NULL,'','','SDN101793','f789e9f0533cd66816d631f555f0509c','1','','1',NULL,NULL,NULL),('2104210107','SD N 107103 LANTASAN BARU','2104190366','','L',NULL,'','','SDN107103','a5bfb935bef960503e6689303856354c','1','','1',NULL,NULL,NULL),('2104210108','SD N 101788 MARINDAL','2104190367','','P',NULL,'','','SDN101788','d895b9f29fdc2ed52b7f0308a25cb33c','1','','1',NULL,NULL,NULL),('2104210109','SD N 101789','2104190368','','L',NULL,'','','SDN101789','d5fadbee6f6540c1bc39908a57452aa8','1','','1',NULL,NULL,NULL),('2104210110','SD N 101791 PATUMBAK KAMPUNG','2104190369','','L',NULL,'','','SDN101791','2e9cafd9dca103db43a004d364412eb2','1','','1',NULL,'2022-01-14','9999999999'),('2104210111','SD N 101794 PATUMBAK I','2104190370','','L',NULL,'','','SDN101794','e484826dcf213ff8c25ece986e562faf','1','','1',NULL,'2022-01-14','9999999999'),('2104210112','SD N 104212 MARINDAL II','2104190371','','L',NULL,'','','SDN104212','9313104bcd156e7f427f43aa77c9fbb9','1','','1',NULL,NULL,NULL),('2104210113','SD N 105298 PATUMBAK','2104190372','','L',NULL,'','','SDN105298','82a7b8ec1ea50f36b78fd9a5d1525a3c','1','','1',NULL,NULL,NULL),('2104210114','SD N 105299','2104190373','','L',NULL,'','','SDN105299','329b9dd1c4d58304cbe3803c3ced0f72','1','','1',NULL,NULL,NULL),('2104210115','SD N 106165 MARINDAL I','2104190374','','L',NULL,'','','SDN106165','e2ff96271aea99569834848f58489680','1','','1',NULL,NULL,NULL),('2104210116','SD N 106166 MARINDAL II','2104190375','','L',NULL,'','','SDN106166','65a4e5c03f7ce2a21538ceafa46b8c6a','1','','1',NULL,'2022-01-14','9999999999'),('2104210117','SD N 106167 LANTASAN BARU','2104190376','','L',NULL,'','','SDN106167','781aa0ebbdb1e6223dd03607cd14c165','1','','1',NULL,NULL,NULL),('2104210118','SD N 106815','2104190377','','L',NULL,'','','SDN106815','7da4093111be580ece11e745394df94f','1','','1',NULL,NULL,NULL),('2104210119','SD N 101790 MARINDAL II','2104190378','','L',NULL,'','','SDN101790','e2a2096fafa11ec0d28961548518f4ad','1','','1',NULL,'2022-01-14','9999999999'),('2104210120','SD N 106816 MARINDAL II','2104190379','','L',NULL,'','','SDN106816','6217358970432e91dc19ad075e8bd4f9','1','','1',NULL,NULL,NULL),('2104210121','SD N 104211','2104190380','','L',NULL,'','','SDN104211','16a6ac7f15e36de036db2bf00a05ecd6','1','','1',NULL,NULL,NULL),('2104210122','SD N 101796 PATUMBAK KAMPUNG','2104190381','','L',NULL,'','','SDN101796','32a8aeea3b082d661c857a9cb27203c1','1','','1',NULL,NULL,NULL),('2104210123','SMP N 1 PATUMBAK','2104190382','','L',NULL,'','','SMPN1PATUMBAK','7efbc1d7cfa3155728df330808d7c258','1','','1',NULL,NULL,NULL),('2104210124','SMP N 2 SATU ATAP PATUMBAK','2104190383','','L',NULL,'','','SMPN2PATUMBAK','4f7641e2796fb79d9b7c2cbed878ff02','1','','1',NULL,NULL,NULL),('2104210125','SD N 101807 CANDIREJO','2104190384','','L',NULL,'','','SDN101807','ff2d9371d777b46c9d6fe6b7689851e7','1','','1',NULL,NULL,NULL),('2104210126','SD N 101808 CANDIREJO','2104190385','','L',NULL,'','','SDN101808','25c3554e6996997f3968784b2b4e68bf','1','','1',NULL,NULL,NULL),('2104210127','SD N 101812 NAMOTUALANG','2104190386','','L',NULL,'','','SDN101812','3274fa62566a34490f995fb9b36df7b2','1','','1',NULL,NULL,NULL),('2104210128','SD N 101813 KUALA DEKAH','2104190387','','L',NULL,'','','SDN101813','f7114f8e9a78d396cea32621b15f0382','1','','1',NULL,NULL,NULL),('2104210129','SD N 101814 PERIA-RIA','2104190388','','L',NULL,'','','SDN101814','009a9897e2c0115560421b250527be59','1','','1',NULL,NULL,NULL),('2104210130','SD N 104217 SIDOMULYO','2104190389','','L',NULL,'','','SDN104217','7a1593b7f7e57a91bdbb2c2232cb028b','1','','1',NULL,NULL,NULL),('2104210131','SD N 105303 RUMAH GERAT','2104190390','','L',NULL,'','','SDN105303','a25683d371bb69c0ec3c40080b8547d9','1','','1',NULL,NULL,NULL),('2104210132','SD N 105305 MARDINDING JULU','2104190391','','L',NULL,'','','SDN105305','9eff0642b7fa801737c43ce45df3478b','1','','1',NULL,NULL,NULL),('2104210133','SD N 106169 KUTOMULYO','2104190392','','L',NULL,'','','SDN106169','949f02c09ee2d0b62f3e1926ee524615','1','','1',NULL,NULL,NULL),('2104210134','SD N 106817 SIDODADI','2104190393','','L',NULL,'','','SDN106817','d63a3f3725ef9af73721b158e5471cef','1','','1',NULL,'2021-10-19','9999999999'),('2104210135','SD N 101815 SIDODADI','2104190394','','L',NULL,'','','SDN101815','10475dd9b703e0fe2cfa3a7f406b9e25','1','','1',NULL,NULL,NULL),('2104210136','SD N 105304 SARILABA JAHE','2104190395','','L',NULL,'','','SDN105304','49df805fe53b6a3fa04febd5d8615049','1','','1',NULL,NULL,NULL),('2104210137','SD N 106170 AJIBAHO','2104190396','','L',NULL,'','','SDN106170','b2a7bda2bdf2a0b8378e978e5bc5c7cb','1','','1',NULL,NULL,NULL),('2104210138','SD N 101809 AJIBAHO','2104190397','','L',NULL,'','','SDN101809','3ff5da2c8728db4de2ca8383c34c8986','1','','1',NULL,'2021-10-19','9999999999'),('2104210139','SD N 101811 SIBIRU-BIRU','2104190398','','L',NULL,'','','SDN101811','fa18ce322bea129060dbdfaed8faefc0','1','','1',NULL,NULL,NULL),('2104210140','SDN 104218','2104190399','','L',NULL,'','','SDN104218','2c1bc159be0efbddf5ec728c93cc925b','1','','1',NULL,NULL,NULL),('2104210141','SDN 101810 BIRU-BIRU','2104190400','','L',NULL,'','','SDN101810','26c15d09c3c46f72ada8855d10ea2b16','1','','1',NULL,NULL,NULL),('2104210142','SMPN 1 BIRU-BIRU','2104190401','','L',NULL,'','','SMPN1BIRU','98a1ca8c79dd0cbd6e4610939238d496','1','','1',NULL,NULL,NULL),('2104210143','SDN 101802 NAMORAMBE','2104190402','','L',NULL,'','','SDN101802','0f2d98dfeac49ca07295932b7647f6f7','1','','1',NULL,NULL,NULL),('2104210144','SDN 105301 NAMORAMBE','2104190403','','L',NULL,'','','SDN105301','dfb9b3f7a16f972eb3925a950c67024e','1','','1',NULL,NULL,NULL),('2104210145','SDN 107407 RIMOMUNGKUR','2104190404','','L',NULL,'','082167382924','SDN107407','d400073f2e048a0ce39a4e4e7d911f01','1','','1',NULL,'2022-01-14','9999999999'),('2104210146','SDN 101805 BATU REJO','2104190405','','L',NULL,'','','SDN101805','8d2bb9266447710ad82ef11e0001256c','1','','1',NULL,NULL,NULL),('2104210147','SDN 108027 DESA DELI TUA','2104190406','','L',NULL,'','','SDN108027','b89c5b19bbef682b37e0e79e5f0bf58a','1','','1',NULL,NULL,NULL),('2104210148','SDN 101803 NAMOPINANG','2104190407','','L',NULL,'','','SDN101803','4eb7c15d28e4206ccee8495310426358','1','','1',NULL,NULL,NULL),('2104210149','SDN 104216 RAMPAH','2104190408','','L',NULL,'','','SDN104216','14ea39aee4d8b2be19e32b58060820c7','1','','1',NULL,NULL,NULL),('2104210150','SDN 106818 LUBANG IDO','2104190409','','L',NULL,'','','SDN106818','8622eb1b895072c9b80f8510a26b56d4','1','','1',NULL,NULL,NULL),('2104210151','SDN 107406 JATIKESUMA','2104190410','','L',NULL,'','','SDN107406','567fdff87e0a8ee54f98e1756e178881','1','','1',NULL,NULL,NULL),('2104210152','SDN 101804','2104190411','','L',NULL,'','','SDN101804','839e4d990bfde3b0f6410f13be53b079','1','','1',NULL,NULL,NULL),('2104210153','SDN 101806 JATIKESUMA','2104190412','','L',NULL,'','','SDN101806','74156fe9f9efc90310d459db0c9f788e','1','','1',NULL,NULL,NULL),('2104210154','SDN 104215 SUDIREJO','2104190413','','L',NULL,'','','SDN104215','d48833a5d1f85dcfdc4b0199a63502b1','1','','1',NULL,NULL,NULL),('2104210155','SDN 105302 TANGKAHAN','2104190414','','L',NULL,'','','SDN105302','2d2e445ab4d26c8b54345e4fa054d7d1','1','','1',NULL,NULL,NULL),('2104210156','SDN 106168','2104190415','','L',NULL,'','','SDN106168','9202d7ed2fcd63092ea4f6deb0e5b0c4','1','','1',NULL,NULL,NULL),('2104210157','SMPN 1 NAMORAMBE','2104190416','','L',NULL,'','','SMPN1NAMO','a93ffe87390f36bfea7fb8f2af3bbee1','1','','1',NULL,NULL,NULL),('2104210158','SMPN 2 NAMORAMBE','2104190417','','L',NULL,'','','SMPN2NAMO','7388a5d44c6eef1ac8cac2d23c967ef3','1','','1',NULL,NULL,NULL),('2104210159','SDN INPRES SAMPECITA','2104190418','','L',NULL,'','','SAMPECITA','9f0da693a81760f361b108787bb4ada9','1','','1',NULL,NULL,NULL),('2104220001','SD N 101846 KUTA LIMBARU','2104190419','','L',NULL,'','','SDN101846','404a21a620ef97db5933daa1ac5d2465','1','','1',NULL,NULL,NULL),('2104220002','SD N 101847 SUKADAMAI','2104190420','','L',NULL,'','','SDN101847','a271cf6311fe781e9409b76d1fe741e4','1','','1',NULL,NULL,NULL),('2104220003','SDN 101848 LAU BEKERI','2104190421','','L',NULL,'','','SDN101848','ee1ff76e77c37a632cf77e4a86897b3e','1','','1',NULL,NULL,NULL),('2104220004','SDN 101849 SUKA MAKMUR','2104190422','','L',NULL,'','','SDN101849','dd72e03a0dba799abb1916f9ab5fd741','1','','1',NULL,NULL,NULL),('2104220005','SD N 101850 NAMO MIRIK','2104190423','','L',NULL,'','','SDN101850','8cd1e0a476490188ae4a614558d4aeee','1','','1',NULL,NULL,NULL),('2104220006','SD N 101851','2104190424','','L',NULL,'','','SDN101851','dc5858954d2e48b618ef8b1d1824f6ae','1','','1',NULL,NULL,NULL),('2104220007','SD N 101852 SUKA MAKMUR','2104190425','','L',NULL,'','','SDN101852','375695bc048b572e8c6dd875b6f9f9a2','1','','1',NULL,NULL,NULL),('2104220008','SD N 101853 SUKA RENDE','2104190426','','L',NULL,'','','SDN101853','78bd3c304c8f9482d7ce1120fc4dfdc2','1','','1',NULL,NULL,NULL),('2104220009','SD N 101854 SEI MENCIRIM','2104190427','','L',NULL,'','','SDN101854','280f0272c6b3dd55cb2e402ed5d340d9','1','','1',NULL,NULL,NULL),('2104220010','SD N 101855 KUTA LIMBARU','2104190428','','L',NULL,'','','SDN101855','cfeb063f913b239a3053e10ec6e70155','1','','1',NULL,NULL,NULL),('2104220011','SD N 101920 SILEBO LEBO','2104190429','','L',NULL,'','','SDN101920','a89be34d6d864a4ca2daf298d2f88ace','1','','1',NULL,NULL,NULL),('2104220012','SD N 104225 PERPANDEN','2104190430','','L',NULL,'','','SDN104225','8208fd6f57a4b8eb3a0cd20f5fe868ba','1','','1',NULL,NULL,NULL),('2104220013','SD N 104226 SUKA RENDE','2104190431','','L',NULL,'','','SDN104226','62a37f30b798ecffa26e3aefb8aafc1c','1','','1',NULL,NULL,NULL),('2104220014','SD N 104227 SAWIT REJO','2104190432','','L',NULL,'','','SDN104227','e4483a364332b3f71167939e021c7abb','1','','1',NULL,NULL,NULL),('2104220015','SD N 104228 SEI MENCIRIM','2104190433','','L',NULL,'','','SDN104228','e8d59f049e9698d7698ce88bb0041632','1','','1',NULL,NULL,NULL),('2104220016','SD N 104229 SEI MENCIRIM','2104190434','','L',NULL,'','','SDN104229','f47e9d86d5ee8d8c877b296d8925afc5','1','','1',NULL,NULL,NULL),('2104220017','SD N 105312 SAWIT REJO','2104190435','','L',NULL,'','','SDN105312','258e3ec3285914df3b80393f263e65ce','1','','1',NULL,NULL,NULL),('2104220018','SD N 105313 NAMORUBEJULU','2104190436','','L',NULL,'','','SDN105313','e721c7a4e578a5e992ad612c6fe9c534','1','','1',NULL,NULL,NULL),('2104220019','SD N 105315 LAU BEKERI','2104190437','','L',NULL,'','','SDN105315','09bdd17d005cc7aa819c3c95fe9f0e9f','1','','1',NULL,NULL,NULL),('2104220020','SD N 106175 PERPANDEN','2104190438','','L',NULL,'','','SDN106175','1758917a3d4628c3c998ce8ff8286049','1','','1',NULL,NULL,NULL),('2104220021','SD N 107409 SAMPECITA','2104190439','','L',NULL,'','','SDN107409','6e1df0b49d847e129bf819b05aa65279','1','','1',NULL,NULL,NULL),('2104220022','SD N 105314 PASAR X','2104190440','','L',NULL,'','','SDN105314','7fa48228cd9bdf8ff353252fbf67ecb9','1','','1',NULL,NULL,NULL),('2104220023','SD N 106176 SUKA MAKMUR','2104190441','','L',NULL,'','','SDN106176','ad2df380c9363aa8030f7dea4065519c','1','','1',NULL,NULL,NULL),('2104220025','SD N 106822 SUKA DAMAI','2104190443','','L',NULL,'','','SDN106822','b922b19be780252934eb543146d7253d','1','','1',NULL,NULL,NULL),('2104220026','SD N 108026 NAMO RUBE JULU','2104190444','','L',NULL,'','','SDN108026','f158c0bc8590a7b022f32bab272dab9c','1','','1',NULL,NULL,NULL),('2104220027','SMP N 1 KUTALIMBARU','2104190445','','L',NULL,'','','SMPN1KUTALIMBARU','281cf82387b0884655cd10bcd9c074d5','1','','1',NULL,NULL,NULL),('2104220028','SMP N 2 KUTALIMBARU','2104190446','','L',NULL,'','','SMPN2KUTALIMBARU','29bb470130b92efba7cb1d36f89335b9','1','','1',NULL,NULL,NULL),('2104220029','SMP N 3 KUTALIMBARU SATU ATAP','2104190447','','L',NULL,'','','SMPN3KUTALIMBARU','e717468e2842bf7d5d42ce90f8f583bf','1','','1',NULL,NULL,NULL),('2104220030','SD N 101816 PANCUR BATU','2104190448','','L',NULL,'','','SDN101816','799586e8350a91a9462c78c308bc9e49','1','','1',NULL,NULL,NULL),('2104220031','SD N 101817 PANCURBATU','2104190449','','L',NULL,'','','SDN101817','3034e4202790996f4ffc8c879561f640','1','','1',NULL,NULL,NULL),('2104220032','SD N 104221 DESA HULU','2104190450','','L',NULL,'','','SDN104221','ab643e5ec2e13b13ac3b7c0f9a6286eb','1','','1',NULL,NULL,NULL),('2104220033','SD N 104222 SEI GLUGUR','2104190451','','L',NULL,'','','SDN104222','23f0f3c7f54d035f8aba1f6ce9aa771a','1','','1',NULL,NULL,NULL),('2104220034','SD N 105307 SUKARAYA','2104190452','','L',NULL,'','','SDN105307','1cc754376cc8d6f1459fbab85bc80158','1','','1',NULL,NULL,NULL),('2104220035','SD N 105306 KERIAHEN TANI','2104190453','','L',NULL,'','','SDN105306','d53c43cad988a25d2b3ab09d202d9943','1','','1',NULL,NULL,NULL),('2104220036','SD N 101821 PANCURBATU','2104190454','','L',NULL,'','','SDN101821','03699beffc6240cbaa6e7cb51755073b','1','','1',NULL,NULL,NULL),('2104220037','SD N 101830 TANJUNG SELAMAT','2104190455','','L',NULL,'','','SDN101830','a98965c00b463014a2bee238483e930e','1','','1',NULL,NULL,NULL),('2104220038','SD N 104219','2104190456','','L',NULL,'','','SDN104219','7ef48a5dfa34f6372be578f90608f371','1','','1',NULL,NULL,NULL),('2104220039','SD N 106171 GUNUNG TINGGI','2104190457','','L',NULL,'','','SDN106171','0269b26bd7b0322d216476e59bdaf4e8','1','','1',NULL,NULL,NULL),('2104220040','SD N 101818 PANCUR BATU','2104190458','','L',NULL,'','','SDN101818','db20f23084e2aa4be36ea6c6f7c6b819','1','','1',NULL,NULL,NULL),('2104220041','SD N 101819 PANCUR BATU','2104190459','','L',NULL,'','','SDN101819','5c36fc53c9d62dbcb498a8c0c61a6b8d','1','','1',NULL,NULL,NULL),('2104220042','SD N 101820 PANCUR BATU','2104190460','','L',NULL,'','','SDN101820','d4c77adc979f5b673a785bfa3d75601f','1','','1',NULL,NULL,NULL),('2104220043','SD N 101822 PANCUR BATU','2104190461','','L',NULL,'','','SDN101822','74031c436924f8564bb9581c9f4817aa','1','','1',NULL,NULL,NULL),('2104220044','SD N 101824 DURIAN SIMBELANG','2104190462','','L',NULL,'','','SDN101824','40763990eae728d109c80708196f5f6f','1','','1',NULL,NULL,NULL),('2104220045','SD N 101825 DURIAN TUNGGAL','2104190463','','L',NULL,'','','SDN101825','2138db1fb6b7b114fd42685370b91dcd','1','','1',NULL,NULL,NULL),('2104220046','SD N 101826 TUNTUNGAN','2104190464','','L',NULL,'','','SDN101826','2df7443d3d1277312e4e5ff2808d405c','1','','1',NULL,NULL,NULL),('2104220047','SD N 101827 TUNTUNGAN','2104190465','','L',NULL,'','','SDN101827','f5573827193e987c39dd4d5c06c1e2bd','1','','1',NULL,NULL,NULL),('2104220048','SD N 101828 GELUGUR KEBUN','2104190466','','L',NULL,'','','SDN101828','812af4ea20e20c6d4822b757393f3a46','1','','1',NULL,NULL,NULL),('2104220049','SD N 101829 GELUGUR KEBUN','2104190467','','L',NULL,'','','SDN101829','625bf4314300499fdf522f4ce09d58fc','1','','1',NULL,NULL,NULL),('2104220050','SD N 101831 BINTANG MERIAH','2104190468','','L',NULL,'','','SDN101831','ec12d004fa40ec54b6261b9215852643','1','','1',NULL,NULL,NULL),('2104220051','SD N 101832 PANCUR BATU','2104190469','','L',NULL,'','','SDN101832','dbd0dc3c3c09837b75af8ccd583f8738','1','','1',NULL,NULL,NULL),('2104220052','SD N 105308 NAMOBINTANG','2104190470','','L',NULL,'','','SDN105308','79fcef6819c20574e168392c173ea6e0','1','','1',NULL,NULL,NULL),('2104220053','SD N 106172 TUNTUNGAN','2104190471','','L',NULL,'','','SDN106172','a598a606fb268c70cb1034163a522b91','1','','1',NULL,NULL,NULL),('2104220054','SD N 106819','2104190472','','L',NULL,'','','SDN106819','df79fc5f8cf9fb09ffa00d4ee821018d','1','','1',NULL,NULL,NULL),('2104220055','SD N 106820 KAMPUNG BARU PANCUR BATU','2104190473','','L',NULL,'','','SDN106820','7b3d2d4facc89538721136a49a2cac9c','1','','1',NULL,NULL,NULL),('2104220056','SD N 104220 DURIAN SIMBELANG','2104190474','','L',NULL,'','','SDN104220','7e8df851515b8456b6a3320c6f1031d8','1','','1',NULL,NULL,NULL),('2104220057','SD N 101823 BEKALA','2104190475','','L',NULL,'','','SDN101823','d097e570adcb5684993941536cda05bd','1','','1',NULL,NULL,NULL),('2104220058','SMP N 1 PANCURBATU','2104190476','','L',NULL,'','','SMPN1PBATU','4676808e0907ccffa621682c239396ab','1','','1',NULL,NULL,NULL),('2104220059','SMP N 2 PANCURBATU','2104190477','','L',NULL,'','','SMPN2PBATU','9feb8949a52be4ee1d48fedf18a9ce6e','1','','1',NULL,NULL,NULL),('2104220060','SMP N 3 PANCURBATU','2104190478','','L',NULL,'','','SMPN3PBATU','32d9825c12908b04e928509cf100d6bd','1','','1',NULL,NULL,NULL),('2104220061','SMP N 4 PANCURBATU SATU ATAP','2104190479','','L',NULL,'','','SMPN4PBATU','6c85bc4e5e868699af4d29cb6fa7da56','1','','1',NULL,NULL,NULL),('2104220062','SD N 101799 DELITUA','2104190480','','L',NULL,'','','SDN101799','ebdfa64d5c8f45e4bd12de74a0b9d7b5','1','','1',NULL,NULL,NULL),('2104220063','SD N 101797','2104190481','','L',NULL,'','','SDN101797','79b2a399e8cfacbce637f4278ae1432b','1','','1',NULL,NULL,NULL),('2104220064','SD N 101798 DELI TUA','2104190482','','L',NULL,'','','SDN101798','5cd3d30108819d3ccffeb4a87dd1c747','1','','1',NULL,NULL,NULL),('2104220065','SD N 101801','2104190483','','L',NULL,'','','SDN101801','188e1a1e6aaa5a0114906eb0681648b2','1','','1',NULL,NULL,NULL),('2104220066','SD N 104213','2104190484','','L',NULL,'','','SDN104213','11d1978166817aa902dc61f0bd7b9ed1','1','','1',NULL,NULL,NULL),('2104220067','SD N 104214 DELI TUA','2104190485','','L',NULL,'','','SDN104214','dbfa0045f1732fcdcf3e1d14b026b6e5','1','','1',NULL,NULL,NULL),('2104220068','SD N 108075 DELI TUA','2104190486','','L',NULL,'','','SDN108075','cb01ee756c59781b832457386db9ea0c','1','','1',NULL,NULL,NULL),('2104220069','SD N 105300','2104190487','','L',NULL,'','','SDN105300','58059b982b669ade48b0c804e552df0f','1','','1',NULL,NULL,NULL),('2104220070','SD N 101800 DELI TUA','2104190488','','L',NULL,'','','SDN101800','feb65389e2bb43b6149d22bf36b0b0fb','1','','1',NULL,NULL,NULL),('2104220071','SMP N 1 DELITUA','2104190489','','L',NULL,'','','SMPN1DELITUA','a694b3bc8fd3547f214dc0aad933cf26','1','','1',NULL,NULL,NULL),('2104220072','SMP N 2 DELITUA','2104190490','','L',NULL,'','','SMPN2DELITUA','76ac417add57cf2192d20780ff27899c','1','','1',NULL,NULL,NULL),('2104220073','SD N 101838 DURIN SIBABI','2104190491','','P',NULL,'','','SDN101838','7d222577e0b79c3100aa7fb1367b71e9','1','','1',NULL,NULL,NULL),('2104220074','SD N 105309 RAMBUNG BARU','2104190492','','L',NULL,'','','SDN105309','b8bdca2139bc823157f34fe49bc6613b','1','','1',NULL,NULL,NULL),('2104220075','SD N 105310 SAYUM SABAH','2104190493','','L',NULL,'','','SDN105310','25f41f945c357a71a79a5341139574b9','1','','1',NULL,NULL,NULL),('2104220076','SD N 101837 SUKA MAKMUR','2104190494','','L',NULL,'','','SDN101837','cc6a992566eae554c746c469076b6484','1','','1',NULL,NULL,NULL),('2104220077','SD N 101839','2104190495','','L',NULL,'','','SDN101839','fb276735fe8f7952dd1533d8e717c5ae','1','','1',NULL,NULL,NULL),('2104220078','SD N 101840 BASUKUM','2104190496','','L',NULL,'','','SDN101840','d7d4f6834a80fe52aaf2a7e950331df8','1','','1',NULL,NULL,NULL),('2104220079','SD N 101843 BANDAR BARU','2104190497','','L',NULL,'','','SDN101843','c740b463eb5a297f650b0faacaeefc88','1','','1',NULL,NULL,NULL),('2104220080','SD N 101845 SUKA MAKMUR','2104190498','','L',NULL,'','','SDN101845','981b29516fae6fb7a3d372fc79883791','1','','1',NULL,NULL,NULL),('2104220081','SD N 104223 BINGKAWAN','2104190499','','L',NULL,'','','SDN104223','af74730aebbf0844371c26feb30853a5','1','','1',NULL,NULL,NULL),('2104220082','SD N 104224 UJUNG DELENG','2104190500','','L',NULL,'','','SDN104224','bdd9a3f82514f2a0f01594a87bde6558','1','','1',NULL,NULL,NULL),('2104220083','SD N 105311 TAMBUNAN','2104190501','','L',NULL,'','','SDN105311','4765542e28434a7817366d8b29f8a48d','1','','1',NULL,'2023-11-06','9999999999'),('2104220084','SD N 106174 SALABULAN','2104190502','','L',NULL,'','','SDN106174','c817b121db0aec5ded3697b7ce2211ff','1','','1',NULL,NULL,NULL),('2104220085','SD N 106821 BANDAR BARU','2104190503','','L',NULL,'','','SDN106821','d5a15a0bfd6bfb7ffa51fa34a70b059d','1','','1',NULL,NULL,NULL),('2104220086','SD N 107408 BATU LAYANG','2104190504','','L',NULL,'','','SDN107408','1b5931b4d6fed5d83a20b9a632d4295c','1','','1',NULL,NULL,NULL),('2104220087','SD N 101833 SIBOLANGIT','2104190505','','L',NULL,'','','SDN101833','3916d41d2745bf39e514acffa7e4bb8a','1','','1',NULL,NULL,NULL),('2104220088','SD N 101835','2104190506','','L',NULL,'','','SD N 101835','0f7b9364cfce3345038790c8b832c6b7','1','','1',NULL,NULL,NULL),('2104220089','SD N 101836 KUALA','2104190507','','L',NULL,'','','SDN101836','bad0c68b90a4e62f447823775a14a6f8','1','','1',NULL,NULL,NULL),('2104220090','SD N 101842 SIKEBEN','2104190508','','L',NULL,'','','SDN101842','f5845479d97803afaa49bcbb60404653','1','','1',NULL,NULL,NULL),('2104220091','SD N 106173 BATU SIANGGEHEN','2104190509','','L',NULL,'','','SDN106173','93605c261c0a0c1e12bb99773c7eaf1f','1','','1',NULL,NULL,NULL),('2104220092','SD N 101841 BUKUM','2104190510','','L',NULL,'','','SDN101841','bc382c08780a1b0d7f042ebb6667a970','1','','1',NULL,NULL,NULL),('2104220093','SMP N 1 SIBOLANGIT','2104190511','','P',NULL,'','','SMPN1SIBOLANGIT','cf664583f59efad9883bb8c4a0ea84af','1','','1',NULL,NULL,NULL),('2104220094','SMP N 2 SIBOLANGIT','2104190512','','L',NULL,'','','SMPN2SIBOLANGIT','7346a29b8f307306c47167ed87020400','1','','1',NULL,NULL,NULL),('2104220095','SD N 101864 GUNUNG RINTIH','2104190513','','L',NULL,'','','SDN101864','18fe38e7baf9930d7f23570e26c27dce','1','','1',NULL,NULL,NULL),('2104220096','SD N 101857 GUNUNG RINTIH','2104190514','','L',NULL,'','','SDN101857','4bce90f8b045ba22b6039790140a4879','1','','1',NULL,NULL,NULL),('2104220097','SD N 101858 TALA PETA','2104190515','','L',NULL,'','','SDN101858','836b79fe36b015e890b407ddc055dd53','1','','1',NULL,NULL,NULL),('2104220098','SD N 101859 RAMBAI','2104190516','','L',NULL,'','','SDN101859','30312860382259fc42b1f25280397314','1','','1',NULL,NULL,NULL),('2104220099','SD N 101860','2104190517','','L',NULL,'','','SDN101860','9b293d0abe4f0631c0ba530f0351a4b2','1','','1',NULL,NULL,NULL),('2104220100','SD N 101861 TADUKAN RAGA','2104190518','','L',NULL,'','','SDN101861','6cfbd0a317a04b380d342816591984c0','1','','1',NULL,NULL,NULL),('2104220101','SD N 104253 NEGARA BERINGIN','2104190519','','L',NULL,'','','SDN104253','73611fdb0bb49903229d3014e20f79e6','1','','1',NULL,NULL,NULL),('2104220102','SD N 104269 PINTU BESI','2104190520','','L',NULL,'','','SDN104269','ae312a2f84341cd727cc8a068de1d33d','1','','1',NULL,NULL,NULL),('2104220103','SD N 105316 BERANTI','2104190521','','L',NULL,'','','SDN105316','49f175d980fe50a7d3499ecea64159d6','1','','1',NULL,NULL,NULL),('2104220104','SD N 105317 LAU BARUS','2104190522','','L',NULL,'','','SDN105317','5c43c803667e5dd8b3fefc9e08898413','1','','1',NULL,NULL,NULL),('2104220105','SD N 105318 BANGUN TOBING','2104190523','','L',NULL,'','','SDN105318','7002906d7c772509f82a1a77796399eb','1','','1',NULL,NULL,NULL),('2104220106','SD N 105320 KUTA JURUNG','2104190524','','L',NULL,'','','SDN105320','eadad7c5ca5bb68371da62ba52206778','1','','1',NULL,NULL,NULL),('2104220107','SD N 106177 TUNGKUSAN','2104190525','','L',NULL,'','','SDN106177','3cb4ce4230c9e789a70cf38fdaa9768f','1','','1',NULL,NULL,NULL),('2104220108','SD N 106446 BINTANG MERIAH','2104190526','','L',NULL,'','','SDN106446','f836ced82e6593f195cbb4f8c7e6f828','1','','1',NULL,NULL,NULL),('2104220109','SD N 106824 BESAMAT','2104190527','','L',NULL,'','','SDN106824','6de72bcd8b9be96f3748d2f8ef90af91','1','','1',NULL,NULL,NULL),('2104220110','SD N 107412 SIMADAMADA','2104190528','','L',NULL,'','','SDN107412','020ba6bf3bc0e53bdca4f9030d50f7c1','1','','1',NULL,NULL,NULL),('2104220111','SD N 107414 LAU BULUH','2104190529','','L',NULL,'','','SDN107414','a6e2841cb8e7c022e2aa75cb88e49572','1','','1',NULL,NULL,NULL),('2104220112','SD N 101856 GUNUNG RINTIH','2104190530','','L',NULL,'','','SDN101856','adcc6cccfb91743d2bf599aca23a30ba','1','','1',NULL,NULL,NULL),('2104220113','SD N 106445','2104190531','','L',NULL,'','','SDN106445','27fe0dd6f24ea43bbe72f5b7d23781d7','1','','1',NULL,NULL,NULL),('2104220114','SD N 107410 RAMBUNG','2104190532','','L',NULL,'','','SDN107410','b68cc57d4af95088dcd26e0611429c8f','1','','1',NULL,NULL,NULL),('2104220115','SD N 107411 LAU REMPAK','2104190533','','L',NULL,'','','SDN107411','4ea41909d0a687e967858399adf747b5','1','','1',NULL,NULL,NULL),('2104220116','SD N 105319 LIMAU MUNGKUR','2104190534','','L',NULL,'','','SDN105319','a116249f1311397d7fb5f14d2a0561d4','1','','1',NULL,NULL,NULL),('2104220117','SMP N 1 STM HILIR','2104190535','','L',NULL,'','','SMPN1HILIR','d475dca2a9894169ffd5dc85d8a5efc9','1','','1',NULL,NULL,NULL),('2104220118','SMP N 2 SATU ATAP STM HILIR','2104190536','','L',NULL,'','','SMPN2HILIR','ab7dc6ccdf178e7ef3323b4d75622004','1','','1',NULL,NULL,NULL),('2104220119','SD N 102004 TIGA JUHAR','2104190537','','L',NULL,'','','SDN102004','66ecb74db2132493278f0662644b882f','1','','1',NULL,NULL,NULL),('2104220120','SD N 102006 TIGA JUHAR','2104190538','','L',NULL,'','','SDN102006','f6c2237adaa06af29593e1009aa86987','1','','1',NULL,NULL,NULL),('2104220121','SD N 106204 TANJUNG RAJA','2104190539','','L',NULL,'','','SDN106204','58ce7574657ed90d535f19a8c09a0b9e','1','','1',NULL,NULL,NULL),('2104220122','SD N 107434 RUMAH LIANG','2104190540','','L',NULL,'','','SDN107434','ed2efc12bdc256b993f28f039e835a88','1','','1',NULL,NULL,NULL),('2104220123','SD N INPRES BAH BUNTU','2104190541','','L',NULL,'','','SDNBAHBUNTU','8012c33a05b27ef876bbaced93a6cd1f','1','','1',NULL,NULL,NULL),('2104220124','SD N 102005 DURIAN TINGGUNG','2104190542','','L',NULL,'','','SDN102005','1c2196cfdcd53a186494cffbf3796b1b','1','','1',NULL,NULL,NULL),('2104220125','SD N 106848 TANJUNG TIMUR','2104190543','','L',NULL,'','','SDN106848','129f1a508f5f25ffead518612974a44a','1','','1',NULL,NULL,NULL),('2104220126','SD N 107436 RUMAH LENGO','2104190544','','P',NULL,'','','SDN107436','163a84e5484d82c458af5f7ad0d4c209','1','','1',NULL,NULL,NULL),('2104220127','SD N 105401 NAMO LINTING','2104190545','','L',NULL,'','','SDN105401','d064b29a6630dec4d02c83a4946e8178','1','','1',NULL,NULL,NULL),('2104220128','SD N 106203 TANAH GARA HULU','2104190546','','L',NULL,'','','SDN106203','7a888a351304dce5842f8a98cc906ac5','1','','1',NULL,NULL,NULL),('2104220129','SD N 105402 SIBUNGA B-4','2104190547','','L',NULL,'','','SDN105402','34a1b275b008df638ce5a1095d77b6dc','1','','1',NULL,NULL,NULL),('2104220130','SD N 105403 TIGA JUHAR','2104190548','','L',NULL,'','','SDN105403','6e593a5749bb70f6a5290b43f4799388','1','','1',NULL,NULL,NULL),('2104220131','SD N 107437 TANJUNG BAMPU','2104190549','','L',NULL,'','','SDN107437','cbaf93d15a262db622304e921204196a','1','','1',NULL,NULL,NULL),('2104220132','SD N 107438 GUNUNG MANUMPAK','2104190550','','L',NULL,'','','SDN107438','0f300924b65aa626c3554ae744e050f0','1','','1',NULL,NULL,NULL),('2104220133','SD N 104290 SIPINGGAN','2104190551','','L',NULL,'','','SDN104290','e1dbd8bb41e097e1b859a3f32fb53c8c','1','','1',NULL,NULL,NULL),('2104220134','SMP N 1 STM HULU','2104190552','','L',NULL,'','','SMPN1HULU','8ee267e4bdd87c0a63a2a56dab6cec0c','1','','1',NULL,NULL,NULL),('2104220135','SMP N 2 STM HULU','2104190553','','L',NULL,'','','SMPN2HULU','d22f3f4fe8cce5c9098a939f6c3673a7','1','','1',NULL,NULL,NULL),('2104220136','SD N 101910 SIDODADI','2104190554','','L',NULL,'','','SDN101910','0da88cf0c0b93e4d17b408dd74931bb4','1','','1',NULL,NULL,NULL),('2104220137','SD N 105350 PERBARAKAN','2104190555','','L',NULL,'','','SDN105350','b3b0703e0420300cc7fc9d784854b408','1','','1',NULL,NULL,NULL),('2104220138','SD N 107423 TANJUNG GARBUS','2104190556','','L',NULL,'','','SDN107423','07d869743256b6f35b2c97cfafe22a35','1','','1',NULL,NULL,NULL),('2104220139','SD N 101911 SIDODADI','2104190557','','L',NULL,'','','SDN101911','7017eb92cb0ecb887970efc4c805f62d','1','','1',NULL,NULL,NULL),('2104220140','SD N 101912 PAGAR MERBAU','2104190558','','L',NULL,'','','SDN101912','914ede922f7fd4a06ba68041ea205a40','1','','1',NULL,NULL,NULL),('2104220141','SD N 101913 PAGAR MERBAU','2104190559','','L',NULL,'','','SDN101913','f35470f4508810ec0c5f8179d66904b0','1','','1',NULL,NULL,NULL),('2104220142','SD N 104246','2104190560','','L',NULL,'','','SDN104246','9989785490aba3e949fc4e90eabda8fd','1','','1',NULL,NULL,NULL),('2104220143','SD N 104247 TANJUNG MULIA','2104190561','','L',NULL,'','','SDN104247','5c71a4ebe6df5a17384652d7a18da774','1','','1',NULL,NULL,NULL),('2104220144','SD N 104249 BANDAR DOLOK','2104190562','','L',NULL,'','','SDN104249','901c4870153e871d98d9d1eaa79717de','1','','1',NULL,NULL,NULL),('2104220145','SD N 105354 PURWODADI','2104190563','','L',NULL,'','','SDN105354','f07ebcce7b1235544662dd3047f99e2d','1','','1',NULL,NULL,NULL),('2104220146','SD N 105355 SUKA MULIA','2104190564','','L',NULL,'','','SDN105355','1f62f97e971c0842e2844f6c2604b0a6','1','','1',NULL,NULL,NULL),('2104220147','SD N 105359 SUMBERJO','2104190565','','L',NULL,'','','SDN105359','84c28d39a7678630e4d7e26375cb300e','1','','1',NULL,NULL,NULL),('2104220148','SD N 106181 SUKAMANDI HILIR','2104190566','','L',NULL,'','','SDN106181','743c5601416b2c3ca87718fb6096d551','1','','1',NULL,NULL,NULL),('2104220149','SD N 106828 SUMBERJO','2104190567','','L',NULL,'','','SDN106828','e6be6473eb171283d373ea7f2e867cf1','1','','1',NULL,NULL,NULL),('2104220150','SD N 106832 SUKAMANDI HULU','2104190568','','L',NULL,'','','SDN106832','2caea0a28930c1d2a10dd96aecd718ca','1','','1',NULL,NULL,NULL),('2104220151','SD N 108239 PAGAR MERBAU','2104190569','','L',NULL,'','','SDN108239','929cbaa3acb98c112e73d57b4cb892e4','1','','1',NULL,NULL,NULL),('2104220152','SD N 105352 PASAR MIRING','2104190570','','L',NULL,'','','SDN105352','0c781fbfae2073ae4b3ce89ec9bb31ec','1','','1',NULL,NULL,NULL),('2104220153','SD N 106185 TANJUNG GARBUS','2104190571','','L',NULL,'','','SDN106185','0fd25916ae4213cc0f1e013492df7823','1','','1',NULL,'2023-02-08','9999999999'),('2104220154','SMP N 1 PAGAR MERBAU','2104190572','','P',NULL,'','','10213881','f366a3c113d28d13639473bacc0927e6','1','','1',NULL,'2024-08-20','9999999999'),('2104220155','SD N 101964 JAHARUN A','2104190573','','L',NULL,'','','SDN101964','29fae864c9597b3d754b84437956af91','1','','1',NULL,NULL,NULL),('2104220156','SD N 106198 KELAPA I','2104190574','','L',NULL,'','','SDN106198','76c4153ce5256d691204691dfd05b074','1','','1',NULL,NULL,NULL),('2104220157','SD N 101959 GALANG','2104190575','','L',NULL,'','','SDN101959','887e3b27689bbca7bbc1bd64890d6540','1','','1',NULL,NULL,NULL),('2104220158','SD N 101960 GALANG','2104190576','','L',NULL,'','','SDN101960','c0f4d1c967f6edeb15c9dace29ecf17b','1','','1',NULL,NULL,NULL),('2104220159','SD N 101961 TIMBANG DELI','2104190577','','L',NULL,'','','SDN101961','45db7effe6612102e36f20926eefb8d8','1','','1',NULL,NULL,NULL),('2104220160','SD N 101963 TANAH ABANG','2104190578','','L',NULL,'','','SDN101963','2561c27465968102b16484535037ed35','1','','1',NULL,NULL,NULL),('2104220161','SD N 101965 KOTASAN','2104190579','','L',NULL,'','','SDN101965','cb34aba5b7ca41130133a237db7d0b8e','1','','1',NULL,NULL,NULL),('2104220162','SD N 101966 PERTANGGUHAN','2104190580','','P',NULL,'','','SDN101966','0e6cf94277b54db0f96410fc4173869f','1','','1',NULL,NULL,NULL),('2104220163','SD N 101967 PERTUMBUKAN','2104190581','','L',NULL,'','','SDN101967','752c091b343039248b6a38b0b08c3383','1','','1',NULL,NULL,NULL),('2104220164','SD N 101968 PETUMBUKAN','2104190582','','L',NULL,'','','SDN101968','3798e97e437e907bbb7003ce8342b0a3','1','','1',NULL,NULL,NULL),('2104220165','SD N 101969 TANJUNG PURBA','2104190583','','L',NULL,'','','SDN101969','42ee0d424fd5220b139029c3f16daa8f','1','','1',NULL,NULL,NULL),('2104220166','SD N 101970 SEI KARANG','2104190584','','L',NULL,'','','SDN101970','98d529d07dd9f4e2ecf680a6920e4f64','1','','1',NULL,NULL,NULL),('2104220167','SD N 101971 SEI KARANG','2104190585','','L',NULL,'','','SDN101971','9b31610973210a8b9afd3e17ed171e21','1','','1',NULL,NULL,NULL),('2104220168','SD N 101972 KOTANGAN','2104190586','','L',NULL,'','','SDN101972','96881d124fd2f2d03f975928fb618315','1','','1',NULL,NULL,NULL),('2104220169','SD N 101973 SEI PUTIH','2104190587','','L',NULL,'','','SDN101973','4c28905c51cd361f44c4416d5796297d','1','','1',NULL,NULL,NULL),('2104220170','SD N 101975 SEI PUTIH','2104190588','','L',NULL,'','','SDN101975','737da82a44d57bdecc33aae76ab0619f','1','','1',NULL,NULL,NULL),('2104220171','SD N 101976','2104190589','','L',NULL,'','','SDN101976','b0606863cb0a2e4aeb487dbe81be546c','1','','1',NULL,NULL,NULL),('2104220172','SD N 101979 PISANG PALA','2104190590','','L',NULL,'','','SDN101979','6fa2c0e0c28773e679c36b5f51c67388','1','','1',NULL,NULL,NULL),('2104220173','SD N 101980 NAGATIMBUL','2104190591','','L',NULL,'','','SDN101980','9257b68b9f135c59b5a71f39b879b839','1','','1',NULL,NULL,NULL),('2104220174','SD N 101981 GALANG','2104190592','','L',NULL,'','','SDN101981','d002d68fbed24d1b29de2da422c96c49','1','','1',NULL,NULL,NULL),('2104220175','SD N 104279 PAYA ITIK','2104190594','','L',NULL,'','','SDN104279','3f2a8073c4e54a991a754ab5cb77751c','1','','1',NULL,NULL,NULL),('2104220176','SD N 104281 NAGAREJO','2104190595','','L',NULL,'','','SDN104281','00be1ff5eab51cc30d6b1e8c062c296d','1','','1',NULL,NULL,NULL),('2104220177','SD N 104282 BATU LOKONG','2104190596','','L',NULL,'','','SDN104282','1abde2c0c324fed6c3936d1b1e676ab7','1','','1',NULL,NULL,NULL),('2104220178','SD N 104283 JAHARUN B','2104190597','','L',NULL,'','','SDN104283','da20ec420459ed2634477690f7e775c0','1','','1',NULL,NULL,NULL),('2104220179','SD N 105380 KERAMAT GAJAH','2104190598','','L',NULL,'','','SDN105380','a8b391a658bf5a1bc0f1835d2045b845','1','','1',NULL,NULL,NULL),('2104220180','SD N 105382 GALANG','2104190599','','L',NULL,'','','SDN105382','1a6ae91195b6d0112cebf1728de9c765','1','','1',NULL,NULL,NULL),('2104220181','SD N 105383 PERTUMBUKAN','2104190600','','L',NULL,'','','SDN105383','0c9a3fd74243b0089a478b2d985127f1','1','','1',NULL,NULL,NULL),('2104220182','SD N 105384 PISANG PALA','2104190601','','L',NULL,'','','SDN105384','c5f7acaadbe981b579c6acece116be6f','1','','1',NULL,NULL,NULL),('2104220183','SD N 105385 KOTASAN','2104190602','','L',NULL,'','','SDN105385','da4c7ad831424ee69e60e6f5c7e13f3c','1','','1',NULL,NULL,NULL),('2104220184','SD N 105386','2104190603','','L',NULL,'','','SDN105386','ed1ba7584dc0205bebf3cc4aeefc09f3','1','','1',NULL,NULL,NULL),('2104220185','SD N 105387 SEI KARANG','2104190604','','L',NULL,'','','SDN105387','b0c198b1b6a0a81ac00440147b2ad665','1','','1',NULL,NULL,NULL),('2104220186','SD N 105389 TIMBANG DELI','2104190605','','L',NULL,'','','SDN105389','f978c82692ec338affbacb6f7f7b2beb','1','','1',NULL,NULL,NULL),('2104220187','SD N 106196 GALANG SUKA','2104190606','','L',NULL,'','','SDN106196','664ed30abcf7c98a8d0d42659c3a2194','1','','1',NULL,NULL,NULL),('2104220188','SD N 106197 PAKU','2104190607','','L',NULL,'','','SDN106197','e9d863adec5b9b48cecf2034b2b46866','1','','1',NULL,NULL,NULL),('2104220189','SD N 106199 KOTASAN','2104190608','','L',NULL,'','','SDN106199','a2f0a9324c5c420cc9c10367db81c61f','1','','1',NULL,NULL,NULL),('2104220190','SD N 106200 PETANGGUHAN','2104190609','','L',NULL,'','','SDN106200','8504de940a1fb07e772bb9e6dc6d0d18','1','','1',NULL,NULL,NULL),('2104220191','SD N 107429 PONDOK KOTANGAN','2104190610','','L',NULL,'','','SDN107429','dff36d06f032582c16f121cbbce0acf5','1','','1',NULL,NULL,NULL),('2104220192','SD N 107430 GALANG','2104190611','','L',NULL,'','','SDN107430','b0d598b7e18208165568559107b52d4b','1','','1',NULL,NULL,NULL),('2104220193','SD N 107827 TITI BESI','2104190612','','L',NULL,'','','SDN107827','9fbd91efb1d9ed8b0a397b15fb98f64d','1','','1',NULL,NULL,NULL),('2104220194','SD N 101974 SEI PUTIH','2104190613','','L',NULL,'','','SDN101974','8e835693aa37411f79a1d7471703c0d2','1','','1',NULL,NULL,NULL),('2104220195','SD N 106843 JAHARUN -B','2104190614','','L',NULL,'','','SDN106843','74b441321249cc627a20ac755e5b6388','1','','1',NULL,NULL,NULL),('2104220196','SMP N 1 GALANG','2104190615','','L',NULL,'','','SMPN1GALANG','7c5c606f6e2023b2041ffc5f864f5e74','1','','1',NULL,NULL,NULL),('2104220197','SMP N 2 GALANG','2104190616','','L',NULL,'','','SMPN2GALANG','ec596fd78f0992c7614660fedfb0e624','1','','1',NULL,NULL,NULL),('2104220198','SMP N 3 GALANG','2104190617','','L',NULL,'','','SMPN3GALANG','6dbfc74315326726847038fe6bbf9a30','1','','1',NULL,NULL,NULL),('2104220199','SD N 105398 KONGSI DUA BEGERPANG','2104190618','','L',NULL,'','','SDN105398','c8d50b114400169d4e9af921847f2f6a','1','','1',NULL,NULL,NULL),('2104220200','SD N 101990 BANGUN PURBA','2104190619','','L',NULL,'','','SDN101990','8d178bcbd0548d436b165a129887a534','1','','1',NULL,NULL,NULL),('2104220201','SD N 101991 BANGUN PURBA','2104190620','','L',NULL,'','','SDN101991','9fd1c338c45db980a95bcc7b263a9f48','1','','1',NULL,NULL,NULL),('2104220202','SD N 101992 CIMAHI','2104190621','','L',NULL,'','','SDN101992','7e68f56c5395ba128e464af83d17dcdb','1','','1',NULL,NULL,NULL),('2104220203','SD N 101993 SUKALUE','2104190622','','L',NULL,'','','SDN101993','96861dbbb6de1868509070e92652a4e3','1','','1',NULL,NULL,NULL),('2104220204','SD N 101994 GREAHEN','2104190623','','L',NULL,'','','SDN101994','65a5bba871da352f108d266a2886dc05','1','','1',NULL,NULL,NULL),('2104220205','SD N 101996 BATU RATA','2104190624','','L',NULL,'','','SDN101996','9c743de2f57cd2bd65963418d26a697b','1','','1',NULL,NULL,NULL),('2104220206','SD N 101997 BANDAR GUGUNG','2104190625','','L',NULL,'','','SDN101997','bdc0d0229db5f8b220870ca94f977f53','1','','1',NULL,NULL,NULL),('2104220207','SD N 104286 BANDAR MERIAH','2104190626','','L',NULL,'','','SDN104286','9b3cf40cd1b47e51c1aff7e333b64e5e','1','','1',NULL,NULL,NULL),('2104220208','SD N 104287 SEI BUAYA','2104190627','','L',NULL,'','','SDN104287','073218b9ca26dfbe43340b54f4821472','1','','1',NULL,NULL,NULL),('2104220209','SD N 104288 BATU GINGGING','2104190628','','L',NULL,'','','SDN104288','71679aed81b6ed06cb08b5d374699119','1','','1',NULL,NULL,NULL),('2104220210','SD N 105396 UJUNG RAMBE','2104190629','','L',NULL,'','','SDN105396','d9ea1adb404158a2baf1b0d86ce229fe','1','','1',NULL,NULL,NULL),('2104220211','SD N 105399 KULASAR','2104190630','','L',NULL,'','','SDN105399','f815ed318cf5ee19540acc2cfa9bc4e0','1','','1',NULL,NULL,NULL),('2104220212','SD N 105400 M UJUNG JAWI','2104190631','','L',NULL,'','','SDN105400','246e19d2eab5e6d9c6c2aecb576cb7df','1','','1',NULL,NULL,NULL),('2104220213','SD N 106202 SIALANG','2104190632','','L',NULL,'','','SDN106202','0f5bf296058fbae3148e0f6b7cdb3f57','1','','1',NULL,NULL,NULL),('2104220214','SD N 106846 BALUA','2104190633','','L',NULL,'','','SDN106846','88f27b0aa65dc4f91bc00eab674d3156','1','','1',NULL,NULL,NULL),('2104220215','SD N 107432 BANGUN PURBA TENGAH','2104190634','','L',NULL,'','','SDN107432','fbf4adbfa1d8fb42c7f7d2ac297919c4','1','','1',NULL,NULL,NULL),('2104220216','SD N 108151 BAH PERAK','2104190635','','L',NULL,'','','SDN108151','89212d9768b3fc64ddfcf35a9d25f4b4','1','','1',NULL,NULL,NULL),('2104220217','SMP N 1 BANGUN PURBA','2104190636','','L',NULL,'','','SMPN1BPURBA','40c670b78ab8f5e2d83a28b2300d9c3e','1','','1',NULL,NULL,NULL),('2104220218','SMP N 2 BANGUN PURBA','2104190637','','L',NULL,'','','SMPN2BPURBA','7ca335634eac37446c6ddc244ccb52f3','1','','1',NULL,NULL,NULL),('2104220219','SMP N 3 BANGUN PURBA','2104190638','','L',NULL,'','','SMPN3BPURBA','543108af0a21dd4066ff7dab7142655b','1','','1',NULL,NULL,NULL),('2104220220','SD N 108029 HUTA BAYU','2104190639','','L',NULL,'','','SDN108029','4a07464d91c48b5473325737cc220cd5','1','','1',NULL,NULL,NULL),('2104220221','SD N 102001 GUNUNG MERIAH','2104190640','','L',NULL,'','','SDN102001','6ad19b988e4e35833b610ad0190320f5','1','','1',NULL,NULL,NULL),('2104220222','SD N102002 GUNUNG PARIBUAN','2104190641','','L',NULL,'','','SDN102002','ccb50fbfbe01a9c4ed00b25f57a8572b','1','','1',NULL,NULL,NULL),('2104220223','SD N 102003 GUNUNG MERIAH','2104190642','','L',NULL,'','','SDN102003','514830ba037c23e7b517c96d9f225048','1','','1',NULL,NULL,NULL),('2104220224','SD N 104289 GUNUNG SINEMBAH','2104190643','','L',NULL,'','','SDN104289','c6c9b1c37ba6aed21854b02ed8386bac','1','','1',NULL,NULL,NULL),('2104220225','SD N 106847 UJUNG MERIAH','2104190644','','L',NULL,'','','SDN106847','5e78fcad43f6b010e2ca281ddd832d15','1','','1',NULL,NULL,NULL),('2104220226','SMP N 1 GUNUNG MERIAH','2104190645','','L',NULL,'','','SMPN1GMERIAH','2fbb9b43b5cd2124143cf787b71f6849','1','','1',NULL,NULL,NULL),('2109040001','SDN 101779 Percut Sei Tuan','2104190109','','L',NULL,'','','SDN101779','5bf5df9182dc640d9a9094a4f5eef9ed','1','','1',NULL,NULL,NULL),('2109040002','SDN 101781 Percut Sei Tuan','2104190110','','L',NULL,'','','SDN101781','f1de2acae4450c15eabedca053d40c6b','1','','1',NULL,NULL,NULL),('2109040003','SDN 104201 Percut Sei Tuan','2104190111','','L',NULL,'','','SDN104201','1a23940f5d3992879a1c6e3f543e7102','1','','1',NULL,NULL,NULL),('2109040004','SDN 104202 Percut Sei Tuan','2104190112','','L',NULL,'','','SDN104202','6cce9b3c11fc02772062f422e05797f5','1','','1',NULL,NULL,NULL),('2109040005','SD N 106444 KUTALIMBARU','2104190442','','P',NULL,'','','SDN106444','e96b6e6ec632070b2828003f767a27ff','1','','1',NULL,NULL,NULL),('2109040006','SD N 106792','2104190042','','L',NULL,'','08126349748','SDN106792','1c96c17c1fba523f3967339f21a319e3','1','','1',NULL,'2024-03-25','9999999999'),('2109040007','SD INPRES NO 105285 TANDAM HILIR I','2104190001','','L',NULL,'','','SDN105285','67b1e70ffddc0502235d6049a08a2993','1','','1',NULL,NULL,NULL),('2109040008','SD N 105855 PTPN II','2104190269','','L',NULL,'','','SDN105855','17d3e718cad6655795b330241622522c','1','','1',NULL,NULL,NULL),('2109070001','SD N 107955 LUBUK PAKAM','2104190299','','P',NULL,'','','SDN107955','db71dd102ca9ce477afb129a167f44a4','1','','1',NULL,NULL,NULL),('2109130001','SD N 105346 ARAS KABU','2104190324','','P',NULL,'','','SDN105346','60424ee9c73648fd45af8ddc6118b329','1','','1',NULL,NULL,NULL),('2109130002','SD N 104251 KARANG ANYAR','2104190323','','P',NULL,'','','SDN104251','61a8b3313c52284b7586c0209e36f7c3','1','','1',NULL,NULL,NULL),('2109150001','SD N 104204 SAMBI REJO TIMUR','2104190113','','L',NULL,'','','SDN104204','e36671bd6a6e051bba705733cf4028b2','1','','1',NULL,NULL,NULL),('2109150002','SD N 104205 TEMBUNG','2104190114','','L',NULL,'','','SDN104205','d084261df034efa01d601f52f5106336','1','','1',NULL,NULL,NULL),('2109190001','SD N 104607 SEI ROTAN','2104190118','','L',NULL,'','','SDN104607','e5aa4cbf26d90afeb9c228ee9041c8a8','1','','1',NULL,NULL,NULL),('2109280001','SD N 104207 CINTA DAMAI','2104190116','','P',NULL,'','','SDN104207','495d3f153550a73ae61a3006cadccabf','1','','1',NULL,NULL,NULL),('2109300001','SMP N 4 PANTAI LABU SATAP','2104190364','','L',NULL,'','','SMPN4PLABU','ccfba0883377813b8be13b281240159b','1','','1',NULL,'2021-09-30','9999999999'),('2110210001','SD N 104206','2104190115','','P',NULL,'','','SDN104206','5263cabff36b266ec22f0a89929d918b','1','','1',NULL,'2021-10-21','9999999999'),('2112290001','UPT HAMPARAN PERAK',NULL,'','L','1970-01-01','','','upthamparanperak','66912af041402732a1b082c13be1c512','1','2112290001.jpg','3',NULL,'2025-07-22','2002210001'),('2201040001','UPT TANJUNG MORAWA',NULL,'','P',NULL,'','','upttanjungmorawa','09e2291e0d5da7c56e3fc96b8a885671','1','','2','UPT0007','2023-03-02','9999999999'),('2201040002','UPT BIRU BIRU',NULL,'','L',NULL,'','','uptbirubiru','fa0a03f9ae8aa139932aa5d85b25d4b4','1','','2','UPT0012','2022-01-04','9999999999'),('2201040003','UPT SUNGGAL',NULL,'','P',NULL,'','','uptsunggal','e1d2734acd806a8153e5498fd61b11c6','1','','2','UPT0005','2022-01-04','9999999999'),('2201040004','UPT BANGUN PURBA',NULL,'','P',NULL,'','','uptbangunpurba','a2498268bed2909e2cb1aea1574f5977','1','','2','UPT0022','2022-01-04','9999999999'),('2201040005','UPT BATANG KUIS',NULL,'','P',NULL,'','','uptbatangkuis','fc8869d5302cf17b5ec380b9c5c48160','1','','2','UPT0006','2022-01-04','9999999999'),('2201040006','UPT BERINGIN',NULL,'','P',NULL,'','','uptberingin','4f3b6c73d0e9098a37448b9fb036b46f','1','','2','UPT0009','2024-01-10','9999999999'),('2201040007','UPT DELI TUA',NULL,'','P',NULL,'','','uptdelitua','50ce362dff8cf1d94979326b4c5f61d6','1','','2','UPT0016','2022-01-04','9999999999'),('2201040008','UPT GALANG',NULL,'','L',NULL,'','','uptgalang','ee82044a3b89af7657943557e64ecb92','1','','2','UPT0021','2022-01-04','9999999999'),('2201040009','UPT GUNUNG MERIAH',NULL,'','L',NULL,'','','uptgunungmeriah','4c487e9471182c19f272f3bbdbe4d529','1','','2','UPT0023','2022-01-04','9999999999'),('2201040010','UPT KUTALIMBARU',NULL,'','L',NULL,'','','uptkutalimbaru','9fc536e8cecf06aea627688cc263ac37','1','','2','UPT0014','2022-01-04','9999999999'),('2201040011','UPT LABUHAN DELI',NULL,'','P',NULL,'','','uptlabuhandeli','61b1c67166998329156b9056616852e8','1','','2','UPT0003','2022-01-04','9999999999'),('2201040012','UPT LUBUK PAKAM',NULL,'','P',NULL,'','','uptlubukpakam','aa73f0fbe1340fe4f9f455a734fd7157','1','','2','UPT0008','2022-01-04','9999999999'),('2201040013','UPT NAMO RAMBE',NULL,'','P',NULL,'','','uptnamorambe','3737a874ec4dedcb627ed363ca3b0ebc','1','','2','UPT0013','2022-01-04','9999999999'),('2201040014','UPT PAGAR MERBAU',NULL,'','P',NULL,'','','uptpagarmerbau','be5cf2306703abad11665cfbcbae39cd','1','','2','UPT0020','2022-01-04','9999999999'),('2201040015','UPT PANCUR BATU',NULL,'','L',NULL,'','','uptpancurbatu','de569dd0a26ea527dd6d3dbc873f3ca4','1','','2','UPT0015','2023-01-17','9999999999'),('2201040016','UPT PANTAI LABU',NULL,'','P',NULL,'','','uptpantailabu','84c386e29ccb0c4ab756f773f5f77c94','1','','2','UPT0010','2023-03-02','9999999999'),('2201040017','UPT PATUMBAK',NULL,'','P',NULL,'','','uptpatumbak','3b3647fa6d28f8299442b5895609957d','1','','2','UPT0011','2023-03-01','9999999999'),('2201040018','UPT PERCUT SEI TUAN',NULL,'','L',NULL,'','','uptpercutseituan','8c3350724fe14ac9b008c21f46555b32','1','','2','UPT0004','2022-01-04','9999999999'),('2201040019','UPT SIBOLANGIT',NULL,'','L',NULL,'','','uptsibolangit','1035424793f3fb979c25a9040711d8a6','1','','2','UPT0017','2022-01-04','9999999999'),('2201040020','UPT STM HILIR',NULL,'','L',NULL,'','','uptstmhilir','abfcf491ce97bdefcc9c131b7d737802','1','','2','UPT0018','2022-01-04','9999999999'),('2201040021','UPT STM HULU',NULL,'','P',NULL,'','','uptstmhulu','ec9ca82787d66661bccad83ae3a8f1f3','1','','2','UPT0019','2022-01-04','9999999999'),('2201070001','SDN 104210','2104190117','','P',NULL,'','','SDN104210','e572fb1e4e15f448a9d1cefc58e53681','1','','1',NULL,'2022-01-07','9999999999'),('2201190001','Dinas Pendidikan','2201190001','','L',NULL,'','','dinaspendidikan','16eb5fc509a7ab6424dc89fd787c2868','1','','1',NULL,'2022-12-01','9999999999'),('2303130001','Dinas Pendidikan','2201190001','','L',NULL,'','','DISDIKDS','1c293ed7a99ed605d0368e9b6fa92b84','1','2303130001.png','1',NULL,'2024-08-23','9999999999'),('2407040001','SMP N 5 LUBUK PAKAM','2407040001','','P',NULL,'','','SMPN5LUBUKPAKAM','d72b266f568067664ab6238ab669c08d','1','','1',NULL,'2024-07-04','9999999999'),('2507210001','cvs',NULL,'08489489165165','P','1970-01-01','165156','','cvscvscvs','3186f68421cfd36aeccad94b8b550acb','1','','3',NULL,'2025-07-21','2002210001'),('9999999999','Administrator','2104190211','-','L',NULL,'','','admin','f76e83702ad86bd7aa23b7dcfbb4bc61','1','9999999999.jpg','9',NULL,NULL,NULL);

/*Table structure for table `program` */

DROP TABLE IF EXISTS `program`;

CREATE TABLE `program` (
  `keyprogram` char(13) COLLATE utf8mb4_general_ci NOT NULL,
  `kdprogram` char(9) COLLATE utf8mb4_general_ci NOT NULL,
  `namaprogram` varchar(100) COLLATE utf8mb4_general_ci NOT NULL,
  `tahunanggaran` char(4) COLLATE utf8mb4_general_ci NOT NULL,
  PRIMARY KEY (`keyprogram`),
  UNIQUE KEY `kdprogram` (`kdprogram`,`tahunanggaran`)
) ENGINE=InnoDB DEFAULT CHARSET=utf8mb4 COLLATE=utf8mb4_general_ci;

/*Data for the table `program` */

/*Table structure for table `ruangan` */

DROP TABLE IF EXISTS `ruangan`;

CREATE TABLE `ruangan` (
  `kdruangan` char(10) COLLATE utf8mb4_general_ci NOT NULL,
  `namaruangan` varchar(100) COLLATE utf8mb4_general_ci NOT NULL,
  `alamat` varchar(255) COLLATE utf8mb4_general_ci NOT NULL,
  `notelp` char(16) COLLATE utf8mb4_general_ci NOT NULL,
  `kdupt` char(7) COLLATE utf8mb4_general_ci DEFAULT NULL,
  `statusaktif` char(1) COLLATE utf8mb4_general_ci NOT NULL,
  `lastupdate` datetime DEFAULT NULL,
  `idpengguna` char(10) COLLATE utf8mb4_general_ci DEFAULT NULL,
  PRIMARY KEY (`kdruangan`),
  KEY `kdupt` (`kdupt`),
  CONSTRAINT `ruangan_ibfk_1` FOREIGN KEY (`kdupt`) REFERENCES `upt` (`kdupt`)
) ENGINE=InnoDB DEFAULT CHARSET=utf8mb4 COLLATE=utf8mb4_general_ci;

/*Data for the table `ruangan` */

insert  into `ruangan`(`kdruangan`,`namaruangan`,`alamat`,`notelp`,`kdupt`,`statusaktif`,`lastupdate`,`idpengguna`) values ('2104190001','SD INPRES NO 105285 TANDAM HILIR I','Hamparan Perak','081397067582','UPT0002','1','2022-11-24 11:12:03','2002210001'),('2104190002','SD INPRES PALUH MAKNA','Hamparan Perak','081362039135','UPT0002','1','2023-07-17 14:05:05','2104190002'),('2104190003','SD N 101745 KLUMPANG KAMPUNG','Hamparan Perak','081370356549','UPT0002','1',NULL,NULL),('2104190004','SD N 101747 KLUMPANG','Hamparan Perak','081231115163','UPT0002','1',NULL,NULL),('2104190005','SD N 101763 KLUMPANG','Dusun V Gg. Setia Klumpang Kampung','081262521071','UPT0002','1','2022-01-03 10:08:32','2104190005'),('2104190006','SD N 104195 TANDAM HULU II','Jalan Tanjung Pura KM. 30 Tandam Hulu II','081376076016','UPT0002','1',NULL,NULL),('2104190007','SD N 104196 TANDEM HULU II','Jl. Psr IV Cina Tandam Hulu II Kec. Hamparann Perak','081370547452','UPT0002','1','2025-04-16 11:56:34','2104200002'),('2104190008','SD N 106153 KLAMBIR LIMA','Hamparan Perak','081268161590','UPT0002','1',NULL,NULL),('2104190009','SD N 106155 T HILIR I','Hamparan Perak','00','UPT0002','1',NULL,NULL),('2104190010','SD N 106796','Jl. Tegal Rejo, Desa Bulu Cina, Kec. Hamparan Perak','085206523210','UPT0002','1',NULL,NULL),('2104190011','SD N 106798 HAMPARAN PERAK','Hamparan Perak','00','UPT0002','1',NULL,NULL),('2104190012','SD N 106799','Jl. Padat Karya, Desa Paluh Manan, Kec. Hamparan Perak','081362125425','UPT0002','1',NULL,NULL),('2104190013','SD N 101748 KLUMPANG','Hamparan Perak','082382189682','UPT0002','1',NULL,NULL),('2104190014','SD N 101756','Jl. Mangga, Desa Tandam Hilir I, Kec. Hamparan Perak','081376410660','UPT0002','1',NULL,NULL),('2104190015','SD N 101762 PAYA BAKUNG','Hamparan Perak','00','UPT0002','1',NULL,NULL),('2104190016','SD N 104189 KOTA DATAR','Hamparan Perak','085275008737','UPT0002','1','2022-11-22 16:45:45','2104200015'),('2104190017','SD N 104190','Hamparan Perak','085362652502','UPT0002','1',NULL,NULL),('2104190018','SD N 104191 PALUH KURAU','Hamparan Perak','085361733592','UPT0002','1',NULL,NULL),('2104190019','SD N 104193','Jl. PASAR V TIMUR TANDAM HILIR II','085283208081','UPT0002','1','2025-01-12 20:59:42','2104200007'),('2104190020','SD N 104194 PALUH MANAN','Hamparan Perak','00','UPT0002','1',NULL,NULL),('2104190021','SD N 105278 TANDAM HILIR','Hamparan Perak','085296653093','UPT0002','1',NULL,NULL),('2104190022','SD N 105284 KOTA RANTANG','Desa Kota Rantang Kecamatan Hamparan Perak','081260358152','UPT0002','1','2022-08-26 09:46:51','2104200014'),('2104190023','SD N 105286','Hamparan Perak','00','UPT0002','1',NULL,NULL),('2104190024','SD N 106148','Dusun 16 Bambangan 2 Desa Bulu Cina Kecamatan Hamparan Perak Kab. Deli Serdang','085359744370','UPT0002','1',NULL,NULL),('2104190025','SD N 106150 TANDAM HULU I','Jl. Pasar I Tandam Hulu I, Kec. Hamparan Perak','0','UPT0002','1','2023-07-26 22:07:52','2104200044'),('2104190026','SD N 106800','Jl. Zainal Abidin Dusun II Hamparan Perak','085373213403','UPT0002','1',NULL,NULL),('2104190027','SD N 106801 BULU CINA','Hamparan Perak','081377428235','UPT0002','1','2022-05-19 10:17:15','2104200049'),('2104190028','SD N 101746','Hamparan Perak','081376499028','UPT0002','1','2022-11-16 10:57:55','2104200052'),('2104190029','SD N 104199 KOTA RANTANG','Hamparan Perak','085270203154','UPT0002','1','2022-12-23 17:52:32','2104200019'),('2104190030','SD N 101749','Hamparan Perak','00','UPT0002','1','2023-08-08 17:33:59','2104200020'),('2104190031','SD N 101751','Hamparan Perak','081397347997','UPT0002','1',NULL,NULL),('2104190032','SD N 101754','Jl. Emplasment Tandam Hulu I','083166829142','UPT0002','1',NULL,NULL),('2104190033','SD N 101759 TANDAM HILIR I','Jl. Terusan, Desa Tandam Hilir I, Kec. Hamparan Perak','081370982286','UPT0002','1',NULL,NULL),('2104190034','SD N 101761 BULU CINA','Hamparan Perak','','UPT0002','1',NULL,NULL),('2104190035','SD N 105277','Jl. Besar Hamparan Perak No. 63','082166357595','UPT0002','1',NULL,NULL),('2104190036','SD N 105279','Tandam Hilir II, Kecamatan Hamparan Perak','081383625637','UPT0002','1',NULL,NULL),('2104190037','SD N 105280 DESA LAMA','Desa Lama Dusun II Kec. Hamparan Perak','082167812581','UPT0002','1',NULL,NULL),('2104190038','SD N 106151 TANDAM HILIR I','Jl. Terusan Tandam Hilir I','082361171743','UPT0002','1',NULL,NULL),('2104190039','SD N 106152','Jl. Pasar III, Desa Tandam Hilir I, Kec. Hamparan Perak','085370717341','UPT0002','1',NULL,NULL),('2104190040','SD N 106154','Jln Perdamaian Dusun VI Desa Kota Rantang','081269317690','UPT0002','1',NULL,NULL),('2104190041','SD N 106443','Jln. Pahlawan Usman Umar Dusun IV, Sei Baharu','081263694824','UPT0002','1','2021-09-30 09:26:49','2104200031'),('2104190042','SD N 106792','JL.PASAR XIII  DESA LAMA , KECAMATAN HAMPARAN PERAK, KAB, DELI SERDANG ','08126349748','UPT0002','1',NULL,NULL),('2104190043','SD N 106794 PAYA BAKUNG','PASAR I DESA PAYA BAKUNG KEC.HAMPARAN PERAK','082167812581','UPT0002','1',NULL,NULL),('2104190044','SD N 106797 BULU CINA','Jl.Pasar 5 Desa Bulu Cina','085270965005','UPT0002','1','2021-10-16 09:35:59','2104200034'),('2104190045','SD N 101743 HAMPARAN PERAK','Jln. Besar Hamparan Perak','082387662832','UPT0002','1',NULL,NULL),('2104190046','SD N 101744 DESA KLAMBIR','','','UPT0002','1',NULL,NULL),('2104190047','SD N 101750 KLAMBIR LIMA','Jl. Besar Klambir Lima Kebun, Kec. Hamparan Perak. Kab. Deli Serdang ','081375872570','UPT0002','1',NULL,NULL),('2104190048','SD N 101755 T. HULU','Tandam Hulu I','081376889395','UPT0002','1',NULL,NULL),('2104190049','SD N 101757 TANDAM HILIR','Jl. Mangga, Desa Tandam Hilir I, Kec. Hamparan Perak','081376410660','UPT0002','1',NULL,NULL),('2104190050','SD N 101758','','','UPT0002','1',NULL,NULL),('2104190051','SD N 101760 BULU CINA','Jln. Emplasmen B,  Bulu Cina','081396930065','UPT0002','1','2023-07-30 14:27:48','2104200042'),('2104190052','SD N 104192','Jalan Pasar V Timur Desa Tandam Hilir II ','082164218597','UPT0002','1','2021-09-30 19:01:18','2104200043'),('2104190053','SD N 104197','Jl. PERINTIS KEMERDEKAAN NO.04 SIMPANG BERINGIN KECAMATAN HAMPARAN PERAK','082267355576','UPT0002','1',NULL,NULL),('2104190054','SD N 104198','Jl. Pasar I, Desa Paya Bakung, Kec. Hamparan Perak','081397823865','UPT0002','1',NULL,NULL),('2104190055','SD N 105276 KOTA DATAR','JL PROTOKOL DUSUN V DESA KOTA DATAR','08238343242','UPT0002','1',NULL,NULL),('2104190056','SD N 105283 KLAMBIR LIMA','Dusun II Klambir Lima Kampung','08126591641','UPT0002','1','2021-09-30 13:42:14','2104200053'),('2104190057','SD N 106149','Jl. Ampera, Desa Bulu Cina, Kec. Hamparan Perak','082166131800','UPT0002','1',NULL,NULL),('2104190058','SD N 106156 KLUMPANG','JL. Besar Klumpang Kec. Hamparan Perak','089644384055','UPT0002','1',NULL,NULL),('2104190059','SD N 106795','Tandam Hulu I','','UPT0002','1',NULL,NULL),('2104190060','SD N 101742 HAMPARAN PERAK','Hamparan Perak','082165334102','UPT0002','1',NULL,NULL),('2104190061','SD N 107394','DUSUN II DESA SIALANG MUDA KECAMATAN HAMPARAN PERAK KABUPATEN DELI SERDANG, SUMATERA UTARA','085830203658','UPT0002','1','2021-09-30 06:54:15','2104200054'),('2104190062','SD N 107395 KLAMBIR LIMA KAMPUNG','jl.Klambir Lima gg.temes','082166477743','UPT0002','1',NULL,NULL),('2104190063','SD N 101752 KLAMBIR LIMA','Jalan Klambir Lima  Dusun IX Gg, Pendidikan, Desa Klambir Lima Kebun, Kecamatan Hamparan Perak','081370719677','UPT0002','1','2023-03-14 21:51:08','2104200070'),('2104190064','SMP N 1 HAMPARAN PERAK','JALAN PRINGGAN KEBUN KLUMPANG DESA SELEMAK KECAMATAN HAMPARAN PERAK KABUPATEN DELI SERDANG PROVINSI SUMATERA UTARA KODE POS 20374','','UPT0002','1',NULL,NULL),('2104190065','SMP N 2 HAMPARAN PERAK','JL. KARYA BAKTI NO. 19 TANDAM HILIR II','','UPT0002','1',NULL,NULL),('2104190066','SMP N 3 HAMPARAN PERAK','','','UPT0002','1',NULL,NULL),('2104190067','SD N 101785','JL. MANGAAN VIII PASAR III MABAR ','','UPT0003','1',NULL,NULL),('2104190068','SD N 101786','JALAN BAMBU PASAR IV HELVETIA','','UPT0003','1',NULL,NULL),('2104190069','SD N 101787','Jl. Pendidikan Dusun VII Desa Pematang Johar ','081361702712','UPT0003','1','2023-11-28 09:41:34','2104200056'),('2104190070','SD N 104200','JL. BESAR KARANG GADING','','UPT0003','1',NULL,NULL),('2104190071','SD N 106157','Jalan Mandor Hasyim Desa Telaga Tujuh','','UPT0003','1',NULL,NULL),('2104190072','SD N 106158 PEMATANG JOHAR','JL. MESJID DUSUN X PEMATANG JOHAR','085361136178','UPT0003','1','2024-01-05 11:27:30','2104200060'),('2104190073','SD N 101784 MABAR','JALAN MANGAAN VIII  MABAR KECAMATAN LABUHAN DELI','','UPT0003','1',NULL,NULL),('2104190074','SD N 106805','JL VETERAN LR SUBUR  DUSUN II DESA MANUNGGAL','','UPT0003','1',NULL,NULL),('2104190075','SD N 105297','JALAN MESJID NO 1672 HELVETIA','','UPT0003','1','2025-01-03 20:42:52','2104200066'),('2104190076','SD N 106803','Dusun II Pasar Lalang Desa Pematang Johar','','UPT0003','1',NULL,NULL),('2104190077','SD N 106802 HELVETIA','JALAN BAMBU PASAR IV HELVETIA','','UPT0003','1',NULL,NULL),('2104190078','SMP N 2 LABUHAN DELI','JL. BESAR DESA KARANG GADING','081361057718','UPT0003','1','2022-09-03 09:54:13','2104200075'),('2104190079','SMP N 1 LABUHAN DELI','Jl. Veteran Pasar IV, Desa Helvetia, Kecamatan Labuhan Deli, Kabupaten Deli Serdang  Kode Pos :20373   ','08136192824','UPT0003','1','2022-02-07 12:07:10','2104200061'),('2104190080','SMP N 3 LABUHAN DELI SATU ATAP','JL. MANDOR HASYIM DESA TELAGA TUJUH','','UPT0003','1','2021-10-21 11:12:52','2104200063'),('2104190081','SD N 101775 SAMPALI','JL. IRIAN BARAT NO. 11 SAMPALI','082363633376','UPT0004','1','2021-10-05 07:48:32','2104200065'),('2104190082','SD N 104203 BANDAR KHALIPAH','Jl Puskesmas Psr 10 Bandar Khalipah','','UPT0004','1',NULL,NULL),('2104190083','SD N 101770','Jl. Balai Umum No. 20 Tembung','7385300','UPT0004','1',NULL,NULL),('2104190084','SD N 101764 BANDAR KLIPPA','','','UPT0004','1',NULL,NULL),('2104190085','SD N 101769 TEMBUNG','JL. BERINGIN PASAR 7 TEMBUNG','','UPT0004','1','2021-09-30 11:05:13','2104200074'),('2104190086','SD N 101772 TANJUNG SELAMAT','','','UPT0004','1',NULL,NULL),('2104190087','SD N 101780 PERCUT','Jl.Karya Apdn No.13 Cinta Rakyat','0','UPT0004','1',NULL,NULL),('2104190088','SD N 101783 SAENTIS','JL. Medan-Percut KM 15,5 Saentis ','','UPT0004','1','2022-01-18 11:27:58','2104200082'),('2104190089','SD N 104208 CINTA RAKYAT','JL. SUDIRMAN GANG DESA CINTA RAKYAT','082364843305','UPT0004','1','2022-01-06 12:35:09','2104200078'),('2104190090','SD N 104209 SAENTIS','JL. KE PERCUT KM 16 SAENTIS','0','UPT0004','1','2021-09-30 14:34:21','2104200081'),('2104190091','SD N 105287','Jln. Pendidikan Psr III Tembung','','UPT0004','1',NULL,NULL),('2104190092','SD N 105294 CINTA DAMAI','DUSUN V CINTA DAMAI KEC.PERCUT SEI TUAN KAB. DELI SERDANG','','UPT0004','1','2022-02-07 11:36:59','2104200085'),('2104190093','SD N 105295 PERCUT HULU','','','UPT0004','1',NULL,NULL),('2104190094','SD N 106161 LAUT DENDANG','Jl. Pasar IV Timur Medan Estate','','UPT0004','1',NULL,NULL),('2104190095','SD N 106806 CINTA RAKYAT','','','UPT0004','1',NULL,NULL),('2104190096','SD N 106814 TEMBUNG','','','UPT0004','1',NULL,NULL),('2104190097','SD N 107399 BANDAR KHALIPAH','JL. PENDIDIKAN PASAR XI DESA BANDAR KHALIPAH KECAMATAN PERCUT SEI TUAN KABUPATEN DELI SERDANG','082304648399','UPT0004','1','2022-01-26 10:10:28','2104200108'),('2104190098','SD N 107402 SAENTIS','JALAN MEDAN PERCUT KM 15,5 SAENTIS','081370719260','UPT0004','1',NULL,NULL),('2104190099','SD N 101765','JL. PENDIDIKAN, DESA BANDAR SETIA','081397126856','UPT0004','1','2023-07-15 18:12:13','2104200083'),('2104190100','SD N 101766 BANDAR SETIA','JL.TERUSAN BANDAR SETIA','081362462163','UPT0004','1',NULL,NULL),('2104190101','SD N 101767 TEMBUNG','JALAN BESAR TEMBUNG NO 05','082273461155','UPT0004','1',NULL,NULL),('2104190102','SD N 101768 TEMBUNG','Jalan Besar Tembung, Desa Tembung, Kecamatan Percut Sei Tuan','','UPT0004','1','2021-10-21 22:52:45','2104200092'),('2104190103','SD N 101771 TEMBUNG','Jalan Pasar III Tembung','','UPT0004','1',NULL,NULL),('2104190104','SD N 101773 DESA KOLAM','Jl. Mesjid Desa Kolam','085261500682','UPT0004','1','2023-11-16 16:56:13','2104200095'),('2104190105','SD N 101774 SAMPALI','','','UPT0004','1',NULL,NULL),('2104190106','SD N 101776 SAMPALI','','','UPT0004','1',NULL,NULL),('2104190107','SD N 101777 SAENTIS','JL.Medan-Percut Km.15.5','085270389300','UPT0004','1',NULL,NULL),('2104190108','SD N 101778 MEDAN ESTATE','JALAN MESJID','','UPT0004','1','2022-03-22 08:58:16','2104200101'),('2104190109','SD N 101779 PERCUT','JALAN MESJID PERCUT','081276463766','UPT0004','1','2023-01-13 12:41:29','2109040001'),('2104190110','SD N 101781 P. LALANG','Dusun II I Desa Pematang Lalang ','081366002007','UPT0004','1','2022-01-25 22:34:19','2109040002'),('2104190111','SD N 104201','','','UPT0004','1',NULL,NULL),('2104190112','SD N 104202 BANDAR SETIA','JL.TERUSAN DUSUN V BANDAR SETIA','','UPT0004','1','2021-11-01 15:35:04','2109040004'),('2104190113','SD N 104204 SAMBI REJO TIMUR','JALAN SEMPURNA/PENDIDIKAN PASAR VII TEMBUNG','','UPT0004','1','2021-09-30 10:01:48','2109150001'),('2104190114','SD N 104205 TEMBUNG','Jl. Besar Tembung Gg. Pande Besi','06173382082','UPT0004','1',NULL,NULL),('2104190115','SD N 104206','JL. Pendidikan 1 No.033 Sei Rotan','','UPT0004','1','2024-08-19 13:29:42','2110210001'),('2104190116','SD N 104207 CINTA DAMAI','DUSUN I CINTA DAMAI','','UPT0004','1','2023-07-12 07:42:08','2109280001'),('2104190117','SD N 104210 AMPLAS','Bangun Setia Dusun III Desa Amplas Kecamatan Percut Sei Tuan','081260544743','UPT0004','1','2023-01-10 15:35:29','2201070001'),('2104190118','SD N 104607 SEI ROTAN','','','UPT0004','1',NULL,NULL),('2104190119','SD N 105288 SEI ROTAN','Jl. Pendidikan II Sei Rotan Kec. Percut Sei Tuan Kab. Deli Serdang Prov. Sumatera Utara','0895342330076','UPT0004','1',NULL,NULL),('2104190120','SD N 105289','JL Rukun Desa Kolam','','UPT0004','1',NULL,NULL),('2104190121','SD N 105290 DESA KOLAM','Jalan Sukmo Desa Kolam','082367531523','UPT0004','1',NULL,NULL),('2104190122','SD N 105291 SAENTIS','','','UPT0004','1',NULL,NULL),('2104190123','SD N 105292','','','UPT0004','1',NULL,NULL),('2104190124','SD N 105293 MEDAN ESTATE','JL. MESJID MEDAN ESTATE','','UPT0004','1','2021-10-31 19:34:23','2104200107'),('2104190125','SD N 105296 PERCUT HILIR','DUSUN XVI DESA PERCUT','0','UPT0004','1','2021-09-29 16:29:40','2104200109'),('2104190126','SD N 106160 TANJUNG REJO','Jl. Lembaga Dusun VI No. 183 Tanjung Rejo','','UPT0004','1',NULL,NULL),('2104190127','SD N 106162 MEDAN ESTATE','JL. Pasar V Timur Medan Estate ','','UPT0004','1',NULL,NULL),('2104190128','SD N 106163 BANDAR KLIPPA','JL. PUSAKA PASAR X BANDAR KLIPPA','','UPT0004','1',NULL,NULL),('2104190129','SD N 106164 SAMBIREJO TIMUR','Jalan Pendiikan Makmur Desa Sambirejo Timur Kec Percut Sei Tuan','','UPT0004','1',NULL,NULL),('2104190130','SD N 106804 PERCUT','JALAN SIYUNG WANARA NO. 425 PERCUT','0','UPT0004','1',NULL,NULL),('2104190131','SD N 106808','','','UPT0004','1',NULL,NULL),('2104190132','SD N 106810 SAMPALI','JLN.DAMAR WULAN SAMPALI ','','UPT0004','1',NULL,NULL),('2104190133','SD N 106811 B. SETIA','JALAN TERUSAN DUSUN V BANDAR SETIA','081397962562','UPT0004','1',NULL,NULL),('2104190134','SD N 106812','JL.TARUNA SISWA NO.121 BANDAR KLIPPA','','UPT0004','1','2021-10-18 14:51:08','2104200122'),('2104190135','SD N 106813 AMPLAS','DUSUN I AMPLAS','','UPT0004','1',NULL,NULL),('2104190136','SD N 107396 PALUH MERBAU','','','UPT0004','1',NULL,NULL),('2104190137','SD N 107397 CINTA DAMAI','','','UPT0004','1',NULL,NULL),('2104190138','SD N 107398 SEI ROTAN','','','UPT0004','1',NULL,NULL),('2104190139','SD N 107400 BANDAR KHALIPAH','','','UPT0004','1',NULL,NULL),('2104190140','SD N 107401 PEMATANG LALANG','DUSUN I DESA PEMATANG LALANG','081396200827','UPT0004','1','2021-09-30 12:54:01','2104200119'),('2104190141','SD N 107403','Jalan Wates Dusun I Cinta Rakyat','081265159192','UPT0004','1','2024-08-20 11:38:23','2104200121'),('2104190142','SD N 107404','JLN. TIRTA KENCANA DESA SAMBIREJO TIMUR KEC. PERCUT SEI TUAN KAB. DELI SERDANG','081263428210','UPT0004','1',NULL,NULL),('2104190143','SD N 107405 SEI ROTAN','Jl. Pendidikan III Sei Rotan','','UPT0004','1','2025-01-09 16:35:11','2104200128'),('2104190144','SD N 108076 T. SELAMAT','JL.Baru Dusun VI Desa Tanjung Selamat','081122227519','UPT0004','1','2024-01-16 10:30:27','2104200129'),('2104190145','SD N 101782 TANJUNG REJO','JL. LEMBAGA DUSUN VI NO.183 TANJUNG REJO','081370863574','UPT0004','1',NULL,NULL),('2104190146','SD N 106809 KOLAM','Jl.PENDIDIKAN DESA KOLAM','','UPT0004','1',NULL,NULL),('2104190147','SMP N 1 PERCUT SEI TUAN','JALAN BESAR TEMBUNG','082163201007','UPT0004','1',NULL,NULL),('2104190148','SMP N 2 PERCUT SEI TUAN','Jl. Gambir Ps. VIII Tembung','','UPT0004','1',NULL,NULL),('2104190149','SMP N 3 PERCUT SEI TUAN','Jl. Mesjid Desa Percut','0616990463','UPT0004','1',NULL,NULL),('2104190150','SMP N 4 PERCUT SEI TUAN','Jl. Hamidin Haman No. 1A Desa Percut - Kec. Percut Sei Tuan','081273484217','UPT0004','1',NULL,NULL),('2104190151','SMP N 5 PERCUT SEI TUAN','Jalan Cucakrawa II No 03 Perumnas Mandala ','081397172449','UPT0004','1',NULL,NULL),('2104190152','SMP N 6 PERCUT SEI TUAN','JL. IRIAN BARAT NO.5 DESA SAMPALI ','082387244220','UPT0004','1',NULL,NULL),('2104190153','SMP N 7 PERCUT SEI TUAN','JL. Sidodadi Dusun XI Paluh Merbau Desa Tanjung Rejo','08221086298','UPT0004','1',NULL,NULL),('2104190154','SMP N 8 PERCUT SEI TUAN','DUSUN XII DESA SEI ROTAN','085270993463','UPT0004','1','2021-10-20 16:59:27','2104200149'),('2104190155','SD N 101730 KP LALANG','JL. SEI MENCIRIM KAMPUNG LALANG','085275521747','UPT0005','1',NULL,NULL),('2104190156','SD N 106789 TANJUNG GUSTA','JL LEMBAGA PEMASYARAKATAN ','085260974724','UPT0005','1','2021-10-01 00:35:57','2104200153'),('2104190157','SD N 106790 SEI MENCIRIM','JL. JOHAR SEI MENCIRIM','081260999806','UPT0005','1','2022-09-02 19:03:09','2104210031'),('2104190158','SD N 101729 KAMPUNG LALANG','Jalan Sei Mencirim, Kp.Lalang','082165928933','UPT0005','1',NULL,NULL),('2104190159','SD N 101731','Jl. Binjai Km 10, Gg. Damai','082174031268','UPT0005','1','2022-08-31 19:44:21','2104200134'),('2104190160','SD N 101732 KP LALANG','Jl. Sei Mencirim Kp. Lalang','','UPT0005','1','2021-12-02 05:29:02','2104200135'),('2104190161','SD N 101733 SEI SEMAYANG','JL. KONGSI NO. 1 HORAS UJUNG','085361340515','UPT0005','1',NULL,NULL),('2104190162','SD N 101735 SE SEMAYANG','JLN BINJAI KM 13,1 GG HORAS UJUNG SEI SEMAYANG','082370750935','UPT0005','1',NULL,NULL),('2104190163','SD N 101736','JL. SEI MENCIRIM DESA MEDAN KRIO','081376505320','UPT0005','1',NULL,NULL),('2104190164','SD N 101737 MULYO REJO','Jln. Pembangunan Gg. Pendidikan','081375004634','UPT0005','1',NULL,NULL),('2104190165','SD N 101738','JL. BINJAI KM 15','082161193455','UPT0005','1',NULL,NULL),('2104190166','SD N 101739 SEI MENCIRIM','Jl. Johar Sei Mencirim','085372687113','UPT0005','1',NULL,NULL),('2104190167','SD N 101741','JL.BINJAI KM.15 GG.PENDIDIKAN','081361177600','UPT0005','1',NULL,NULL),('2104190168','SD N 105265 SUKAMAJU','Dusun VI Purwojoyo Desa Sukamaju Kec. Sunggal','082361153356','UPT0005','1',NULL,NULL),('2104190169','SD N 105268','JL. Glugur diski desa telaga sari Pasar VIII','085361085583','UPT0005','1',NULL,NULL),('2104190170','SD N 105271 SERBAJADI','JL. MEDAN - BINJAI KM. 16,5 SERBAJADI','081397305101','UPT0005','1',NULL,NULL),('2104190171','SD N 105272 PURWODADI','JLN. SEKOLAH DUSUN V DESA PURWODADI','081396862929','UPT0005','1',NULL,NULL),('2104190172','SD N 106144 SEIMENCIRIM','PASAR I DUSUN IX SEI MENCIRIM','085262117111','UPT0005','1',NULL,NULL),('2104190173','SD N 106788 PURWODADI','Jl. Sekolah Dusun IV Desa Purwodadi','085805945640','UPT0005','1','2023-07-04 16:50:56','2104200157'),('2104190174','SD N 101740 TANJUNG SELAMAT','JL. Pendidikan No.2 Tanjung Selamat','081397696765','UPT0005','1',NULL,NULL),('2104190175','SD N 104181 SUNGGAL KANAN','Jl. Mesjid No.21 Sunggal Kanan','','UPT0005','1',NULL,NULL),('2104190176','SD N 104182 PAYA GELI','Jl. Sei Mencirim Dusun III Paya Geli','085297544445','UPT0005','1',NULL,NULL),('2104190177','SD N 104188 MEDAN KRIO','Jl. Sei Mencirim Medan Krio','','UPT0005','1',NULL,NULL),('2104190178','SD N 105274 TANJUNG GUSTA','Jalan Inpres No. 89 Blok Gading','081270585793','UPT0005','1','2022-05-18 11:01:59','2104200166'),('2104190179','SD N 106145 SERBAJADI','Jl. Paya Bakung, Dsn II Serbajadi','082273777778','UPT0005','1',NULL,NULL),('2104190180','SD N 106146 MULIOREJO','Jl. Binjai Km.13,5 / Jl. Setia Desa Muliorejo','081260479267','UPT0005','1',NULL,NULL),('2104190181','SD N 106449 PUJIMULIO','Jl. Kompos Gg. Pendidikan Pujimulio','081370583133','UPT0005','1',NULL,NULL),('2104190182','SD N 106785 SEI SEMAYANG','','','UPT0005','1',NULL,NULL),('2104190183','SD N 106786 SEI SEMAYANG','JLN. HORAS DSN XII LR KONGSI SEI SEMAYANG','0895618513447','UPT0005','1',NULL,NULL),('2104190184','SD N 106787 SUKAMAJU','Jl. Sukaramai Desa Sukamaju','085362810410','UPT0005','1',NULL,NULL),('2104190185','SD N 104185 SEI SEMAYANG','Dusun I Aman Damai','082272804402','UPT0005','1',NULL,NULL),('2104190186','SD N 104186 TANJUNG SELAMAT','JL Besar Tanjung Selamat','082286829351','UPT0005','1',NULL,NULL),('2104190187','SD N 104187 MULIOREJO','Jl. Pembangunan Gg. Pendidikan Ds. Muliorejo','081362438984','UPT0005','1',NULL,NULL),('2104190188','SD N 105267 SEI MENCIRIM','Jl. Johar Dusun IV Desa Sei Mencirim','08126325897','UPT0005','1',NULL,NULL),('2104190189','SD N 105269','Jl. Padi Unggul Dusun I Sei Beras Sekata, Kec. Sunggal Kab. Deli Serdang','081375885869','UPT0005','1',NULL,NULL),('2104190190','SD N 105270 PUJIMULIO','JL.KOMPOS Gg. PENDIDIKAN KM 12','081265801121','UPT0005','1','2024-01-11 09:35:23','2104200170'),('2104190191','SD N 105273','Jl.Mesjid Gg.Karya II Medan Helvetia','081265207040','UPT0005','1',NULL,NULL),('2104190192','SD N 105275 PAYA GELI','JL. MEDAN-BINJAI KM. 10,5 GG. DAMAI','082184273681','UPT0005','1',NULL,NULL),('2104190193','SD N 106143','Dusun VI Purwojoyo Desa Sukamaju Kec. Sunggal','081263699175','UPT0005','1',NULL,NULL),('2104190194','SD N 107393 SM. DISKI','Jl. Medan-Binjai KM.  15,2 Sumber Melati Diski','081265850125','UPT0005','1',NULL,NULL),('2104190195','SD N 107825 PUJIMULIO','JL. SENTOSA GG. SEKOLAH','082168603739','UPT0005','1','2023-12-31 10:58:15','2104200179'),('2104190196','SMP N 1 SUNGGAL','Jl. Binjai Km 15 Diski','0618825201','UPT0005','1','2022-12-17 22:21:15','2104200181'),('2104190197','SMP N 2 SUNGGAL','JALAN MEDAN-BINJAI KM. 12,5 DESA MULYOREJO KEC. SUNGGAL KAB. DELI SERDANG SUMATERA UTARA','0618465747','UPT0005','1',NULL,NULL),('2104190198','SMP N 3 SUNGGAL','','','UPT0005','1',NULL,NULL),('2104190199','SMP N 4 SATU ATAP SUNGGAL','Jalan Kongsi No. 1 Sei Semayang','0618448376','UPT0005','1',NULL,NULL),('2104190200','SD N 104231','Dusun II Desa Sugiharjo Kecamatan Batang Kuis','082161442252','UPT0006','1','2022-01-11 10:43:02','2104200183'),('2104190201','SD N 101865 BATANG KUIS','Jalan Ampera Bintang Meriah Kecamatan Batang Kuis ','081361643399','UPT0006','1',NULL,NULL),('2104190202','SD N 101867 PAYA GAMBAR','Jln Pancasila Dusun IV Desa Paya Gambar','081376069185','UPT0006','1',NULL,NULL),('2104190203','SD N 101869 DESA SENA','Jl. Batang Kuis - Tanjung Morawa Gg. SD II Desa Sena Kecamatan Batang Kuis Kabupaten Deli Serdang','082161981378','UPT0006','1',NULL,NULL),('2104190204','SD N 101870 DESA SENA','JL. SULTAN SERDANG SIMPANG DALU X-B DESA SENA','081375082521','UPT0006','1',NULL,NULL),('2104190205','SD N 101871 SIDODADI','Jalan Sei Tuan Pasar V','','UPT0006','1',NULL,NULL),('2104190206','SD N 101873 DESA BARU','Jl. Batang Kuis-Lubuk Pakam Dusun II Desa Baru Kecamtan Batang Kuis','085277247742','UPT0006','1',NULL,NULL),('2104190207','SD N 104230 TANJUNG SARI','Dusun IV Gg. Baru Desa Tanjung Sari Kecamatan Batang Kuis','085270334518','UPT0006','1','2022-01-18 09:08:45','2104200200'),('2104190208','SD N 105323','Jl. Utomo, Desa Bakaran Batu, Kecamatan Batang Kuis, Kabupaten Deli Serdang, Provinsi Sumatera Utara','081377237046','UPT0006','1',NULL,NULL),('2104190209','SD N 106178 DESA BARU','','','UPT0006','1',NULL,NULL),('2104190210','SD N 106826 SIDODADI','Jl. Sei Tuan Gg. pendidikan Desa Sidodadi','081396144779','UPT0006','1',NULL,NULL),('2104190211','SD N 107415 TANJUNG SARI','DUSUN IV GG. GEMBIRA DESA TANJUNG SARI','082228654825','UPT0006','1','2022-09-13 19:04:12','2104200192'),('2104190212','SD N 105322 DESA MESJID','JL.UTAMA DESA MESJID DUSUN III','082361656077','UPT0006','1',NULL,NULL),('2104190213','SD N 101866 BATANG KUIS PEKAN','Jl. Pancasila No. 24 Batang Kuis Pekan Kecamatan Batang Kuis','081376509571','UPT0006','1','2022-01-17 21:36:45','2104200196'),('2104190214','SD N 101868 DESA SENA','Jl. Batang Kuis Tanjung Morawa Dusun IX Desa Sena Kecamatan Batang Kuis','081260065969','UPT0006','1','2022-01-11 21:37:02','2104200197'),('2104190215','SD N 101874','JL.Sedar Dusun V Desa Tumpaatan Nibung Kecamatan Batang Kuis','081375242344','UPT0006','1','2022-01-18 08:38:46','2104200198'),('2104190216','SD N 101875 BINTANG MERIAH','JALAN AMPERA DESA BINTANG MERIAH KECAMATAN BATANG KUIS','','UPT0006','1','2022-01-17 20:34:51','2104200199'),('2104190217','SD N 105321','JL.PRINGGAN DUSUN III TUMPATAN NIBUNG','081361117064','UPT0006','1',NULL,NULL),('2104190218','SD N 106825 BATANG KUIS','Jl. Pancasila no. 24 Batang Kuis Pekan','082360954670','UPT0006','1',NULL,NULL),('2104190219','SD N 107416','DESA SUGIHARJO DSN V SUGIHARJO  BATANG KUIS','082360963927','UPT0006','1','2022-01-21 14:50:08','2104200204'),('2104190220','SMP N 1 BATANG KUIS','Jalan Desa Baru Dusun II - Batang Kuis\r\nBatang Kuis, Kab. Deli Serdang\r\nsumatera Utara 20372','081361190725','UPT0006','1',NULL,NULL),('2104190221','SMP N 2 BATANG KUIS SATU ATAP','JALAN MESJID DUSUN II KECAMATAN BATANG KUIS KABUPATEN DELI SERDANG','08126089013','UPT0006','1','2025-01-17 08:45:39','2104200210'),('2104190222','SD N 101878','JALAN SULTAN SERDANG DUSUN X DESA BUNTU BEDIMBAR KEC. TANJUNG MORAWA KAB. DELI SERDANG','','UPT0007','1',NULL,NULL),('2104190223','SD N 101876','','','UPT0007','1',NULL,NULL),('2104190224','SD N 101880','Jln. Sultan Serdang No. 07 Desa Buntu Bedimbar','082216172504','UPT0007','1','2021-09-29 19:06:44','2104200217'),('2104190225','SD N 101881 PASAR 8','Jln. Sultan Serdang Dusun IV Desa Buntu Bedimbar','081375299170','UPT0007','1','2024-08-26 16:21:17','2104200218'),('2104190226','SD N 101887 BANGUN SARI','','','UPT0007','1',NULL,NULL),('2104190227','SD N 101890 DALU SEPULUH A','','','UPT0007','1',NULL,NULL),('2104190228','SD N 101893 BANGUN REJO','Jalan Limau Mungkur Dusun II Desa Bangun Rejo','081362403416','UPT0007','1',NULL,NULL),('2104190229','SD N 101894','Jln Sultan Serdang Gg Sumber Desa Bangun Sari Baru','081269566968','UPT0007','1',NULL,NULL),('2104190230','SD N 101896 KIRI HULU','JL. BANDAR LABUHAN NO. 14 DUSUN II DESA DAGANG KERAWAN KECAMATAN TANJUNG MORAWA KABUPATEN DELI SERDANG','06180043175','UPT0007','1',NULL,NULL),('2104190231','SD N 104233 BANDAR LABUHAN','','','UPT0007','1',NULL,NULL),('2104190232','SD N 104236 DALU SEPULUH A','','','UPT0007','1',NULL,NULL),('2104190233','SD N 104237 DALU SEPULUH B','Jl Gelatik Dusun VII Gg Inpres','081396252041','UPT0007','1',NULL,NULL),('2104190234','SD N 104238 TELAGA SARI','','','UPT0007','1',NULL,NULL),('2104190235','SD N 104239 LENGAU SPRANG','Jalan Pembangunan Dusun III Desa Lengau Seprang','','UPT0007','1',NULL,NULL),('2104190236','SD N 104240 WONOSARI','','','UPT0007','1',NULL,NULL),('2104190237','SD N 105327 PERDAMEAN','','','UPT0007','1',NULL,NULL),('2104190238','SD N 105329 WONOSARI','','','UPT0007','1',NULL,NULL),('2104190239','SD N 105330 BANGUN SARI','','','UPT0007','1',NULL,NULL),('2104190240','SD N 105332 SEI BLUMAI','','','UPT0007','1',NULL,NULL),('2104190241','SD N 105333 SEI MERAH','','','UPT0007','1',NULL,NULL),('2104190242','SD N 105334 PENARA KEBUN','','','UPT0007','1',NULL,NULL),('2104190243','SD N 105335 KEBUN SAYUR','Jl. Karya Dharma Dusun III Tanjung Morawa B Kec. Tanjung Morawa','','UPT0007','1','2024-06-15 22:12:17','2104200230'),('2104190244','SD N 106179 LIMAU MANIS','','','UPT0007','1',NULL,NULL),('2104190245','SD N 106834 WONOSARI','Dusun XVI Desa Wonosari Kec. Tanjung Morawa','082165836628','UPT0007','1',NULL,NULL),('2104190246','SD N 106836 LIMAU MANIS','','','UPT0007','1',NULL,NULL),('2104190247','SD N 101879 BUNTU BEDIMBAR','','','UPT0007','1',NULL,NULL),('2104190248','SD N 101883','Jln Pasar XIII Desa Limau Manis','081396213512','UPT0007','1',NULL,NULL),('2104190249','SD N 101895 BANGUN SARI','','','UPT0007','1',NULL,NULL),('2104190250','SD N 105331 PUNDEN REJO','','','UPT0007','1',NULL,NULL),('2104190251','SD N 106835 LIMAU MANIS','','','UPT0007','1',NULL,NULL),('2104190252','SD N 108307','JL. SULTAN SERDANG PSR VIII B. BEDIMBAR','','UPT0007','1',NULL,NULL),('2104190253','SD N INPRES 9596 BANGUN REJO','JLN LIMAU MUNGKUR DESA BANGUN REJO DUSUN V','085274753880','UPT0007','1',NULL,NULL),('2104190254','SD N 101862 DOLOK RAGA','','','UPT0007','1',NULL,NULL),('2104190255','SD N 101877 TANJUNG MORAWA','Jalan Irian Gg Pembangunan Tanjung morawa Pekan','085270496725','UPT0007','1',NULL,NULL),('2104190256','SD N 101882 PASAR VIII','','','UPT0007','1',NULL,NULL),('2104190257','SD N 101884','','','UPT0007','1',NULL,NULL),('2104190258','SD N 101885 KIRI HILIR','Jl. Pasar 7 Dusun V Desa Wonosari','','UPT0007','1',NULL,NULL),('2104190259','SD N 101886 KIRI HILIR','','','UPT0007','1',NULL,NULL),('2104190260','SD N 101888','','','UPT0007','1',NULL,NULL),('2104190261','SD N 101891 SIMPANG PENARA','','','UPT0007','1',NULL,NULL),('2104190262','SD N 104232 TANJUNG MORAWA','','','UPT0007','1',NULL,NULL),('2104190263','SD N 104234 MEDAN SENEMBAH','JALAN PASAR XV MEDAN SENEMBAH','','UPT0007','1','2021-10-23 11:13:42','2104210005'),('2104190264','SD N 104235 NAGA TIMBUL','NAGA TIMBUL DUSUN III','085359477036','UPT0007','1','2023-03-11 08:31:20','2104210006'),('2104190265','SD N 105324 UJUNG SERDANG','','','UPT0007','1',NULL,NULL),('2104190266','SD N 105325 DALU SEPULUH A','','','UPT0007','1',NULL,NULL),('2104190267','SD N 105326 BANGUN REJO','','','UPT0007','1',NULL,NULL),('2104190268','SD N 105328 DAGANG KERAWAN','JL BANDAR LABUHAN DESA DAGANG KERAWAN KECAMATAN TANJUNG MORAWA','','UPT0007','1','2022-01-06 10:56:53','2104210010'),('2104190269','SD N 105855 PTPN II','Jl. Sultan Serdang Komplek PTPN II Tanjung Morawa','','UPT0007','1','2021-09-29 10:56:35','2109040008'),('2104190270','SD N 106180 TANJUNG BARU','JL. BAKARAN BATU DUSUN II TANJUNG BARU','','UPT0007','1',NULL,NULL),('2104190271','SD N 106833 DESA WONOSARI','','','UPT0007','1',NULL,NULL),('2104190272','SD N 107418 BANGUN SARI BARU','JL HARAPAN DESA BANGUN SARI BARU','','UPT0007','1',NULL,NULL),('2104190273','SD N 101897 KIRI HULU','','','UPT0007','1',NULL,NULL),('2104190274','SD N 107417 SEI MERAH','','','UPT0007','1',NULL,NULL),('2104190275','SMP N 1 TANJUNG MORAWA','Jalan Sei Merah Tanjung Morawa','081279495690','UPT0007','1',NULL,NULL),('2104190276','SMP N 2 TANJUNG MORAWA','Jalan Sekolah Desa Medan Senembah','082166666296','UPT0007','1',NULL,NULL),('2104190277','SMP N 3 TANJUNG MORAWA','Jl. SMP Negeri 3 No. 035 Dusun IX Desa Wonosari Kecamatan Tanjung Morawa Kabupaten Deli Serdang','081376804100','UPT0007','1',NULL,NULL),('2104190278','SMP N 4 TANJUNG MORAWA','','','UPT0007','1',NULL,NULL),('2104190279','SMP N 5 TANJUNG MORAWA SATU ATAP','Jl. PASAR I SEI MERAH','081534007422','UPT0007','1','2022-01-13 17:16:12','2104210020'),('2104190280','SD N 101906','Jalan Pematang Siantar ','081375402661','UPT0008','1',NULL,NULL),('2104190281','SD N 108306 TANJUNG GARBUS','JL.TIRTA DELI  DESA TANJUNG GARBUS I KEC.LUBUK PAKAM','085362334744','UPT0008','1',NULL,NULL),('2104190282','SD N 101898 LUBUK PAKAM','JALAN DIPONEGORO 1,LUBUK PAKAM','081370532900','UPT0008','1',NULL,NULL),('2104190283','SD N 101899 LUBUK PAKAM','JL. RA. KARTINI NO. 2D LUBUK PAKAM','082363225755','UPT0008','1',NULL,NULL),('2104190284','SD N 101900 LUBUK PAKAM','Jl. Diponegoro No 84 Lubuk Pakam','085372763963','UPT0008','1',NULL,NULL),('2104190285','SD N 101903 BAKARAN BATU','Jalan Cempaka Desa Bakaran Batu Kec. Lubuk Pakam','081361563430','UPT0008','1','2021-09-30 00:09:07','2104210026'),('2104190286','SD N 101904 PASAR MELINTANG','PASAR MELINTANG','081397587284','UPT0008','1',NULL,NULL),('2104190287','SD N 101907 PAGAR JATI','Jalan Pematang Siantar Pagar Jati','082261238919','UPT0008','1',NULL,NULL),('2104190288','SD N 101908 TANJUNG GARBUS','JL. PTPN 2 TANJUNG GARBUS','085760947091','UPT0008','1',NULL,NULL),('2104190289','SD N 104242 LUBUK PAKAM','Jln Sudirman Gang Inpres No.10 Lubuk Pakam','081361362652','UPT0008','1',NULL,NULL),('2104190290','SD N 104243 LUBUK PAKAM','Jalan Setia Budi Gang Inpres kec.Lubuk Pakam','081370934073','UPT0008','1','2021-10-23 10:34:49','2104210033'),('2104190291','SD N 104257 SEKIP','JLN. PEMBANGUNAN II SEKIP','085297851411','UPT0008','1','2022-09-01 12:18:46','2104210034'),('2104190292','SD N 105349 PALUH KEMIRI','Jln. Ahmad Yani Gg Inpres Kel. Paluh Kemiri Kec. Lubuk Pakam','081534268942','UPT0008','1',NULL,NULL),('2104190293','SD N 105356 LUBUK PAKAM','Jalan Kartini Lubuk Pakam','082162247323','UPT0008','1',NULL,NULL),('2104190294','SD N 105357 CEMARA','Jalan Galang Desa Pagar Merbau III','082163280601','UPT0008','1',NULL,NULL),('2104190295','SD N 106184','JLN. Pantai Labu - Jln Bakti I GG Tali Air Kiri Sekip','082274586010','UPT0008','1',NULL,NULL),('2104190296','SD N 106831 BAKARAN BATU','Jl. Cempaka No.1 Bakaran Batu Kec. Lubuk Pakam','082274957977','UPT0008','1',NULL,NULL),('2104190297','SD N 107421 PASAR MELINTANG','Pasar Melintang','081376513969','UPT0008','1','2024-08-17 17:53:43','2104210040'),('2104190298','SD N 107422 PAGAR JATI','JALAN PEMATANG SIANTAR DESA PAGAR JATI','082166390162','UPT0008','1',NULL,NULL),('2104190299','SD N 107955 LUBUK PAKAM','JALAN KARTINI LUBUK PAKAM','081260056303','UPT0008','1','2024-12-22 08:11:27','2109070001'),('2104190300','SD N 107982 LUBUK PAKAM','Jl. Kartini No 02E Lubuk Pakam','082274300449','UPT0008','1',NULL,NULL),('2104190301','SD N 101901 LUBUK PAKAM','JALAN KARTINI LUBUK PAKAM','085276969600','UPT0008','1',NULL,NULL),('2104190302','SD N 101902','Jln. Pantai Labu Desa Sekip','081351199095','UPT0008','1',NULL,NULL),('2104190303','SD N 101905 PASAR MELINTANG','JL PASAR MELINTANG DUSUN IX','085260475163','UPT0008','1',NULL,NULL),('2104190304','SD N 101914 KAMPUNG BARU','JLN. GALANG KM.3','085270930707','UPT0008','1',NULL,NULL),('2104190305','SD N 101927 SEKIP','Jln. Setia Budi Desa Sekip Kecamatan Lubuk Pakam','082274185338','UPT0008','1',NULL,NULL),('2104190306','SD N 104241 SYAHMAD','GG. Katu Jl. Kramat Kel. Syahmad Kec. Lubuk Pakam','082304712071','UPT0008','1',NULL,NULL),('2104190307','SD N 105351 BAKARAN BATU','Jalan Antara','082167600383','UPT0008','1',NULL,NULL),('2104190308','SD N 105358 SEKIP','JLN. BAKTI 1, SEKIP','081336238093','UPT0008','1',NULL,NULL),('2104190309','SD N 108384 LUBUK PAKAM','Jl. Diponegoro Lubuk Pakam','085362825663','UPT0008','1',NULL,NULL),('2104190310','SD N 104244 JATI SARI','Jalan Inpres Desa Jati Sari','081361912137','UPT0008','1',NULL,NULL),('2104190311','SMP N 1 LUBUK PAKAM','Jalan Kartini No. 04 Lubuk Pakam','085361088455','UPT0008','1',NULL,NULL),('2104190312','SMP N 2 LUBUK PAKAM','JL.Galang Kel. Syahmad','082279963858','UPT0008','1',NULL,NULL),('2104190313','SMP N 3 LUBUK PAKAM','JL. DR. SETIA BUDI GANG SUNDA LUBUK PAKAM','082160320521','UPT0008','1',NULL,NULL),('2104190314','SMP N 4 LUBUK PAKAM','Jalan Pantai Labu Desa Sekip Kecamatan Lubuk Pakam Kabupaten Deli Serdang Propinsi Sumatera Utara','082167665251','UPT0008','1',NULL,NULL),('2104190315','SD N 101923 RAMUNIA','','','UPT0009','1',NULL,NULL),('2104190316','SD N 104245 TUMPATAN','','','UPT0009','1',NULL,NULL),('2104190317','SD N 101918 KUALA NAMU','','','UPT0009','1',NULL,NULL),('2104190318','SD N 104248 BERINGIN','Jalan Pantai Labu Kecamatan Beringin','081268531128','UPT0009','1','2022-01-14 11:03:49','2104210061'),('2104190319','SD N 105345 SIDODADI RAMUNIA','','','UPT0009','1',NULL,NULL),('2104190320','SD N 106182 PASAR V KEBUN KELAPA','','','UPT0009','1',NULL,NULL),('2104190321','SD N 106830 SIDODADI RAMUNIA','Jalan Demi Masa','','UPT0009','1','2022-11-18 08:48:49','2104210064'),('2104190322','SD N 101917 ARAS KABU','Desa Serdang','08361377417','UPT0009','1',NULL,NULL),('2104190323','SD N 104251 KARANG ANYAR','','','UPT0009','1',NULL,NULL),('2104190324','SD N 105346 ARAS KABU','Dusun Amal Desa Aras Kabu','082277827500','UPT0009','1','2022-08-22 15:00:44','2109130001'),('2104190325','SD N 106183 KARANG ANYAR','','','UPT0009','1',NULL,NULL),('2104190326','SD N 106829 BERINGIN','Jln.Dusun Cempaka Kec.Beringin','081370085687','UPT0009','1',NULL,NULL),('2104190327','SD N 101916 ARASKABU','','','UPT0009','1',NULL,NULL),('2104190328','SD N 101919 KUALA NAMU','','','UPT0009','1',NULL,NULL),('2104190329','SD N 101921 BERINGIN','Jln. Besar Karang Anyar Kecamatan Beringin','081265535440','UPT0009','1',NULL,NULL),('2104190330','SD N 101922 BERINGIN','DUSUN MAWAR BERINGIN','082361668188','UPT0009','1','2021-12-27 01:54:26','2104210071'),('2104190331','SD N 101924 RAMUNIA','Sidoarjo II Ramunia Kecamatan Beringin','085260087738','UPT0009','1','2024-12-25 21:43:19','2104210072'),('2104190332','SD N 101926','','','UPT0009','1',NULL,NULL),('2104190333','SD N 105348','Dusun Amal Bakti Desa Pasar V Kebun Kelapa','','UPT0009','1','2021-12-26 08:22:24','2104210074'),('2104190334','SD N 107419 SERDANG','','','UPT0009','1',NULL,NULL),('2104190335','SD N 104254 SIDODADI RAMUNIA',' Dusun Madiun B Desa Sidodadi Ramunia Kec. Beringin','','UPT0009','1','2024-01-09 20:02:25','2104210076'),('2104190336','SD N 101915 ARAS KABU','Dusun Amal Desa Aras Kabu Kecamatan Beringin','081265336979','UPT0009','1',NULL,NULL),('2104190337','SD N 105347 SIDOURIP','','','UPT0009','1',NULL,NULL),('2104190338','SMP N 1 BERINGIN','JL. PANTAI LABU DUSUN MAWAR DESA EMPLASMEN KWALA NAMU KEC. BERINGIN','082165353365','UPT0009','1',NULL,NULL),('2104190339','SMP N 2 BERINGIN SATU ATAP','','','UPT0009','1',NULL,NULL),('2104190340','SD N 101925 PANTAI LABU','Jl. Perintis Kemerdekaan Dusun II Desa Pantai Labu Pekan Kec. Pantai Labu','081375113146','UPT0010','1','2022-08-18 19:41:32','2104210081'),('2104190341','SD N 104255','PALUH SIBAJI','081315519608','UPT0010','1','2021-09-30 11:06:58','2104210082'),('2104190342','SD N 104258 PEMATANG BIARA','DUSUN I DESA PEMATANG BIARA','085270605679','UPT0010','1','2021-09-30 11:06:41','2104210083'),('2104190343','SD N 105336 RANTAU PANJANG','Dusun 3 Desa Kelambir','085668001013','UPT0010','1','2021-09-30 11:07:53','2104210084'),('2104190344','SD N 105338 DENAI KUALA','Dusun I Desa Denai Kuala','083199635247','UPT0010','1','2021-09-30 11:07:17','2104210085'),('2104190345','SD N 105343 RAMUNIA III','Jln Pantai Labu Gang Besi Timur Ramunia I/II','085361638191','UPT0010','1','2021-09-30 11:06:32','2104210086'),('2104190346','SD N 106186 KUBAH SENTANG','Dusun I Desa Kubah Sentang Kecamatan Pantai Labu','082170607547','UPT0010','1','2021-09-30 11:07:13','2104210087'),('2104190347','SD N 106448 BAGAN SERDANG','DUSUN DUA BAGAN SERDANG','085830493490','UPT0010','1','2021-09-30 11:08:40','2104210088'),('2104190348','SD N 101928 RANTAU PANJANG','Jl. Besar Rantau Panjang No. 3 Kecamatan Pantai Labu','081263201109','UPT0010','1','2021-09-30 11:06:43','2104210089'),('2104190349','SD N 105339','Dusun II Desa Binjai Bakung','081220481527','UPT0010','1','2024-03-27 15:11:54','9999999999'),('2104190350','SD N 105342 DURIAN','DUSUN VII DESA DURIAN KEC. PANTAI LABU','','UPT0010','1','2021-09-30 10:13:19','2104210091'),('2104190351','SD N 106447 DESA DURIAN','DUSUN IV DESA DURIAN ','083129507874','UPT0010','1','2024-01-19 09:36:02','2104210092'),('2104190352','SD N 106827 DESA DURIAN','Dusun V A Desa Durian','082364333128','UPT0010','1','2021-09-30 11:08:57','2104210093'),('2104190353','SD N 104252 SEI TUAN','DUSUN I DESA SEI TUAN KECAMATAN PANTAI LABU','081375351987','UPT0010','1','2023-07-13 19:44:09','2104210094'),('2104190354','SD N 105341 DESA DURIAN','Dusun III Desa Durian Kecamatan Pantai Labu','085261493685','UPT0010','1','2022-05-18 20:26:01','2104210095'),('2104190355','SD N 105344 DENAI LAMA','JL. INPRES DUSUN III DESA DENAI LAMA','081397061438','UPT0010','1',NULL,NULL),('2104190356','SD N 107420 DESA TENGAH','JALAN UTAMA DUSUN I DESA TENGAH ','085270915252','UPT0010','1','2021-09-30 11:06:50','2104210097'),('2104190357','SD N 104250','Dusun Anggrek Perk. Ramunia Kec. Pantai Labu','085359164953','UPT0010','1','2021-09-30 11:07:13','2104210098'),('2104190358','SD N 105340 DENAI SARANG BURUNG','Jln.Harapan Dusun IV Desa Denai sarang Burung','082273792905','UPT0010','1','2021-09-30 11:07:12','2104210099'),('2104190359','SD N 104256 RUGEMUK','Jl. Rantau Panjang Dusun II Rugemuk Kecamatan Pantai Labu','082165100111','UPT0010','1',NULL,NULL),('2104190360','SD N 105337 PANTAI LABU PEKAN','Jl. Perintis Kemerdekaan Desa Pantai Labu Pekan Kec. Pantai Labu','081362104200','UPT0010','1',NULL,NULL),('2104190361','SMP N 1 PANTAI LABU','Jl. Besar Rantau Panjang Desa Kelambir ','081534430278','UPT0010','1',NULL,NULL),('2104190362','SMP N 2 PANTAI LABU','','','UPT0010','1',NULL,NULL),('2104190363','SMP N 3 PANTAI LABU','Jalan Pantai Labu - Batang Kuis Dusun I Desa Sei Tuan Kec. Pantai Labu Kab. Deli Serdang - Sumatera Uatara','085275984139','UPT0010','1','2021-09-29 11:09:28','2104210104'),('2104190364','SMP N 4 PANTAI LABU SATU ATAP','Jln Harapan Dusun IV Desa Denai Sarang Burung','','UPT0010','1','2022-11-28 10:37:11','2109300001'),('2104190365','SD N 101793 PATUMBAK','JL. Pertahanan Ujung Patumbak II','','UPT0011','1',NULL,NULL),('2104190366','SD N 107103 LANTASAN BARU','Jl. Gunung Rintih GG. Inpres No. 62','','UPT0011','1',NULL,NULL),('2104190367','SD N 101788 MARINDAL','JL.PTPN II PASAR VII MARINDAL I KEC. PATUMBAK','','UPT0011','1',NULL,NULL),('2104190368','SD N 101789','Jl PTP II Nusantara Pasar VII Marindal I, Kecamatan Patumbak','','UPT0011','1',NULL,NULL),('2104190369','SD N 101791 PATUMBAK KAMPUNG','Jl. Pertahanan Patumbak','','UPT0011','1',NULL,NULL),('2104190370','SD N 101794 PATUMBAK I','Jl. Pertahanan Ujung Patumbak I','','UPT0011','1',NULL,NULL),('2104190371','SD N 104212 MARINDAL II','Jl. Balai Desa Marindal II','0','UPT0011','1',NULL,NULL),('2104190372','SD N 105298 PATUMBAK','Jl. Pertahanan Gg Inpress Patumbak Kampung','','UPT0011','1',NULL,NULL),('2104190373','SD N 105299','Jl. Pelajar  Gang Impress Pasar III Marindal I','','UPT0011','1','2022-11-02 08:32:54','2104210114'),('2104190374','SD N 106165 MARINDAL I','JL. PTP IX PASAR VII MARINDAL I','','UPT0011','1',NULL,NULL),('2104190375','SD N 106166 MARINDAL II','JL. BALAI DESA PASAR XII MARINDAL II KECAMATAN PATUMBAK KABUPATEN DELI SERDANG','','UPT0011','1',NULL,NULL),('2104190376','SD N 106167 LANTASAN BARU','Patumbak Dusun I Desa Lantasan Baru','','UPT0011','1',NULL,NULL),('2104190377','SD N 106815','JL. PTPN II MARINDAL I PSR. V KEC. PATUMBAK ','','UPT0011','1',NULL,NULL),('2104190378','SD N 101790 MARINDAL II','Jalan Balai Desa Pasar XII Marindal II Kecamatan Patumbak Kabupaten Deli Serdang','','UPT0011','1',NULL,NULL),('2104190379','SD N 106816 MARINDAL II','Pasar IV,Dusun VI Desa marindal II','','UPT0011','1',NULL,NULL),('2104190380','SD N 104211','Jl, PTPN II MARINDAL I','','UPT0011','1',NULL,NULL),('2104190381','SD N 101796 PATUMBAK KAMPUNG','Jln Pertahanan Patumbak','','UPT0011','1',NULL,NULL),('2104190382','SMP N 1 PATUMBAK','Jalan Perjuangan Ii  no 112 Desa Sigara gara kec. Patumbak','082368018885','UPT0011','1','2024-08-20 18:44:55','2104210123'),('2104190383','SMP N 2 SATU ATAP PATUMBAK','Jalan  Pertahanan Ujung Patumbak II ','081260593875','UPT0011','1','2023-07-24 09:42:38','2104210124'),('2104190384','SD N 101807 CANDIREJO','Jln. Pasar VI Desa; Candirejo Kec. Biru - Biru','081269944565','UPT0012','1',NULL,NULL),('2104190385','SD N 101808 CANDIREJO','Pasar VIII Desa Candirejo kec.Biru-Biru','082168551327','UPT0012','1',NULL,NULL),('2104190386','SD N 101812 NAMOTUALANG','Dusun IV Simpang Namo Pinang','081264520398','UPT0012','1',NULL,NULL),('2104190387','SD N 101813 KUALA DEKAH','DUSUN I BULUH GADING ','082245233384','UPT0012','1',NULL,NULL),('2104190388','SD N 101814 PERIA-RIA','Jl.Delitua-Penen Km.36,5 Desa Periaria, Kecamatan Biru Biru, Kabupaten Deli Serdang','081260398536','UPT0012','1',NULL,NULL),('2104190389','SD N 104217 SIDOMULYO','Pasar 1 Sidomulyo','082277633014','UPT0012','1','2022-06-23 14:41:59','2104210130'),('2104190390','SD N 105303 RUMAH GERAT','DESA RUMAH GERAT ','','UPT0012','1','2024-08-19 21:56:51','2104210131'),('2104190391','SD N 105305 MARDINDING JULU','Desa Mardinding Julu','085267712699','UPT0012','1',NULL,NULL),('2104190392','SD N 106169 KUTOMULYO','DESA KUTOMULYO KECAMATAN BIRU-BIRU','081376217171','UPT0012','1',NULL,NULL),('2104190393','SD N 106817 SIDODADI','Dusun II Mulya','','UPT0012','1','2021-10-24 23:25:17','2104210134'),('2104190394','SD N 101815 SIDODADI','Desa Sidodadi','082160524647','UPT0012','1',NULL,NULL),('2104190395','SD N 105304 SARILABA JAHE','Dusun I Sarilaba Jahe','081370325316','UPT0012','1','2024-08-20 12:36:20','2104210136'),('2104190396','SD N 106170 AJIBAHO','JL.PATUMBAK DESA AJIBAHO','085297732202','UPT0012','1',NULL,NULL),('2104190397','SD N 101809 AJIBAHO','Simpang Ajibaho, Desa Ajibaho Kecamatan Biru Biru\r\nKabupaten Deli Serdang','','UPT0012','1','2021-10-19 11:27:05','2104210138'),('2104190398','SD N 101811 SIBIRU-BIRU','DESA BIRU-BIRU ','085262978402','UPT0012','1','2023-07-21 06:26:42','2104210139'),('2104190399','SD N 104218','DUSUN I SIDOMULYO A ','085262978402','UPT0012','1',NULL,NULL),('2104190400','SD N 101810 BIRU-BIRU','Desa Biru Biru, Kecamatan Biru Biru Kabupaten Deli Serdang','081263198062','UPT0012','1',NULL,NULL),('2104190401','SMP N 1 BIRU-BIRU','Jalan Besar Biru-Biru\r\nDusun II Desa Mbaruai','','UPT0012','1',NULL,NULL),('2104190402','SD N 101802 NAMORAMBE','Jln. Perintis Kemerekaan-Namorambe','082360985102','UPT0013','1','2025-05-08 11:12:58','2104210143'),('2104190403','SD N 105301 NAMORAMBE','JL. PERINTIS KEMERDEKAAN DESA NAMO RAMBE KECAMATAN NAMO RAMBE','085761440860','UPT0013','1','2022-01-26 22:34:33','2104210144'),('2104190404','SD N 107407 RIMOMUNGKUR','Jln.Namo Rambe  -  Sembahe','082167382924','UPT0013','1',NULL,NULL),('2104190405','SD N 101805 BATU REJO','Jln.Batu gemuk-Rampah Desa Batu Gemuk','082362372700','UPT0013','1',NULL,NULL),('2104190406','SD N 108027 DESA DELI TUA','DESA DELI TUA KEC. NAMO RAMBE KAB. DELI SERDANG','082369675852','UPT0013','1',NULL,NULL),('2104190407','SD N 101803 NAMOPINANG','JL. NAMORAMBE-SEMBAHE DUSUN 2 DESA NAMO PINANG','082160897756','UPT0013','1','2022-08-23 08:46:42','2104210148'),('2104190408','SD N 104216 RAMPAH','JL. BATU GEMUK - LUBANG IDO ','085270008254','UPT0013','1',NULL,NULL),('2104190409','SD N 106818 LUBANG IDO','DESA LUBANG IDO','085260087006','UPT0013','1',NULL,NULL),('2104190410','SD N 107406 JATIKESUMA','','','UPT0013','1',NULL,NULL),('2104190411','SD N 101804','JALAN BESAR NAMO RAMBE PSR IV GEDUNG JOHOR DESA DELI TUA KECAMATAN NAMO RAMBE KABUPATEN DELI SERDANG ','081263192409','UPT0013','1',NULL,NULL),('2104190412','SD N 101806 JATIKESUMA','Jl. Jaba Desa Jati Kesuma','081378180294','UPT0013','1','2023-07-20 09:31:38','2104210153'),('2104190413','SD N 104215 SUDIREJO','JL. Pahlawan','085277551030','UPT0013','1','2024-08-02 07:46:46','2104210154'),('2104190414','SD N 105302 TANGKAHAN','Jl.Gereja Desa Tangkahan','081370482705','UPT0013','1',NULL,NULL),('2104190415','SD N 106168','JL. CITRA KASIH DESA DELI TUA DUSUN III KEC. NAMO RAMBE KAB. DELI SERDANG ','081991076113','UPT0013','1',NULL,NULL),('2104190416','SMP N 1 NAMORAMBE','Jl. Besar Namorambe, Desa Kuta Tengah. Kec. namorambe','085762073459','UPT0013','1','2022-01-15 07:33:39','2104210157'),('2104190417','SMP N 2 NAMORAMBE','DESA TIMBANG LAWAN NAMORAMBE','08126391799','UPT0013','1',NULL,NULL),('2104190418','SD N INPRES SAMPECITA','DUSUN IV DESA SAMPE CITA','081362487168','UPT0014','1',NULL,NULL),('2104190419','SD N 101846 KUTA LIMBARU','','','UPT0014','1',NULL,NULL),('2104190420','SD N 101847 SUKADAMAI','Dusun I Desa Suka Dame Kecamatan Kutalimbaru Kabupaten Deli Serdang','082364111838','UPT0014','1','2023-07-27 21:33:32','2104220002'),('2104190421','SD N 101848 LAU BEKERI','JL. GLUGUR RIMBUN DESA LAU BEKERI DUSUN I','081375971653','UPT0014','1',NULL,NULL),('2104190422','SD N 101849 SUKA MAKMUR','','','UPT0014','1',NULL,NULL),('2104190423','SD N 101850 NAMO MIRIK','DUSUN IV DESA NAMO MIRIK','082166447466','UPT0014','1','2022-12-30 11:44:59','2201040010'),('2104190424','SD N 101851','Dusun I Desa Kwala Lau Bicik','085261088067','UPT0014','1','2021-10-20 15:36:12','2104220006'),('2104190425','SD N 101852 SUKA MAKMUR','DUSUN V DESA SUKA MAKMUR','08139767095','UPT0014','1','2022-12-31 00:18:03','2104220007'),('2104190426','SD N 101853 SUKA RENDE','Dusun III Desa Suka Rende','081375305452','UPT0014','1','2021-10-20 15:32:11','2104220008'),('2104190427','SD N 101854 SEI MENCIRIM','','','UPT0014','1',NULL,NULL),('2104190428','SD N 101855 KUTA LIMBARU','','','UPT0014','1',NULL,NULL),('2104190429','SD N 101920 SILEBO LEBO','DESA SILEBO-LEBO','082163978681','UPT0014','1',NULL,NULL),('2104190430','SD N 104225 PERPANDEN','','','UPT0014','1',NULL,NULL),('2104190431','SD N 104226 SUKA RENDE','Jl. Besar Kutalimbaru Dusun V Desa Suka Rende','081329469781','UPT0014','1',NULL,NULL),('2104190432','SD N 104227 SAWIT REJO','','','UPT0014','1',NULL,NULL),('2104190433','SD N 104228 SEI MENCIRIM','Jl. besar sei mencirim dusun I','081361572941','UPT0014','1',NULL,NULL),('2104190434','SD N 104229 SEI MENCIRIM','Dusun I Desa Sei Mencirim','082370720719','UPT0014','1','2021-10-20 15:28:49','2104220016'),('2104190435','SD N 105312 SAWIT REJO','','','UPT0014','1',NULL,NULL),('2104190436','SD N 105313 NAMORUBEJULU','','','UPT0014','1',NULL,NULL),('2104190437','SD N 105315 LAU BEKERI','JL. GLUGUR RIMBUN DUSUN I DESA LAU BEKERI','085360806601','UPT0014','1',NULL,NULL),('2104190438','SD N 106175 PERPANDEN','','','UPT0014','1',NULL,NULL),('2104190439','SD N 107409 SAMPECITA','DUSUN I SAMPE CITA','082275775675','UPT0014','1',NULL,NULL),('2104190440','SD N 105314 PASAR X','Dusun IV Desa Pasar X','085831391421','UPT0014','1','2023-07-14 21:42:22','2104220022'),('2104190441','SD N 106176 SUKA MAKMUR','','','UPT0014','1',NULL,NULL),('2104190442','SD N 106444 KUTALIMBARU','','','UPT0014','1',NULL,NULL),('2104190443','SD N 106822 SUKA DAMAI','Jln.Pancurbatu-Suka Dame Dsn. VII Desa Suka Dame','082294326172','UPT0014','1','2025-04-14 18:22:42','2104220025'),('2104190444','SD N 108026 NAMO RUBE JULU','Jln Besar Namo Rube Dusun III Kec Kutalimbaru','081375547982','UPT0014','1',NULL,NULL),('2104190445','SMP N 1 KUTALIMBARU','','','UPT0014','1',NULL,NULL),('2104190446','SMP N 2 KUTALIMBARU','Komplek \'\'BTS \'\'Blok P Desa Sampe cita','','UPT0014','1','2023-07-23 11:23:04','2104220028'),('2104190447','SMP N 3 KUTALIMBARU SATU ATAP','Jln. Besar Namorube','082165624006','UPT0014','1',NULL,NULL),('2104190448','SD N 101816 PANCUR BATU','Jalan. Desa Tengah Pancur Batu','085762535397','UPT0015','1',NULL,NULL),('2104190449','SD N 101817 PANCURBATU','JL DESA HULU','085362858934','UPT0015','1',NULL,NULL),('2104190450','SD N 104221 DESA HULU','Jalan Salam Tani Desa Hulu Kec. Pancur Batu','081263712791','UPT0015','1','2023-01-13 09:25:59','2104220032'),('2104190451','SD N 104222 SEI GLUGUR','Jl. Sei Glugur Rimbun Kecamatan Pancur Batu Kabupaten Deli Serdang','082282257187','UPT0015','1',NULL,NULL),('2104190452','SD N 105307 SUKARAYA','Jl.Sei Glugur Rimbun Desa Sukaraya','081260876462','UPT0015','1','2023-07-22 09:30:44','2104220034'),('2104190453','SD N 105306 KERIAHEN TANI','JLN. TANJUNG ANOM DESA SEMBAHE BARU','087875321799','UPT0015','1',NULL,NULL),('2104190454','SD N 101821 PANCURBATU','JALAN LETJEN JAMIN GINTING KAMPUNG TENGAH PANCUR BATU','081263516983','UPT0015','1',NULL,NULL),('2104190455','SD N 101830 TANJUNG SELAMAT','Jalan Besar Tanjung Anom','082165205600','UPT0015','1',NULL,NULL),('2104190456','SD N 104219','Jl. Besar Tanjung Anom','085805642799','UPT0015','1',NULL,NULL),('2104190457','SD N 106171 GUNUNG TINGGI','JLN GLUGUR RIMBUN DESA GUNUNG TINGGI','081396708133','UPT0015','1','2024-03-27 15:08:32','9999999999'),('2104190458','SD N 101818 PANCUR BATU','Jl. Jamin Ginting Desa Tengah Kecamatan Pancur Batu','082166664366','UPT0015','1',NULL,NULL),('2104190459','SD N 101819 PANCUR BATU','JL. NAMORIH DESA LAMA KECAMATAN PANCUR BATU ','085297434745','UPT0015','1','2024-03-27 15:10:01','9999999999'),('2104190460','SD N 101820 PANCUR BATU','JLN. JAMIN GINTING PANCUR BATU','082272256332','UPT0015','1',NULL,NULL),('2104190461','SD N 101822 PANCUR BATU','JL.NAMORIH DESA LAMA PANCUR BATU','081370330508','UPT0015','1',NULL,NULL),('2104190462','SD N 101824 DURIAN SIMBELANG','Jl. Jamin Ginting km. 22 Durin Simbelang Kecamatan Pancur Batu Kabupaten Deliserdang','082286485094','UPT0015','1','2025-01-03 23:48:32','2104220044'),('2104190463','SD N 101825 DURIAN TUNGGAL','JL. DELI TUA DESA DURIN TONGGAL\r\n','087872667592','UPT0015','1',NULL,NULL),('2104190464','SD N 101826 TUNTUNGAN','Jl. Pendidikan Tuntungan II Kecamatan Pancur Batu','083183215959','UPT0015','1',NULL,NULL),('2104190465','SD N 101827 TUNTUNGAN','Jl. Pendidikan Desa Tuntungan II Kecamatan Pancur Batu ','085270651316','UPT0015','1',NULL,NULL),('2104190466','SD N 101828 GELUGUR KEBUN','Jl. Sei Glugur','082164369924','UPT0015','1',NULL,NULL),('2104190467','SD N 101829 GELUGUR KEBUN','JLn. Sei Glugur ','082272480317','UPT0015','1',NULL,NULL),('2104190468','SD N 101831 BINTANG MERIAH','Jalan.Desa Lau Macem Pancur Batu Kecamatan Pancur Batu','08126300104','UPT0015','1',NULL,NULL),('2104190469','SD N 101832 PANCUR BATU','Jl. Jamin Ginting Desa Baru','081376364453','UPT0015','1',NULL,NULL),('2104190470','SD N 105308 NAMOBINTANG','Jalan Pancur Batu - Delitua','081360159151','UPT0015','1',NULL,NULL),('2104190471','SD N 106172 TUNTUNGAN','JL. PENDIDIKAN TUNTUNGAN II','085261077388','UPT0015','1',NULL,NULL),('2104190472','SD N 106819','JL.SALAM TANI DESA SALAM TANI PANCUR BATU','081347721947','UPT0015','1',NULL,NULL),('2104190473','SD N 106820 KAMPUNG BARU PANCUR BATU','JL LETJEN JAMIN GINTING DESA BARU','081375101510','UPT0015','1',NULL,NULL),('2104190474','SD N 104220 DURIAN SIMBELANG','JL.JAMIN GINTING, KM.22 DESA DURIN SIMBELANG','082365675432','UPT0015','1',NULL,NULL),('2104190475','SD N 101823 BEKALA','Jl. Keloni IV Bekala Desa Namo Bintang Kec. Pancur Batu','081397477147','UPT0015','1',NULL,NULL),('2104190476','SMP N 1 PANCURBATU','Jl. Jamin Ginting No. 124 Pancur Batu','0618360704','UPT0015','1','2021-09-29 11:33:15','2104220058'),('2104190477','SMP N 2 PANCURBATU','JL JAMIN GINTING NO 21 PANCUR BATU','','UPT0015','1','2022-04-20 13:38:58','2104220059'),('2104190478','SMP N 3 PANCURBATU','Jl. Besar Sei Glugur Desa Gunung Tinggi','082362024063','UPT0015','1',NULL,NULL),('2104190479','SMP N 4 PANCURBATU SATU ATAP','Jl. Jamin Ginting Km 26,5 Dusun IV Lau Macem Desa Sugau','','UPT0015','1',NULL,NULL),('2104190480','SD N 101799 DELITUA','JL. TERATAI DELI TUA TIMUR','082361564921','UPT0016','1',NULL,NULL),('2104190481','SD N 101797','JALAN MEDAN-DELITUA KM 10,5','','UPT0016','1',NULL,NULL),('2104190482','SD N 101798 DELI TUA','Jalan Deli Tua -  Pamah','081260170145','UPT0016','1','2021-11-20 08:42:21','2104220064'),('2104190483','SD N 101801','JL. KASIH KEDAI DURIAN','081360842231','UPT0016','1',NULL,NULL),('2104190484','SD N 104213','JL. GENTENG UJUNG DELI TUA ','082161338944','UPT0016','1',NULL,NULL),('2104190485','SD N 104214 DELI TUA','JL. KASIH KEDAI DURIAN ','082360026265','UPT0016','1',NULL,NULL),('2104190486','SD N 108075 DELI TUA','JL.PAMAH KELURAHAN DELI TUA BARAT','081370242358','UPT0016','1',NULL,NULL),('2104190487','SD N 105300','JL. AMAN GG. INPRES','082180918308','UPT0016','1',NULL,NULL),('2104190488','SD N 101800 DELI TUA','Jl. Teratai Deli Tua Timur','088264451241','UPT0016','1',NULL,NULL),('2104190489','SMP N 1 DELITUA','JL. TERUNA APDN NO.13 DELITUA ','081361723420','UPT0016','1',NULL,NULL),('2104190490','SMP N 2 DELITUA','JL. STRIA DESA MEKAR SARI KEC.DELITUA','081375180174','UPT0016','1',NULL,NULL),('2104190491','SD N 101838 DURIN SIBABI','','','UPT0017','1',NULL,NULL),('2104190492','SD N 105309 RAMBUNG BARU','','','UPT0017','1',NULL,NULL),('2104190493','SD N 105310 SAYUM SABAH','','','UPT0017','1',NULL,NULL),('2104190494','SD N 101837 SUKA MAKMUR','','','UPT0017','1',NULL,NULL),('2104190495','SD N 101839','','','UPT0017','1',NULL,NULL),('2104190496','SD N 101840 BASUKUM','','','UPT0017','1',NULL,NULL),('2104190497','SD N 101843 BANDAR BARU','','','UPT0017','1',NULL,NULL),('2104190498','SD N 101845 SUKA MAKMUR','','','UPT0017','1',NULL,NULL),('2104190499','SD N 104223 BINGKAWAN','Desa Bingkawan Kecamatan Sibolangit','','UPT0017','1',NULL,NULL),('2104190500','SD N 104224 UJUNG DELENG','','','UPT0017','1',NULL,NULL),('2104190501','SD N 105311 TAMBUNAN','Jln. Desa Tambunen','','UPT0017','1','2022-08-16 15:10:21','2104220083'),('2104190502','SD N 106174 SALABULAN','DUSUN 1 DESA SALABULAN KECAMATAN SIBOLANGIT','085760767213','UPT0017','1','2024-08-05 16:02:27','2104220084'),('2104190503','SD N 106821 BANDAR BARU','Jl Bukum Desa Bandar Baru','','UPT0017','1','2023-07-04 15:57:04','2104220085'),('2104190504','SD N 107408 BATU LAYANG','BATU LAYANG','085760157455','UPT0017','1','2024-08-20 09:18:03','2104220086'),('2104190505','SD N 101833 SIBOLANGIT','','','UPT0017','1',NULL,NULL),('2104190506','SD N 101835','Dusun II Desa Bingkawan','','UPT0017','1','2022-11-14 10:36:13','2104220088'),('2104190507','SD N 101836 KUALA','Desa Batu Mbelin','','UPT0017','1','2022-08-16 14:12:24','2104220089'),('2104190508','SD N 101842 SIKEBEN','','','UPT0017','1',NULL,NULL),('2104190509','SD N 106173 BATU SIANGGEHEN','','','UPT0017','1',NULL,NULL),('2104190510','SD N 101841 BUKUM','Desa Bukum','085763310438','UPT0017','1','2023-07-06 11:34:11','2104220092'),('2104190511','SMP N 1 SIBOLANGIT','Jl. Gereja Desa Sikeben, Kecamatan Sibolangit, Kabupaten deli serdang','','UPT0017','1','2021-09-29 22:00:10','2104220093'),('2104190512','SMP N 2 SIBOLANGIT','JL. JAMIN GINTING KM 39 SIBOLANGIT','','UPT0017','1','2022-01-07 10:32:18','2104220094'),('2104190513','SD N 101864 GUNUNG RINTIH','Jln Protokol Talun Kenas Kecamatan STM Hilir ','08126400387','UPT0018','1',NULL,NULL),('2104190514','SD N 101857 GUNUNG RINTIH','Dusun I Desa Gunung Rintih, Kecamatan STM Hilir','','UPT0018','1',NULL,NULL),('2104190515','SD N 101858 TALA PETA','DUSUN II TDESA TALAPETA','081263999220','UPT0018','1','2022-11-18 10:24:04','2104220097'),('2104190516','SD N 101859 RAMBAI','Dusun 1 Rambai','','UPT0018','1','2022-11-06 22:02:39','2104220098'),('2104190517','SD N 101860','Dusun 2 Pernangenen','','UPT0018','1','2022-11-19 11:25:56','2104220099'),('2104190518','SD N 101861 TADUKAN RAGA','Dusun I Desa Tadukan Raga Ke.STM HILIR','','UPT0018','1','2022-01-15 13:31:00','2104220100'),('2104190519','SD N 104253 NEGARA BERINGIN','Dusun II Beringin','082162784125','UPT0018','1','2022-11-18 10:31:40','2104220101'),('2104190520','SD N 104269 PINTU BESI','DUSUN 1 PINTU BESI DESA LAU RAKIT KEC. STM HILIR','081361440013','UPT0018','1','2022-01-18 06:27:55','2104220102'),('2104190521','SD N 105316 BERANTI','DUSUN II BERANTI DESA SIGUCI','081366094964','UPT0018','1','2023-08-11 07:34:49','2104220103'),('2104190522','SD N 105317 LAU BARUS','','','UPT0018','1',NULL,NULL),('2104190523','SD N 105318 BANGUN TOBING','','','UPT0018','1',NULL,NULL),('2104190524','SD N 105320 KUTA JURUNG','Jln Kuta Jurung, Kec. STM Hilir','082169442842','UPT0018','1','2022-11-21 09:40:58','2104220106'),('2104190525','SD N 106177 TUNGKUSAN','Dusun I Tungkusan Desa Tadukan Raga Kec. STM Hilir, Kab. Deli Serdang','082164084891','UPT0018','1','2022-11-17 22:34:37','2104220107'),('2104190526','SD N 106446 BINTANG MERIAH','','','UPT0018','1','2022-11-20 10:38:28','2104220108'),('2104190527','SD N 106824 BESAMAT','Dusun VII Besamat Desa Gunung Rintih','081366094964','UPT0018','1','2023-08-10 13:32:27','2104220109'),('2104190528','SD N 107412 SIMADAMADA','','','UPT0018','1',NULL,NULL),('2104190529','SD N 107414 LAU BULUH','Jln, Besar Lau Buluh -Bandar Bayu Dusun IV Lau Buluh Desa Siguci Kec.STM Hilir Kab.Deli Serdang Prov.Sumatera Utara','','UPT0018','1','2023-11-15 07:44:28','2104220111'),('2104190530','SD N 101856 GUNUNG RINTIH','Dusun I Desa Gunung Rintih,Kec STM Hilir','082160576170','UPT0018','1','2022-11-18 10:45:48','2104220112'),('2104190531','SD N 106445','','','UPT0018','1',NULL,NULL),('2104190532','SD N 107410 RAMBUNG','','','UPT0018','1',NULL,NULL),('2104190533','SD N 107411 LAU REMPAK','','','UPT0018','1',NULL,NULL),('2104190534','SD N 105319 LIMAU MUNGKUR','Dusun I Desa Limau Mungkur, Kec. STM Hilir','','UPT0018','1','2023-08-07 22:04:52','2104220116'),('2104190535','SMP N 1 STM HILIR','Jl.Negara-Talun Kenas','081376690254','UPT0018','1','2022-11-21 09:46:03','2104220117'),('2104190536','SMP N 2 SATU ATAP STM HILIR','Jl. PTPN II KEBUN LIMAU MUNGKUR DESA LAU BARUS BARU KECAMATAN STM HILIR','081361373002','UPT0018','1',NULL,NULL),('2104190537','SD N 102004 TIGA JUHAR','','','UPT0019','1',NULL,NULL),('2104190538','SD N 102006 TIGA JUHAR','Jl. Marga Silima Tiga Juhar','','UPT0019','1',NULL,NULL),('2104190539','SD N 106204 TANJUNG RAJA','Jln. Kuta Mbacang Desa Tanjung Raja','081265067163','UPT0019','1',NULL,NULL),('2104190540','SD N 107434 RUMAH LIANG','Liang Pematang','085360070787','UPT0019','1',NULL,NULL),('2104190541','SD N INPRES BAH BUNTU','Bah Bah Buntu','081293490524','UPT0019','1',NULL,NULL),('2104190542','SD N 102005 DURIAN TINGGUNG','Desa Durian Tinggung Kec. STM Hulu Kab. Deli Serdang','','UPT0019','1',NULL,NULL),('2104190543','SD N 106848 TANJUNG TIMUR','','','UPT0019','1',NULL,NULL),('2104190544','SD N 107436 RUMAH LENGO','DESA RUMAH LENGO','082164888018','UPT0019','1',NULL,NULL),('2104190545','SD N 105401 NAMO LINTING','KUTA MBELIN','081375295060','UPT0019','1',NULL,NULL),('2104190546','SD N 106203 TANAH GARA HULU','JLN. BANGUN PURBA','082362558034','UPT0019','1',NULL,NULL),('2104190547','SD N 105402 SIBUNGA B-4','Desa Sibunga Bunga Hilir Kec. STM Hulu Kab. Deli Serdang','','UPT0019','1',NULL,NULL),('2104190548','SD N 105403 TIGA JUHAR','Jl.Pendidikan Desa Tiga Juhar','081263475242','UPT0019','1',NULL,NULL),('2104190549','SD N 107437 TANJUNG BAMPU','Desa Tanjung Bampu Kec. STM Hulu Kab. Deli Serdang','','UPT0019','1',NULL,NULL),('2104190550','SD N 107438 GUNUNG MANUMPAK','','','UPT0019','1',NULL,NULL),('2104190551','SD N 104290 SIPINGGAN','DESA SIPINGGAN','085262672447','UPT0019','1',NULL,NULL),('2104190552','SMP N 1 STM HULU','jln. mhd saleh barus no.80 desa rumah lengo Kec. STM Hulu','','UPT0019','1','2023-02-07 08:56:01','2104220134'),('2104190553','SMP N 2 STM HULU','Desa Tanjung Timur','','UPT0019','1','2022-01-18 11:57:58','2104220135'),('2104190554','SD N 101910 SIDODADI','JLN SIDOHARJO I DESA PASAR MIRING','088263827617','UPT0020','1','2022-01-13 13:22:53','2104220136'),('2104190555','SD N 105350 PERBARAKAN','Desa Perbarakan','082238748822','UPT0020','1',NULL,NULL),('2104190556','SD N 107423 TANJUNG GARBUS','DESA TANJUNG GARBUS KAMPUNG','081397114083','UPT0020','1',NULL,NULL),('2104190557','SD N 101911 SIDODADI','Jl. Galang Desa Sidodadi Batu 8 Kecamatan Pagar Merbau','081376622995','UPT0020','1',NULL,NULL),('2104190558','SD N 101912 PAGAR MERBAU','JL.Lubuk Pakam-Galang Km.8 Pagar Merbau','085270181522','UPT0020','1',NULL,NULL),('2104190559','SD N 101913 PAGAR MERBAU','Jln.Galang Km 8,25 Desa Pagar Merbau II','081375706137','UPT0020','1',NULL,NULL),('2104190560','SD N 104246','Dusun Harapan, Desa Jati Baru, Kec.Pagar Merbau\r\n Kab.Deli Serdang','082276347454','UPT0020','1','2022-08-27 19:26:27','2104220142'),('2104190561','SD N 104247 TANJUNG MULIA','JL. Galang Dusun Teladan Tanjung Mulia','085361178311','UPT0020','1',NULL,NULL),('2104190562','SD N 104249 BANDAR DOLOK','Dusun I Desa Bandar Dolok','089531765636','UPT0020','1','2021-10-20 18:52:00','2104220144'),('2104190563','SD N 105354 PURWODADI','Dusun Ia Desa Purwodadi','085270517151','UPT0020','1',NULL,NULL),('2104190564','SD N 105355 SUKA MULIA','Jln.Galang Desa Sukamulia','085372429917','UPT0020','1','2024-08-19 17:38:31','2104220146'),('2104190565','SD N 105359 SUMBERJO','JL. BESAR DESA SUMBERJO KECAMATAN PAGAR MARBAU','082294382127','UPT0020','1',NULL,NULL),('2104190566','SD N 106181 SUKAMANDI HILIR','JLN PEMBANGUNAN GG. INPRES NO. 68 SUKAMANDI HILIR KECAMATAN PAGAR MERBAU','082351672172','UPT0020','1','2023-07-22 08:18:56','2104220148'),('2104190567','SD N 106828 SUMBERJO','Pagar Merbau','','UPT0020','1','2024-03-28 10:33:30','9999999999'),('2104190568','SD N 106832 SUKAMANDI HULU','Jl.Siantar KM 33 Desa Sukamandi Hulu Kecamatan Pagar Merbau ','082258333982','UPT0020','1','2024-01-04 17:38:36','2104220150'),('2104190569','SD N 108239 PAGAR MERBAU','DUSUN TELADAN TANJUNG MULIA','082162785585','UPT0020','1',NULL,NULL),('2104190570','SD N 105352 PASAR MIRING','Desa Pasar Miring, Dusun Gotong Royong','089524218966','UPT0020','1','2021-12-30 16:09:05','2104220152'),('2104190571','SD N 106185 TANJUNG GARBUS','','','UPT0020','1','2023-02-08 14:39:32','9999999999'),('2104190572','SMP N 1 PAGAR MERBAU','Jalan Galang Km. 8 Pagar Merbau','','UPT0020','1','2022-01-17 02:58:22','2104220154'),('2104190573','SD N 101964 JAHARUN A','','','UPT0021','1',NULL,NULL),('2104190574','SD N 106198 KELAPA I','Jln Besar Bangun Purba Desa Kelapa I Kecamatan Galang Kab. Deli Serdang','082165167472','UPT0021','1','2023-07-30 14:28:47','2104220156'),('2104190575','SD N 101959 GALANG','Kecamatan Galang','082368902049','UPT0021','1',NULL,NULL),('2104190576','SD N 101960 GALANG','Jln. Amaliyah Galang','081262931977','UPT0021','1','2025-07-18 08:22:17','2104220158'),('2104190577','SD N 101961 TIMBANG DELI','','','UPT0021','1',NULL,NULL),('2104190578','SD N 101963 TANAH ABANG','Kecamatan Galang','081361079009','UPT0021','1',NULL,NULL),('2104190579','SD N 101965 KOTASAN','Jalan Pendidikan Dusun 5 Desa Kotasan Kecamatan Galang Kode Pos 20585','085372779384','UPT0021','1','2021-12-29 15:06:30','2104220161'),('2104190580','SD N 101966 PERTANGGUHAN','Dusun II Desa Petangguhan','085296522633','UPT0021','1',NULL,NULL),('2104190581','SD N 101967 PERTUMBUKAN','Kecamatan Galang','085359799222','UPT0021','1',NULL,NULL),('2104190582','SD N 101968 PETUMBUKAN','Kecamatan Galang','081362072075','UPT0021','1',NULL,NULL),('2104190583','SD N 101969 TANJUNG PURBA','Kecamatan Galang','081375633222','UPT0021','1',NULL,NULL),('2104190584','SD N 101970 SEI KARANG','Kecamatan Galang','082288981314','UPT0021','1','2023-07-31 09:28:51','2104220166'),('2104190585','SD N 101971 SEI KARANG','DUSUN V SEI KARANG','081370605576','UPT0021','1','2021-12-29 10:44:33','2104220167'),('2104190586','SD N 101972 KOTANGAN','Kecamatan Galang','082375788523','UPT0021','1','2022-11-14 16:22:51','2104220168'),('2104190587','SD N 101973 SEI PUTIH','','','UPT0021','1',NULL,NULL),('2104190588','SD N 101975 SEI PUTIH','Kecamatan Galang','081370420988','UPT0021','1','2022-11-17 11:52:24','2104220170'),('2104190589','SD N 101976','Kecamatan Galang','081265512922','UPT0021','1',NULL,NULL),('2104190590','SD N 101979 PISANG PALA','Kecamatan Galang','081361661305','UPT0021','1',NULL,NULL),('2104190591','SD N 101980 NAGATIMBUL','DUSUN II DESA BATU LOKONG','','UPT0021','1','2022-01-10 16:49:15','2104220173'),('2104190592','SD N 101981 GALANG','Jalan Inpres Galang\r\nKecamatan Galang Kab. Deli Serdang','085370766072','UPT0021','1',NULL,NULL),('2104190593','SD N 104277 TANAH MERAH','KECAMATAN GALANG','081263342759','UPT0021','1',NULL,NULL),('2104190594','SD N 104279 PAYA ITIK','Dusun I Desa Paya Itik','','UPT0021','1','2022-01-15 17:19:45','2104220175'),('2104190595','SD N 104281 NAGAREJO','','','UPT0021','1',NULL,NULL),('2104190596','SD N 104282 BATU LOKONG','','','UPT0021','1',NULL,NULL),('2104190597','SD N 104283 JAHARUN B','','','UPT0021','1',NULL,NULL),('2104190598','SD N 105380 KERAMAT GAJAH','','','UPT0021','1',NULL,NULL),('2104190599','SD N 105382 GALANG','Jl. Inpres Galang','085370351213','UPT0021','1',NULL,NULL),('2104190600','SD N 105383 PERTUMBUKAN','Jl. PERTEMUAN DUSUN I  DESA PETUMBUKAN KEC. GALANG','081376479801','UPT0021','1','2021-12-29 10:41:18','2104220181'),('2104190601','SD N 105384 PISANG PALA','','','UPT0021','1',NULL,NULL),('2104190602','SD N 105385 KOTASAN','DUSUN I - DESA KOTASAN KECAMATAN GALANG','085359154123','UPT0021','1',NULL,NULL),('2104190603','SD N 105386','Jln. Pendidikan Dsn I Desa Tanjung Siporkis','081264053983','UPT0021','1','2022-11-20 08:37:07','2104220184'),('2104190604','SD N 105387 SEI KARANG','DUSUN I SEROJA SEI KARANG','081361220450','UPT0021','1','2021-12-29 19:12:59','2104220185'),('2104190605','SD N 105389 TIMBANG DELI','KECAMATAN GALANG','081263098409','UPT0021','1','2021-12-29 10:44:10','2104220186'),('2104190606','SD N 106196 GALANG SUKA','Jl. Suka Sari Dusun I Desa Galang Suka Kecamatan Galang','085262617579','UPT0021','1',NULL,NULL),('2104190607','SD N 106197 PAKU','Jl. Tangkahan Dusun III Paku','085362731165','UPT0021','1',NULL,NULL),('2104190608','SD N 106199 KOTASAN','','','UPT0021','1',NULL,NULL),('2104190609','SD N 106200 PETANGGUHAN','Dusun IV Petangguhan','081370672277','UPT0021','1','2021-12-29 10:44:44','2104220190'),('2104190610','SD N 107429 PONDOK KOTANGAN','Kecamatan Galang','081264817641','UPT0021','1',NULL,NULL),('2104190611','SD N 107430 GALANG','Jalan Mesjid Khairiyah Galang Kec. Galang','081263631681','UPT0021','1','2023-11-26 21:38:07','2104220192'),('2104190612','SD N 107827 TITI BESI','','','UPT0021','1',NULL,NULL),('2104190613','SD N 101974 SEI PUTIH','Dusun I Desa Galang Barat Kecamatan Galang Kabupaten Deli Serdang ','085361861873','UPT0021','1','2021-12-29 10:44:10','2104220194'),('2104190614','SD N 106843 JAHARUN -B','Kecamatan Galang','082273951796','UPT0021','1',NULL,NULL),('2104190615','SMP N 1 GALANG','Jl petumbukan km 14,5 galang','085362800788','UPT0021','1',NULL,NULL),('2104190616','SMP N 2 GALANG','Jl.Kesehatan Petumbukan','081361466356','UPT0021','1','2021-09-29 10:23:36','2104220197'),('2104190617','SMP N 3 GALANG','JL. PENDIDIKAN DUSUN III DESA NOGOREJO','081361581448','UPT0021','1',NULL,NULL),('2104190618','SD N 105398 KONGSI DUA BEGERPANG','DESA BEGERPANG','085275104666','UPT0022','1','2022-01-03 21:00:14','2104220199'),('2104190619','SD N 101990 BANGUN PURBA','JL. Pemuda No. 20 Bangun Purba','','UPT0022','1','2021-12-31 20:26:11','2104220200'),('2104190620','SD N 101991 BANGUN PURBA','JL.P.KEMERDEKAAN NO.181 BANGUN PURBA','081376690694','UPT0022','1','2021-12-30 11:36:33','2104220201'),('2104190621','SD N 101992 CIMAHI','DESA CIMAHI','081262263382','UPT0022','1','2022-01-06 17:47:28','2104220202'),('2104190622','SD N 101993 SUKALUE','JL. DESA SUKALUE BANGUN PURBA','081263882568','UPT0022','1','2022-01-06 20:06:15','2104220203'),('2104190623','SD N 101994 GREAHEN','JALAN DUSUN III DESA GREAHAN, BANGUN PURBA','','UPT0022','1','2022-01-05 19:41:55','2104220204'),('2104190624','SD N 101996 BATU RATA','Jalan Desa Batu Rata, Bangun Purba','082370029539','UPT0022','1','2022-01-06 11:47:55','2104220205'),('2104190625','SD N 101997 BANDAR GUGUNG','DUSUN 11 TANJUNG SELAMAT , DESA RUMAH DELENG','081362314176','UPT0022','1','2021-12-30 11:34:18','2104220206'),('2104190626','SD N 104286 BANDAR MERIAH','BANDAR MERIAH ','081287204831','UPT0022','1','2024-09-25 21:31:30','2104220207'),('2104190627','SD N 104287 SEI BUAYA','Desa Mabar','085270299366','UPT0022','1','2022-11-04 11:20:36','2104220208'),('2104190628','SD N 104288 BATU GINGGING','JL. DESA BATU GINGGING','085262645744','UPT0022','1','2021-12-30 11:34:20','2104220209'),('2104190629','SD N 105396 UJUNG RAMBE','DESA UJUNG RAMBE','082164994394','UPT0022','1','2021-12-30 11:34:08','2104220210'),('2104190630','SD N 105399 KULASAR','Desa Kulasar, Kecamatan Bangun Purba','082360966546','UPT0022','1','2022-01-07 07:59:50','2104220211'),('2104190631','SD N 105400 M UJUNG JAWI','DESA UJUNG JAWI','085296670643','UPT0022','1','2022-11-02 20:46:37','2104220212'),('2104190632','SD N 106202 SIALANG','DUSUN I DESA SIALANG','08116564444','UPT0022','1','2021-12-30 11:33:11','2104220213'),('2104190633','SD N 106846 BALUA','JL.DESA BAH BALUA ','085373730430','UPT0022','1','2022-01-05 20:25:04','2104220214'),('2104190634','SD N 107432 BANGUN PURBA TENGAH','','','UPT0022','1','2021-12-30 11:35:04','2104220215'),('2104190635','SD N 108151 BAH PERAK','Desa Bandar Purba , Kecamatan Bangun Purba','081268796258','UPT0022','1','2022-07-21 11:14:18','2104220216'),('2104190636','SMP N 1 BANGUN PURBA','Jl. Sisingamangaraja Kec. Bangun Purba','082276017140','UPT0022','1',NULL,NULL),('2104190637','SMP N 2 BANGUN PURBA','Jl.Ujung Seribu Desa Mabar Kecamatan Bangun Purba','082277435646','UPT0022','1',NULL,NULL),('2104190638','SMP N 3 BANGUN PURBA','Jl. Perk. Marajaya Batu Rata','085261056290','UPT0022','1',NULL,NULL),('2104190639','SD N 108029 HUTA BAYU','','','UPT0023','1',NULL,NULL),('2104190640','SD N 102001 GUNUNG MERIAH','','','UPT0023','1',NULL,NULL),('2104190641','SD N102002 GUNUNG PARIBUAN','DESA GUNUNG PARIBUAN','','UPT0023','1','2023-03-14 23:01:14','2104220222'),('2104190642','SD N 102003 GUNUNG MERIAH','','','UPT0023','1',NULL,NULL),('2104190643','SD N 104289 GUNUNG SINEMBAH','','','UPT0023','1','2023-03-14 23:05:18','2104220224'),('2104190644','SD N 106847 UJUNG MERIAH','Jln Besar Gunung Meriah','08537152875','UPT0023','1','2023-03-14 22:49:44','2104220225'),('2104190645','SMP N 1 GUNUNG MERIAH','Jl. Desa Marjandi Tongah Kecamatan Gunung Meriah','081376154878','UPT0023','1',NULL,NULL),('2201190001','Dinas Pendidikan','','','UPT0024','1','2023-09-25 14:30:44','9999999999'),('2407040001','SMP N 5 LUBUK PAKAM','JL. PEMATANG SIANTAR DUSUN III DESA PAGAR JATI','','UPT0008','1','2024-07-04 11:39:42','9999999999');

/*Table structure for table `skpd` */

DROP TABLE IF EXISTS `skpd`;

CREATE TABLE `skpd` (
  `kdskpd` char(5) COLLATE utf8mb4_general_ci NOT NULL,
  `namaskpd` varchar(100) COLLATE utf8mb4_general_ci NOT NULL,
  `alamat` varchar(255) COLLATE utf8mb4_general_ci DEFAULT NULL,
  `notelp` char(16) COLLATE utf8mb4_general_ci DEFAULT NULL,
  PRIMARY KEY (`kdskpd`)
) ENGINE=InnoDB DEFAULT CHARSET=utf8mb4 COLLATE=utf8mb4_general_ci;

/*Data for the table `skpd` */

insert  into `skpd`(`kdskpd`,`namaskpd`,`alamat`,`notelp`) values ('10101','Dinas Pendidikan dan Kebudayaan Kabupaten Deli Serdang','','');

/*Table structure for table `struktur` */

DROP TABLE IF EXISTS `struktur`;

CREATE TABLE `struktur` (
  `idstruktur` char(2) COLLATE utf8mb4_general_ci NOT NULL,
  `namastruktur` varchar(50) COLLATE utf8mb4_general_ci NOT NULL,
  PRIMARY KEY (`idstruktur`)
) ENGINE=InnoDB DEFAULT CHARSET=utf8mb4 COLLATE=utf8mb4_general_ci;

/*Data for the table `struktur` */

insert  into `struktur`(`idstruktur`,`namastruktur`) values ('01','Kepsek/ Wakil'),('02','Bendahara Barang');

/*Table structure for table `upt` */

DROP TABLE IF EXISTS `upt`;

CREATE TABLE `upt` (
  `kdupt` char(7) COLLATE utf8mb4_general_ci NOT NULL,
  `namaupt` varchar(100) COLLATE utf8mb4_general_ci NOT NULL,
  `alamat` varchar(255) COLLATE utf8mb4_general_ci DEFAULT NULL,
  `notelp` char(16) COLLATE utf8mb4_general_ci DEFAULT NULL,
  `kdskpd` char(5) COLLATE utf8mb4_general_ci NOT NULL,
  `lastupdate` datetime DEFAULT NULL,
  `idpengguna` char(10) COLLATE utf8mb4_general_ci DEFAULT NULL,
  PRIMARY KEY (`kdupt`),
  KEY `kdskpd` (`kdskpd`),
  CONSTRAINT `upt_ibfk_1` FOREIGN KEY (`kdskpd`) REFERENCES `skpd` (`kdskpd`)
) ENGINE=InnoDB DEFAULT CHARSET=utf8mb4 COLLATE=utf8mb4_general_ci;

/*Data for the table `upt` */

insert  into `upt`(`kdupt`,`namaupt`,`alamat`,`notelp`,`kdskpd`,`lastupdate`,`idpengguna`) values ('UPT0002','UPT HAMPARAN PERAK','Hamparan Perak','','10101','2022-01-19 11:54:32','2112290001'),('UPT0003','UPT LABUHAN DELI','Labuhan Deli','000','10101',NULL,NULL),('UPT0004','UPT PERCUT SEI TUAN','Percut Sei Tuan','000','10101',NULL,NULL),('UPT0005','UPT SUNGGAL','Sunggal','000','10101',NULL,NULL),('UPT0006','UPT BATANG KUIS','Batang Kuis','000','10101','2022-01-04 18:36:19','2201040005'),('UPT0007','UPT TANJUNG MORAWA','Tanjung Morawa','000','10101',NULL,NULL),('UPT0008','UPT LUBUK PAKAM','Lubuk Pakam','000','10101',NULL,NULL),('UPT0009','UPT BERINGIN','Beringin','000','10101','2024-01-10 14:38:36','9999999999'),('UPT0010','UPT PANTAI LABU','Pantai Labu','000','10101',NULL,NULL),('UPT0011','UPT PATUMBAK','Patumbak','000','10101',NULL,NULL),('UPT0012','UPT BIRU-BIRU','Biru-Biru','000','10101',NULL,NULL),('UPT0013','UPT NAMORAMBE','Namorambe','000','10101',NULL,NULL),('UPT0014','UPT KUTALIMBARU','Kutalimbaru','000','10101',NULL,NULL),('UPT0015','UPT PANCUR BATU','Pancur Batu','000','10101',NULL,NULL),('UPT0016','UPT DELI TUA','Deli Tua','000','10101',NULL,NULL),('UPT0017','UPT SIBOLANGIT','Sibolangit','000','10101',NULL,NULL),('UPT0018','UPT STM HILIR','STM Hilir','000','10101',NULL,NULL),('UPT0019','UPT STM HULU','STM Hulu','000','10101',NULL,NULL),('UPT0020','UPT PAGAR MERBAU','Pagar Merbau','000','10101',NULL,NULL),('UPT0021','UPT GALANG','Galang','000','10101',NULL,NULL),('UPT0022','UPT BANGUN PURBA','Bangun Purba','085361266115','10101','2022-08-10 09:50:56','2201040004'),('UPT0023','UPT GUNUNG MERIAH','Gunung Meriah','000','10101',NULL,NULL),('UPT0024','Dinas Pendidikan','','','10101','2022-01-19 10:06:46','9999999999');

/* Function  structure for function  `create_idpenandatangan` */

/*!50003 DROP FUNCTION IF EXISTS `create_idpenandatangan` */;
DELIMITER $$

/*!50003 CREATE DEFINER=`root`@`localhost` FUNCTION `create_idpenandatangan`(`_tgl` DATE) RETURNS char(10) CHARSET utf8mb4
BEGIN
	DECLARE cNosekarang CHAR(4);
	DECLARE nlen INT;
	DECLARE nNoselanjutnya INT;
	DECLARE cNoselanjutnya CHAR(4);
	DECLARE jumlah_digit INT DEFAULT 4;
	DECLARE cTgl CHAR(6);
		
	SET cTgl = DATE_FORMAT(_tgl, '%y%m%d');
	
	SELECT MAX(RIGHT(RTRIM(idpenandatangan),jumlah_digit)) FROM penandatangan  
		WHERE LEFT(idpenandatangan,6) = CONCAT(cTgl) INTO cNosekarang;	
	SET cNosekarang = IF(ISNULL(cNosekarang),0,cNosekarang);
	
	SET nNoselanjutnya = CAST(cNosekarang AS UNSIGNED)+1;
	SET cNoselanjutnya = RTRIM(CONVERT(nNoselanjutnya,CHAR));
	SET nlen = LENGTH(cNoselanjutnya);
	
	WHILE nlen+1 <= jumlah_digit DO		
		SET cNoselanjutnya= CONCAT('0',cNoselanjutnya);
		SET nlen=nlen+1;
	END WHILE;	
	
	RETURN CONCAT(cTgl, cNoselanjutnya);
    END */$$
DELIMITER ;

/* Function  structure for function  `create_idpengguna` */

/*!50003 DROP FUNCTION IF EXISTS `create_idpengguna` */;
DELIMITER $$

/*!50003 CREATE DEFINER=`root`@`localhost` FUNCTION `create_idpengguna`(`_tgl` DATE) RETURNS char(10) CHARSET utf8mb4
BEGIN
	DECLARE cNosekarang CHAR(4);
	DECLARE nlen INT;
	DECLARE nNoselanjutnya INT;
	DECLARE cNoselanjutnya CHAR(4);
	DECLARE jumlah_digit INT DEFAULT 4;
	DECLARE cTgl CHAR(6);
		
	SET cTgl = DATE_FORMAT(_tgl, '%y%m%d');
	
	SELECT MAX(RIGHT(RTRIM(idpengguna),jumlah_digit)) FROM pengguna  
		WHERE LEFT(idpengguna,6) = CONCAT(cTgl) INTO cNosekarang;	
	SET cNosekarang = IF(ISNULL(cNosekarang),0,cNosekarang);
	
	SET nNoselanjutnya = CAST(cNosekarang AS UNSIGNED)+1;
	SET cNoselanjutnya = RTRIM(CONVERT(nNoselanjutnya,CHAR));
	SET nlen = LENGTH(cNoselanjutnya);
	
	WHILE nlen+1 <= jumlah_digit DO		
		SET cNoselanjutnya= CONCAT('0',cNoselanjutnya);
		SET nlen=nlen+1;
	END WHILE;	
	
	RETURN CONCAT(cTgl, cNoselanjutnya);
    END */$$
DELIMITER ;

/* Function  structure for function  `create_kdbarang` */

/*!50003 DROP FUNCTION IF EXISTS `create_kdbarang` */;
DELIMITER $$

/*!50003 CREATE DEFINER=`root`@`localhost` FUNCTION `create_kdbarang`(`_id` CHAR(5)) RETURNS char(10) CHARSET utf8mb4
BEGIN
	DECLARE cNosekarang CHAR(5);
	DECLARE nlen INT;
	DECLARE nNoselanjutnya INT;
	DECLARE cNoselanjutnya CHAR(5);
	DECLARE jumlah_digit INT DEFAULT 5;
			
	SELECT MAX(RIGHT(RTRIM(kdbarang),jumlah_digit)) FROM `barang`  
		WHERE LEFT(kdbarang,5) = _id INTO cNosekarang;	
	SET cNosekarang = IF(ISNULL(cNosekarang),0,cNosekarang);
	
	SET nNoselanjutnya = CAST(cNosekarang AS UNSIGNED)+1;
	SET cNoselanjutnya = RTRIM(CONVERT(nNoselanjutnya,CHAR));
	SET nlen = LENGTH(cNoselanjutnya);
	
	WHILE nlen+1 <= jumlah_digit DO		
		SET cNoselanjutnya= CONCAT('0',cNoselanjutnya);
		SET nlen=nlen+1;
	END WHILE;	
	
	RETURN CONCAT(_id, cNoselanjutnya);
    END */$$
DELIMITER ;

/* Function  structure for function  `create_kdkelompok` */

/*!50003 DROP FUNCTION IF EXISTS `create_kdkelompok` */;
DELIMITER $$

/*!50003 CREATE DEFINER=`root`@`localhost` FUNCTION `create_kdkelompok`(`_id` CHAR(2)) RETURNS char(5) CHARSET utf8mb4
BEGIN
	DECLARE cNosekarang CHAR(3);
	DECLARE nlen INT;
	DECLARE nNoselanjutnya INT;
	DECLARE cNoselanjutnya CHAR(3);
	DECLARE jumlah_digit INT DEFAULT 3;
			
	SELECT MAX(RIGHT(RTRIM(kdkelompok),jumlah_digit)) FROM `kelompokbarang`  
		WHERE LEFT(kdkelompok,2) = _id INTO cNosekarang;	
	SET cNosekarang = IF(ISNULL(cNosekarang),0,cNosekarang);
	
	SET nNoselanjutnya = CAST(cNosekarang AS UNSIGNED)+1;
	SET cNoselanjutnya = RTRIM(CONVERT(nNoselanjutnya,CHAR));
	SET nlen = LENGTH(cNoselanjutnya);
	
	WHILE nlen+1 <= jumlah_digit DO		
		SET cNoselanjutnya= CONCAT('0',cNoselanjutnya);
		SET nlen=nlen+1;
	END WHILE;	
	
	RETURN CONCAT(_id, cNoselanjutnya);
    END */$$
DELIMITER ;

/* Function  structure for function  `create_kdruangan` */

/*!50003 DROP FUNCTION IF EXISTS `create_kdruangan` */;
DELIMITER $$

/*!50003 CREATE DEFINER=`root`@`localhost` FUNCTION `create_kdruangan`(`_tgl` DATE) RETURNS char(10) CHARSET utf8mb4
BEGIN
	DECLARE cNosekarang CHAR(4);
	DECLARE nlen INT;
	DECLARE nNoselanjutnya INT;
	DECLARE cNoselanjutnya CHAR(4);
	DECLARE jumlah_digit INT DEFAULT 4;
	DECLARE cTgl CHAR(6);
		
	SET cTgl = DATE_FORMAT(_tgl, '%y%m%d');
	
	SELECT MAX(RIGHT(RTRIM(kdruangan),jumlah_digit)) FROM ruangan  
		WHERE LEFT(kdruangan,6) = CONCAT(cTgl) INTO cNosekarang;	
	SET cNosekarang = IF(ISNULL(cNosekarang),0,cNosekarang);
	
	SET nNoselanjutnya = CAST(cNosekarang AS UNSIGNED)+1;
	SET cNoselanjutnya = RTRIM(CONVERT(nNoselanjutnya,CHAR));
	SET nlen = LENGTH(cNoselanjutnya);
	
	WHILE nlen+1 <= jumlah_digit DO		
		SET cNoselanjutnya= CONCAT('0',cNoselanjutnya);
		SET nlen=nlen+1;
	END WHILE;	
	
	RETURN CONCAT(cTgl, cNoselanjutnya);
    END */$$
DELIMITER ;

/* Function  structure for function  `create_kdsekolah` */

/*!50003 DROP FUNCTION IF EXISTS `create_kdsekolah` */;
DELIMITER $$

/*!50003 CREATE DEFINER=`root`@`localhost` FUNCTION `create_kdsekolah`(`_tgl` DATE) RETURNS char(10) CHARSET utf8mb4
BEGIN
	DECLARE cNosekarang CHAR(4);
	DECLARE nlen INT;
	DECLARE nNoselanjutnya INT;
	DECLARE cNoselanjutnya CHAR(4);
	DECLARE jumlah_digit INT DEFAULT 4;
	DECLARE cTgl CHAR(6);
		
	SET cTgl = DATE_FORMAT(_tgl, '%y%m%d');
	
	SELECT MAX(RIGHT(RTRIM(kdsekolah),jumlah_digit)) FROM sekolah  
		WHERE LEFT(kdsekolah,6) = CONCAT(cTgl) INTO cNosekarang;	
	SET cNosekarang = IF(ISNULL(cNosekarang),0,cNosekarang);
	
	SET nNoselanjutnya = CAST(cNosekarang AS UNSIGNED)+1;
	SET cNoselanjutnya = RTRIM(CONVERT(nNoselanjutnya,CHAR));
	SET nlen = LENGTH(cNoselanjutnya);
	
	WHILE nlen+1 <= jumlah_digit DO		
		SET cNoselanjutnya= CONCAT('0',cNoselanjutnya);
		SET nlen=nlen+1;
	END WHILE;	
	
	RETURN CONCAT(cTgl, cNoselanjutnya);
    END */$$
DELIMITER ;

/* Function  structure for function  `create_kdupt` */

/*!50003 DROP FUNCTION IF EXISTS `create_kdupt` */;
DELIMITER $$

/*!50003 CREATE DEFINER=`root`@`localhost` FUNCTION `create_kdupt`(`_id` CHAR(3)) RETURNS char(7) CHARSET utf8mb4
BEGIN
	DECLARE cNosekarang CHAR(4);
	DECLARE nlen INT;
	DECLARE nNoselanjutnya INT;
	DECLARE cNoselanjutnya CHAR(4);
	DECLARE jumlah_digit INT DEFAULT 4;
			
	SELECT MAX(RIGHT(RTRIM(kdupt),jumlah_digit)) FROM `upt`  
		WHERE LEFT(kdupt,3) = _id INTO cNosekarang;	
	SET cNosekarang = IF(ISNULL(cNosekarang),0,cNosekarang);
	
	SET nNoselanjutnya = CAST(cNosekarang AS UNSIGNED)+1;
	SET cNoselanjutnya = RTRIM(CONVERT(nNoselanjutnya,CHAR));
	SET nlen = LENGTH(cNoselanjutnya);
	
	WHILE nlen+1 <= jumlah_digit DO		
		SET cNoselanjutnya= CONCAT('0',cNoselanjutnya);
		SET nlen=nlen+1;
	END WHILE;	
	
	RETURN CONCAT(_id, cNoselanjutnya);
    END */$$
DELIMITER ;

/* Function  structure for function  `create_nokeluar` */

/*!50003 DROP FUNCTION IF EXISTS `create_nokeluar` */;
DELIMITER $$

/*!50003 CREATE DEFINER=`root`@`localhost` FUNCTION `create_nokeluar`(`var_tgl` DATE) RETURNS char(10) CHARSET latin1
BEGIN
	DECLARE cNosekarang CHAR(5);
	DECLARE nlen INT;
	DECLARE nNoselanjutnya INT;
	DECLARE cNoselanjutnya CHAR(5);
	DECLARE jumlah_digit INT DEFAULT 5;
	DECLARE cTgl CHAR(4);
	DECLARE cId CHAR(1) DEFAULT 'K';
		
	SET cTgl = DATE_FORMAT(var_tgl, '%y%m');
	
	SELECT MAX(RIGHT(RTRIM(nokeluar),jumlah_digit)) FROM pengeluaranbarang  
		WHERE LEFT(nokeluar,5) = CONCAT(cTgl, cId) INTO cNosekarang;	
	SET cNosekarang = IF(ISNULL(cNosekarang),0,cNosekarang);
	
	SET nNoselanjutnya = CAST(cNosekarang AS UNSIGNED)+1;
	SET cNoselanjutnya = RTRIM(CONVERT(nNoselanjutnya,CHAR));
	SET nlen = LENGTH(cNoselanjutnya);
	
	WHILE nlen+1 <= jumlah_digit DO		
		SET cNoselanjutnya= CONCAT('0',cNoselanjutnya);
		SET nlen=nlen+1;
	END WHILE;	
	
	RETURN CONCAT(cTgl, cId, cNoselanjutnya);
    END */$$
DELIMITER ;

/* Function  structure for function  `create_noterima` */

/*!50003 DROP FUNCTION IF EXISTS `create_noterima` */;
DELIMITER $$

/*!50003 CREATE DEFINER=`root`@`localhost` FUNCTION `create_noterima`(`var_tgl` DATE) RETURNS char(10) CHARSET utf8mb4
BEGIN
	DECLARE cNosekarang CHAR(5);
	DECLARE nlen INT;
	DECLARE nNoselanjutnya INT;
	DECLARE cNoselanjutnya CHAR(5);
	DECLARE jumlah_digit INT DEFAULT 5;
	DECLARE cTgl CHAR(4);
	DECLARE cId CHAR(1) DEFAULT 'L';
		
	SET cTgl = DATE_FORMAT(var_tgl, '%y%m');
	
	SELECT MAX(RIGHT(RTRIM(noterima),jumlah_digit)) FROM penerimaanbarang  
		WHERE LEFT(noterima,5) = CONCAT(cTgl, cId) INTO cNosekarang;	
	SET cNosekarang = IF(ISNULL(cNosekarang),0,cNosekarang);
	
	SET nNoselanjutnya = CAST(cNosekarang AS UNSIGNED)+1;
	SET cNoselanjutnya = RTRIM(CONVERT(nNoselanjutnya,CHAR));
	SET nlen = LENGTH(cNoselanjutnya);
	
	WHILE nlen+1 <= jumlah_digit DO		
		SET cNoselanjutnya= CONCAT('0',cNoselanjutnya);
		SET nlen=nlen+1;
	END WHILE;	
	
	RETURN CONCAT(cTgl, cId, cNoselanjutnya);
    END */$$
DELIMITER ;

/* Function  structure for function  `getHargaBeliTerakhir` */

/*!50003 DROP FUNCTION IF EXISTS `getHargaBeliTerakhir` */;
DELIMITER $$

/*!50003 CREATE DEFINER=`root`@`localhost` FUNCTION `getHargaBeliTerakhir`(`varTahunAnggaran` CHAR(4), `varKdRuangan` CHAR(10), `varKeyBarang` CHAR(14)) RETURNS decimal(18,0)
BEGIN
	DECLARE varHargaBeliSatuan DECIMAL(18,2);
	
	SELECT hargabelisatuan 
		FROM penerimaanbarangdetail INNER JOIN penerimaanbarang ON penerimaanbarang.`noterima`=penerimaanbarangdetail.`noterima`
		WHERE penerimaanbarang.`tahunanggaran` = varTahunAnggaran AND penerimaanbarang.`kdruangan`=varKdRuangan 
			AND penerimaanbarangdetail.`keybarang`=varKeyBarang
		ORDER BY penerimaanbarang.`tglterima` DESC, penerimaanbarang.`noterima` DESC
		LIMIT 1 INTO varHargaBeliSatuan;
	
	IF varHargaBeliSatuan IS NULL THEN 
		SET varHargaBeliSatuan = 0;
	END IF;
	RETURN varHargaBeliSatuan;
    END */$$
DELIMITER ;

/* Function  structure for function  `hitung_average_hargabarang_perruangan` */

/*!50003 DROP FUNCTION IF EXISTS `hitung_average_hargabarang_perruangan` */;
DELIMITER $$

/*!50003 CREATE DEFINER=`root`@`localhost` FUNCTION `hitung_average_hargabarang_perruangan`(`var_kdruangan` CHAR(10), `var_tahunanggaran` CHAR(4), `var_keybarang` CHAR(14)) RETURNS int
BEGIN
	DECLARE var_totalhargabeli DECIMAL(18,0);
	DECLARE var_pembagai INT(11);
	DECLARE var_average_hargabeli DECIMAL(18,0);
	
	SELECT SUM(hargabelisatuan) INTO var_totalhargabeli FROM penerimaanbarangdetail JOIN penerimaanbarang 
		ON penerimaanbarang.`noterima`=`penerimaanbarangdetail`.`noterima`
		WHERE penerimaanbarang.`kdruangan`=var_kdruangan AND penerimaanbarang.`tahunanggaran`=var_tahunanggaran
			AND penerimaanbarangdetail.`keybarang`=var_keybarang;
	
	SELECT COUNT(*) INTO var_pembagai FROM penerimaanbarangdetail JOIN penerimaanbarang 
		ON penerimaanbarang.`noterima`=`penerimaanbarangdetail`.`noterima`
		WHERE penerimaanbarang.`kdruangan`=var_kdruangan AND penerimaanbarang.`tahunanggaran`=var_tahunanggaran
			AND penerimaanbarangdetail.`keybarang`=var_keybarang;
	
	IF var_totalhargabeli IS NULL OR var_totalhargabeli = 0 OR var_pembagai IS NULL OR var_pembagai = 0 THEN
		SET var_average_hargabeli = 0;
	ELSE
		SET var_average_hargabeli = var_totalhargabeli/var_pembagai;
	END IF;
	
	RETURN var_average_hargabeli;
    END */$$
DELIMITER ;

/* Function  structure for function  `hitung_average_hargabarang_persekolah` */

/*!50003 DROP FUNCTION IF EXISTS `hitung_average_hargabarang_persekolah` */;
DELIMITER $$

/*!50003 CREATE DEFINER=`root`@`localhost` FUNCTION `hitung_average_hargabarang_persekolah`(`var_kdsekolah` CHAR(10), `var_tahunanggaran` CHAR(4), `var_keybarang` CHAR(14)) RETURNS int
BEGIN
	DECLARE var_totalhargabeli DECIMAL(18,0);
	DECLARE var_pembagai INT(11);
	DECLARE var_average_hargabeli DECIMAL(18,0);
	
	SELECT SUM(hargabelisatuan) INTO var_totalhargabeli FROM penerimaanbarangdetail JOIN penerimaanbarang 
		ON penerimaanbarang.`noterima`=`penerimaanbarangdetail`.`noterima`
		WHERE penerimaanbarang.`kdsekolah`=var_kdsekolah AND penerimaanbarang.`tahunanggaran`=var_tahunanggaran
			AND penerimaanbarangdetail.`keybarang`=var_keybarang;
	
	SELECT COUNT(*) INTO var_pembagai FROM penerimaanbarangdetail JOIN penerimaanbarang 
		ON penerimaanbarang.`noterima`=`penerimaanbarangdetail`.`noterima`
		WHERE penerimaanbarang.`kdsekolah`=var_kdsekolah AND penerimaanbarang.`tahunanggaran`=var_tahunanggaran
			AND penerimaanbarangdetail.`keybarang`=var_keybarang;
	
	IF var_totalhargabeli IS NULL OR var_totalhargabeli = 0 OR var_pembagai IS NULL OR var_pembagai = 0 THEN
		SET var_average_hargabeli = 0;
	ELSE
		SET var_average_hargabeli = var_totalhargabeli/var_pembagai;
	END IF;
	
	RETURN var_average_hargabeli;
    END */$$
DELIMITER ;

/* Function  structure for function  `hitung_pemakaian_barang_perruangan` */

/*!50003 DROP FUNCTION IF EXISTS `hitung_pemakaian_barang_perruangan` */;
DELIMITER $$

/*!50003 CREATE DEFINER=`root`@`localhost` FUNCTION `hitung_pemakaian_barang_perruangan`(`var_kdruangan` CHAR(10), `var_tahunanggaran` CHAR(4), `var_keybarang` CHAR(14)) RETURNS int
BEGIN
	DECLARE var_jumlah INT(11);
	
	SELECT SUM(qtykeluar) INTO var_jumlah FROM pengeluaranbarangdetail JOIN pengeluaranbarang 
		ON pengeluaranbarang.`nokeluar`=`pengeluaranbarangdetail`.`nokeluar`
		WHERE pengeluaranbarang.`kdruangan`=var_kdruangan AND pengeluaranbarang.`tahunanggaran`=var_tahunanggaran
			AND pengeluaranbarangdetail.`keybarang`=var_keybarang;
	
	IF var_jumlah IS NULL THEN
		SET var_jumlah = 0;
	END IF;
	RETURN var_jumlah;
    END */$$
DELIMITER ;

/* Function  structure for function  `hitung_pemakaian_barang_persekolah` */

/*!50003 DROP FUNCTION IF EXISTS `hitung_pemakaian_barang_persekolah` */;
DELIMITER $$

/*!50003 CREATE DEFINER=`root`@`localhost` FUNCTION `hitung_pemakaian_barang_persekolah`(`var_kdsekolah` CHAR(10), `var_tahunanggaran` CHAR(4), `var_keybarang` CHAR(14)) RETURNS int
BEGIN
	DECLARE var_jumlah INT(11);
	
	SELECT SUM(qtykeluar) INTO var_jumlah FROM pengeluaranbarangdetail JOIN pengeluaranbarang 
		ON pengeluaranbarang.`nokeluar`=`pengeluaranbarangdetail`.`nokeluar`
		WHERE pengeluaranbarang.`kdsekolah`=var_kdsekolah AND pengeluaranbarang.`tahunanggaran`=var_tahunanggaran
			AND pengeluaranbarangdetail.`keybarang`=var_keybarang;
	
	IF var_jumlah IS NULL THEN
		SET var_jumlah = 0;
	END IF;
	RETURN var_jumlah;
    END */$$
DELIMITER ;

/* Function  structure for function  `hitung_penambahan_barang_perruangan` */

/*!50003 DROP FUNCTION IF EXISTS `hitung_penambahan_barang_perruangan` */;
DELIMITER $$

/*!50003 CREATE DEFINER=`root`@`localhost` FUNCTION `hitung_penambahan_barang_perruangan`(`var_kdruangan` CHAR(10), `var_tahunanggaran` CHAR(4), `var_keybarang` CHAR(14)) RETURNS int
BEGIN
	DECLARE var_jumlah INT(11);
	
	SELECT SUM(qtyterima) INTO var_jumlah FROM penerimaanbarangdetail JOIN penerimaanbarang 
		ON penerimaanbarang.`noterima`=`penerimaanbarangdetail`.`noterima`
		WHERE penerimaanbarang.`kdruangan`=var_kdruangan AND penerimaanbarang.`tahunanggaran`=var_tahunanggaran
			AND penerimaanbarangdetail.`keybarang`=var_keybarang AND jenispenerimaan='Penerimaan';
	
	IF var_jumlah IS NULL THEN
		SET var_jumlah = 0;
	END IF;
	RETURN var_jumlah;
    END */$$
DELIMITER ;

/* Function  structure for function  `hitung_penambahan_barang_persekolah` */

/*!50003 DROP FUNCTION IF EXISTS `hitung_penambahan_barang_persekolah` */;
DELIMITER $$

/*!50003 CREATE DEFINER=`root`@`localhost` FUNCTION `hitung_penambahan_barang_persekolah`(`var_kdsekolah` CHAR(10), `var_tahunanggaran` CHAR(4), `var_keybarang` CHAR(14)) RETURNS int
BEGIN
	DECLARE var_jumlah INT(11);
	
	SELECT SUM(qtyterima) INTO var_jumlah FROM penerimaanbarangdetail JOIN penerimaanbarang 
		ON penerimaanbarang.`noterima`=`penerimaanbarangdetail`.`noterima`
		WHERE penerimaanbarang.`kdsekolah`=var_kdsekolah AND penerimaanbarang.`tahunanggaran`=var_tahunanggaran
			AND penerimaanbarangdetail.`keybarang`=var_keybarang AND jenispenerimaan='Penerimaan';
	
	IF var_jumlah IS NULL THEN
		SET var_jumlah = 0;
	END IF;
	RETURN var_jumlah;
    END */$$
DELIMITER ;

/* Function  structure for function  `hitung_saldoawal_barang_perruangan` */

/*!50003 DROP FUNCTION IF EXISTS `hitung_saldoawal_barang_perruangan` */;
DELIMITER $$

/*!50003 CREATE DEFINER=`root`@`localhost` FUNCTION `hitung_saldoawal_barang_perruangan`(`var_kdruangan` CHAR(10), `var_tahunanggaran` CHAR(4), `var_keybarang` CHAR(14)) RETURNS int
BEGIN
	DECLARE var_jumlah INT(11);
	
	SELECT SUM(qtyterima) INTO var_jumlah FROM penerimaanbarangdetail JOIN penerimaanbarang 
		ON penerimaanbarang.`noterima`=`penerimaanbarangdetail`.`noterima`
		WHERE penerimaanbarang.`kdruangan`=var_kdruangan AND penerimaanbarang.`tahunanggaran`=var_tahunanggaran
			AND penerimaanbarangdetail.`keybarang`=var_keybarang AND jenispenerimaan='Saldo Awal';
	
	IF var_jumlah IS NULL THEN
		SET var_jumlah = 0;
	END IF;
	RETURN var_jumlah;
    END */$$
DELIMITER ;

/* Function  structure for function  `penerimaan_dinas_new` */

/*!50003 DROP FUNCTION IF EXISTS `penerimaan_dinas_new` */;
DELIMITER $$

/*!50003 CREATE DEFINER=`root`@`localhost` FUNCTION `penerimaan_dinas_new`(`var_tglawal` DATE, `var_tglakhir` DATE, `var_tahunanggaran` CHAR(4), `var_keybarang` CHAR(14), `var_hargabelisatuan` DECIMAL(18,0)) RETURNS int
BEGIN
	DECLARE var_jumlah1 INT(11);
	
	SELECT SUM(qtyterima) INTO var_jumlah1 FROM penerimaanbarangdetail JOIN penerimaanbarang 
		ON penerimaanbarang.`noterima`=`penerimaanbarangdetail`.`noterima`
		WHERE penerimaanbarang.`tahunanggaran`=var_tahunanggaran
			AND penerimaanbarangdetail.`keybarang`=var_keybarang AND jenispenerimaan='Penerimaan' 
			AND penerimaanbarangdetail.hargabelisatuan = var_hargabelisatuan 
			AND penerimaanbarang.`tglterima` BETWEEN var_tglawal AND var_tglakhir;
	
	IF var_jumlah1 IS NULL THEN
		SET var_jumlah1 = 0;
	END IF;
	
	RETURN var_jumlah1;
    END */$$
DELIMITER ;

/* Function  structure for function  `penerimaan_perruangan_new` */

/*!50003 DROP FUNCTION IF EXISTS `penerimaan_perruangan_new` */;
DELIMITER $$

/*!50003 CREATE DEFINER=`root`@`localhost` FUNCTION `penerimaan_perruangan_new`(`var_tglawal` DATE, `var_tglakhir` DATE, `var_kdruangan` CHAR(10), `var_tahunanggaran` CHAR(4), `var_keybarang` CHAR(14), `var_hargabelisatuan` DECIMAL(18,0)) RETURNS int
BEGIN
	DECLARE var_jumlah1 INT(11);
	
	SELECT SUM(qtyterima) INTO var_jumlah1 FROM penerimaanbarangdetail JOIN penerimaanbarang 
		ON penerimaanbarang.`noterima`=`penerimaanbarangdetail`.`noterima`
		WHERE penerimaanbarang.`kdruangan`=var_kdruangan AND penerimaanbarang.`tahunanggaran`=var_tahunanggaran
			AND penerimaanbarangdetail.`keybarang`=var_keybarang AND jenispenerimaan='Penerimaan' 
			AND penerimaanbarangdetail.hargabelisatuan = var_hargabelisatuan 
			AND penerimaanbarang.`tglterima` BETWEEN var_tglawal AND var_tglakhir;
	
	IF var_jumlah1 IS NULL THEN
		SET var_jumlah1 = 0;
	END IF;
	
	RETURN var_jumlah1;
    END */$$
DELIMITER ;

/* Function  structure for function  `penerimaan_perupt_new` */

/*!50003 DROP FUNCTION IF EXISTS `penerimaan_perupt_new` */;
DELIMITER $$

/*!50003 CREATE DEFINER=`root`@`localhost` FUNCTION `penerimaan_perupt_new`(`var_tglawal` DATE, `var_tglakhir` DATE, `var_kdupt` CHAR(10), `var_tahunanggaran` CHAR(4), `var_keybarang` CHAR(14), `var_hargabelisatuan` DECIMAL(18,0)) RETURNS int
BEGIN
	DECLARE var_jumlah1 INT(11);
	
	SELECT SUM(qtyterima) INTO var_jumlah1 FROM penerimaanbarangdetail JOIN penerimaanbarang 
		ON penerimaanbarang.`noterima`=`penerimaanbarangdetail`.`noterima`
		JOIN ruangan ON ruangan.kdruangan=penerimaanbarang.kdruangan
		WHERE ruangan.`kdupt`=var_kdupt AND penerimaanbarang.`tahunanggaran`=var_tahunanggaran
			AND penerimaanbarangdetail.`keybarang`=var_keybarang AND jenispenerimaan='Penerimaan' 
			AND penerimaanbarangdetail.hargabelisatuan = var_hargabelisatuan 
			AND penerimaanbarang.`tglterima` BETWEEN var_tglawal AND var_tglakhir;
	
	IF var_jumlah1 IS NULL THEN
		SET var_jumlah1 = 0;
	END IF;
	
	RETURN var_jumlah1;
    END */$$
DELIMITER ;

/* Function  structure for function  `pengeluaran_dinas_new` */

/*!50003 DROP FUNCTION IF EXISTS `pengeluaran_dinas_new` */;
DELIMITER $$

/*!50003 CREATE DEFINER=`root`@`localhost` FUNCTION `pengeluaran_dinas_new`(`var_tglawal` DATE, `var_tglakhir` DATE, `var_tahunanggaran` CHAR(4), `var_keybarang` CHAR(14), `var_hargabelisatuan` DECIMAL(18,0)) RETURNS int
BEGIN
	DECLARE var_jumlah1 INT(11);
	
	SELECT SUM(qtykeluar) INTO var_jumlah1 FROM v_pengeluaranbarangdetail_with_hargabelisatuan
		WHERE v_pengeluaranbarangdetail_with_hargabelisatuan.`tahunanggaran`=var_tahunanggaran
		AND v_pengeluaranbarangdetail_with_hargabelisatuan.`keybarang`=var_keybarang
		AND v_pengeluaranbarangdetail_with_hargabelisatuan.hargabelisatuan = var_hargabelisatuan 
		AND v_pengeluaranbarangdetail_with_hargabelisatuan.`tglkeluar` BETWEEN var_tglawal AND var_tglakhir;
			
	IF var_jumlah1 IS NULL THEN
		SET var_jumlah1 = 0;
	END IF;
	
	RETURN var_jumlah1;
    END */$$
DELIMITER ;

/* Function  structure for function  `pengeluaran_perruangan_new` */

/*!50003 DROP FUNCTION IF EXISTS `pengeluaran_perruangan_new` */;
DELIMITER $$

/*!50003 CREATE DEFINER=`root`@`localhost` FUNCTION `pengeluaran_perruangan_new`(`var_tglawal` DATE, `var_tglakhir` DATE, `var_kdruangan` CHAR(10), `var_tahunanggaran` CHAR(4), `var_keybarang` CHAR(14), `var_hargabelisatuan` DECIMAL(18,0)) RETURNS int
BEGIN
	DECLARE var_jumlah1 INT(11);
	
	SELECT SUM(qtykeluar) INTO var_jumlah1 FROM v_pengeluaranbarangdetail_with_hargabelisatuan
		WHERE v_pengeluaranbarangdetail_with_hargabelisatuan.`kdruangan`=var_kdruangan 
		AND v_pengeluaranbarangdetail_with_hargabelisatuan.`tahunanggaran`=var_tahunanggaran
		AND v_pengeluaranbarangdetail_with_hargabelisatuan.`keybarang`=var_keybarang
		AND v_pengeluaranbarangdetail_with_hargabelisatuan.hargabelisatuan = var_hargabelisatuan 
		AND v_pengeluaranbarangdetail_with_hargabelisatuan.`tglkeluar` BETWEEN var_tglawal AND var_tglakhir;
			
	IF var_jumlah1 IS NULL THEN
		SET var_jumlah1 = 0;
	END IF;
	
	RETURN var_jumlah1;
    END */$$
DELIMITER ;

/* Function  structure for function  `pengeluaran_perupt_new` */

/*!50003 DROP FUNCTION IF EXISTS `pengeluaran_perupt_new` */;
DELIMITER $$

/*!50003 CREATE DEFINER=`root`@`localhost` FUNCTION `pengeluaran_perupt_new`(`var_tglawal` DATE, `var_tglakhir` DATE, `var_kdupt` CHAR(10), `var_tahunanggaran` CHAR(4), `var_keybarang` CHAR(14), `var_hargabelisatuan` DECIMAL(18,0)) RETURNS int
BEGIN
	DECLARE var_jumlah1 INT(11);
	
	SELECT SUM(qtykeluar) INTO var_jumlah1 FROM v_pengeluaranbarangdetail_with_hargabelisatuan
		WHERE v_pengeluaranbarangdetail_with_hargabelisatuan.`kdupt`=var_kdupt 
		AND v_pengeluaranbarangdetail_with_hargabelisatuan.`tahunanggaran`=var_tahunanggaran
		AND v_pengeluaranbarangdetail_with_hargabelisatuan.`keybarang`=var_keybarang
		AND v_pengeluaranbarangdetail_with_hargabelisatuan.hargabelisatuan = var_hargabelisatuan 
		AND v_pengeluaranbarangdetail_with_hargabelisatuan.`tglkeluar` BETWEEN var_tglawal AND var_tglakhir;
			
	IF var_jumlah1 IS NULL THEN
		SET var_jumlah1 = 0;
	END IF;
	
	RETURN var_jumlah1;
    END */$$
DELIMITER ;

/* Function  structure for function  `saldoawal_dinas_new` */

/*!50003 DROP FUNCTION IF EXISTS `saldoawal_dinas_new` */;
DELIMITER $$

/*!50003 CREATE DEFINER=`root`@`localhost` FUNCTION `saldoawal_dinas_new`(`var_tglawal` DATE, `var_tahunanggaran` CHAR(4), `var_keybarang` CHAR(14), `var_hargabelisatuan` DECIMAL(18,0)) RETURNS int
BEGIN
	DECLARE var_jumlah1 INT(11);
	DECLARE var_jumlah2 INT(11);
	DECLARE var_jumlah3 INT(11);
	
	
	SELECT SUM(qtyterima) INTO var_jumlah1 FROM penerimaanbarangdetail JOIN penerimaanbarang 
		ON penerimaanbarang.`noterima`=`penerimaanbarangdetail`.`noterima`
		WHERE penerimaanbarang.`tahunanggaran`=var_tahunanggaran
			AND penerimaanbarangdetail.`keybarang`=var_keybarang AND jenispenerimaan='Saldo Awal' 
			AND penerimaanbarangdetail.hargabelisatuan = var_hargabelisatuan;
	
	IF var_jumlah1 IS NULL THEN
		SET var_jumlah1 = 0;
	END IF;
	
	
	SELECT SUM(qtyterima) INTO var_jumlah2 FROM penerimaanbarangdetail JOIN penerimaanbarang 
		ON penerimaanbarang.`noterima`=`penerimaanbarangdetail`.`noterima`
		WHERE penerimaanbarang.`tahunanggaran`=var_tahunanggaran
			AND penerimaanbarangdetail.`keybarang`=var_keybarang AND jenispenerimaan<>'Saldo Awal'
			AND penerimaanbarangdetail.hargabelisatuan = var_hargabelisatuan
			AND penerimaanbarang.`tglterima` < var_tglawal;
	
	IF var_jumlah2 IS NULL THEN
		SET var_jumlah2 = 0;
	END IF;
	
	
	SELECT SUM(qtykeluar) INTO var_jumlah3 FROM v_pengeluaranbarangdetail_with_hargabelisatuan
		WHERE v_pengeluaranbarangdetail_with_hargabelisatuan.`tahunanggaran`=var_tahunanggaran
		AND v_pengeluaranbarangdetail_with_hargabelisatuan.`keybarang`=var_keybarang
		AND v_pengeluaranbarangdetail_with_hargabelisatuan.hargabelisatuan = var_hargabelisatuan 
		AND v_pengeluaranbarangdetail_with_hargabelisatuan.`tglkeluar` < var_tglawal;
	
	IF var_jumlah3 IS NULL THEN
		SET var_jumlah3 = 0;
	END IF;
	
	RETURN var_jumlah1 + var_jumlah2 - var_jumlah3;
    END */$$
DELIMITER ;

/* Function  structure for function  `saldoawal_perruangan_new` */

/*!50003 DROP FUNCTION IF EXISTS `saldoawal_perruangan_new` */;
DELIMITER $$

/*!50003 CREATE DEFINER=`root`@`localhost` FUNCTION `saldoawal_perruangan_new`(`var_tglawal` DATE, `var_kdruangan` CHAR(10), `var_tahunanggaran` CHAR(4), `var_keybarang` CHAR(14), `var_hargabelisatuan` DECIMAL(18,0)) RETURNS int
BEGIN
	DECLARE var_jumlah1 INT(11);
	DECLARE var_jumlah2 INT(11);
	DECLARE var_jumlah3 INT(11);
	
	
	SELECT SUM(qtyterima) INTO var_jumlah1 FROM penerimaanbarangdetail JOIN penerimaanbarang 
		ON penerimaanbarang.`noterima`=`penerimaanbarangdetail`.`noterima`
		WHERE penerimaanbarang.`kdruangan`=var_kdruangan AND penerimaanbarang.`tahunanggaran`=var_tahunanggaran
			AND penerimaanbarangdetail.`keybarang`=var_keybarang AND jenispenerimaan='Saldo Awal' 
			AND penerimaanbarangdetail.hargabelisatuan = var_hargabelisatuan;
	
	IF var_jumlah1 IS NULL THEN
		SET var_jumlah1 = 0;
	END IF;
	
	
	SELECT SUM(qtyterima) INTO var_jumlah2 FROM penerimaanbarangdetail JOIN penerimaanbarang 
		ON penerimaanbarang.`noterima`=`penerimaanbarangdetail`.`noterima`
		WHERE penerimaanbarang.`kdruangan`=var_kdruangan AND penerimaanbarang.`tahunanggaran`=var_tahunanggaran
			AND penerimaanbarangdetail.`keybarang`=var_keybarang AND jenispenerimaan<>'Saldo Awal'
			AND penerimaanbarangdetail.hargabelisatuan = var_hargabelisatuan
			AND penerimaanbarang.`tglterima` < var_tglawal;
	
	IF var_jumlah2 IS NULL THEN
		SET var_jumlah2 = 0;
	END IF;
	
	
	SELECT SUM(qtykeluar) INTO var_jumlah3 FROM v_pengeluaranbarangdetail_with_hargabelisatuan
		WHERE v_pengeluaranbarangdetail_with_hargabelisatuan.`kdruangan`=var_kdruangan 
		AND v_pengeluaranbarangdetail_with_hargabelisatuan.`tahunanggaran`=var_tahunanggaran
		AND v_pengeluaranbarangdetail_with_hargabelisatuan.`keybarang`=var_keybarang
		AND v_pengeluaranbarangdetail_with_hargabelisatuan.hargabelisatuan = var_hargabelisatuan 
		AND v_pengeluaranbarangdetail_with_hargabelisatuan.`tglkeluar` < var_tglawal;
	
	IF var_jumlah3 IS NULL THEN
		SET var_jumlah3 = 0;
	END IF;
	
	RETURN var_jumlah1 + var_jumlah2 - var_jumlah3;
    END */$$
DELIMITER ;

/* Function  structure for function  `saldoawal_perupt_new` */

/*!50003 DROP FUNCTION IF EXISTS `saldoawal_perupt_new` */;
DELIMITER $$

/*!50003 CREATE DEFINER=`root`@`localhost` FUNCTION `saldoawal_perupt_new`(`var_tglawal` DATE, `var_kdupt` CHAR(10), `var_tahunanggaran` CHAR(4), `var_keybarang` CHAR(14), `var_hargabelisatuan` DECIMAL(18,0)) RETURNS int
BEGIN
	DECLARE var_jumlah1 INT(11);
	DECLARE var_jumlah2 INT(11);
	DECLARE var_jumlah3 INT(11);
	
	
	SELECT SUM(qtyterima) INTO var_jumlah1 FROM penerimaanbarangdetail JOIN penerimaanbarang 
		ON penerimaanbarang.`noterima`=`penerimaanbarangdetail`.`noterima`
		JOIN ruangan ON ruangan.kdruangan=penerimaanbarang.kdruangan
		WHERE ruangan.`kdupt`=var_kdupt AND penerimaanbarang.`tahunanggaran`=var_tahunanggaran
			AND penerimaanbarangdetail.`keybarang`=var_keybarang AND jenispenerimaan='Saldo Awal' 
			AND penerimaanbarangdetail.hargabelisatuan = var_hargabelisatuan;
	
	IF var_jumlah1 IS NULL THEN
		SET var_jumlah1 = 0;
	END IF;
	
	
	SELECT SUM(qtyterima) INTO var_jumlah2 FROM penerimaanbarangdetail JOIN penerimaanbarang 
		ON penerimaanbarang.`noterima`=`penerimaanbarangdetail`.`noterima`
		JOIN ruangan ON ruangan.kdruangan=penerimaanbarang.kdruangan
		WHERE ruangan.`kdupt`=var_kdupt AND penerimaanbarang.`tahunanggaran`=var_tahunanggaran
			AND penerimaanbarangdetail.`keybarang`=var_keybarang AND jenispenerimaan<>'Saldo Awal'
			AND penerimaanbarangdetail.hargabelisatuan = var_hargabelisatuan
			AND penerimaanbarang.`tglterima` < var_tglawal;
	
	IF var_jumlah2 IS NULL THEN
		SET var_jumlah2 = 0;
	END IF;
	
	
	SELECT SUM(qtykeluar) INTO var_jumlah3 FROM v_pengeluaranbarangdetail_with_hargabelisatuan
		WHERE v_pengeluaranbarangdetail_with_hargabelisatuan.`kdupt`=var_kdupt 
		AND v_pengeluaranbarangdetail_with_hargabelisatuan.`tahunanggaran`=var_tahunanggaran
		AND v_pengeluaranbarangdetail_with_hargabelisatuan.`keybarang`=var_keybarang
		AND v_pengeluaranbarangdetail_with_hargabelisatuan.hargabelisatuan = var_hargabelisatuan 
		AND v_pengeluaranbarangdetail_with_hargabelisatuan.`tglkeluar` < var_tglawal;
	
	IF var_jumlah3 IS NULL THEN
		SET var_jumlah3 = 0;
	END IF;
	
	RETURN var_jumlah1 + var_jumlah2 - var_jumlah3;
    END */$$
DELIMITER ;

/* Procedure structure for procedure `sp_copymasterbarang` */

/*!50003 DROP PROCEDURE IF EXISTS  `sp_copymasterbarang` */;

DELIMITER $$

/*!50003 CREATE DEFINER=`root`@`localhost` PROCEDURE `sp_copymasterbarang`(`tahunanggaran_lama` CHAR(4), `tahunanggaran_baru` CHAR(4))
BEGIN
	DECLARE finished INTEGER DEFAULT 0;
	DECLARE vkdbarang CHAR(10);
	DECLARE vnamabarang VARCHAR(100);
	DECLARE vkeyakun5 CHAR(11);
	DECLARE vmerk VARCHAR(25);
	DECLARE vtype VARCHAR(25);
	DECLARE vsatuan VARCHAR(25);
	DECLARE vkdkelompok CHAR(5);
	DECLARE vidpengguna CHAR(10);
	DECLARE vkeybarang CHAR(14);
	
	
	DECLARE curBarang CURSOR FOR 
		SELECT kdbarang, namabarang, keyakun5, merk, `type`, satuan, kdkelompok, idpengguna 
			FROM barang WHERE tahunanggaran=tahunanggaran_lama ORDER BY kdkelompok, kdbarang; 
	
	DECLARE CONTINUE HANDLER FOR NOT FOUND SET finished = 1;
        
        OPEN curBarang;
        mulaiLooping: LOOP
		FETCH curBarang INTO vkdbarang, vnamabarang, vkeyakun5, vmerk, vtype, vsatuan, vkdkelompok, vidpengguna;
		IF finished = 1 THEN 
			LEAVE mulaiLooping;
		END IF;
		
		SET vkeybarang = CONCAT(vkdbarang, tahunanggaran_baru);
		-- copy dari tahun lalu
		INSERT INTO barang(keybarang, kdbarang, namabarang, keyakun5, merk, `type`, satuan, 
				tahunanggaran, kdkelompok, idpengguna)
			VALUES(vkeybarang, vkdbarang, vnamabarang, vkeyakun5, vmerk, vtype, vsatuan, 
				tahunanggaran_baru, vkdkelompok, vidpengguna);
		
	END LOOP mulaiLooping;
    END */$$
DELIMITER ;

/* Procedure structure for procedure `sp_lapmutasi` */

/*!50003 DROP PROCEDURE IF EXISTS  `sp_lapmutasi` */;

DELIMITER $$

/*!50003 CREATE DEFINER=`root`@`localhost` PROCEDURE `sp_lapmutasi`(`vartglawal` DATE, `vartglakhir` DATE, `varkdruangan` CHAR(10))
BEGIN
	SELECT * FROM v_lapmutasi_sup_union WHERE tanggal BETWEEN vartglawal AND vartglakhir AND kdruangan = varkdruangan;
    END */$$
DELIMITER ;

/*Table structure for table `v_barang` */

DROP TABLE IF EXISTS `v_barang`;

/*!50001 DROP VIEW IF EXISTS `v_barang` */;
/*!50001 DROP TABLE IF EXISTS `v_barang` */;

/*!50001 CREATE TABLE  `v_barang`(
 `keybarang` char(14) ,
 `kdbarang` char(10) ,
 `namabarang` varchar(100) ,
 `keyakun5` char(11) ,
 `merk` varchar(25) ,
 `type` varchar(25) ,
 `satuan` varchar(25) ,
 `tahunanggaran` char(4) ,
 `kdkelompok` char(5) 
)*/;

/*Table structure for table `v_barang_mutasi` */

DROP TABLE IF EXISTS `v_barang_mutasi`;

/*!50001 DROP VIEW IF EXISTS `v_barang_mutasi` */;
/*!50001 DROP TABLE IF EXISTS `v_barang_mutasi` */;

/*!50001 CREATE TABLE  `v_barang_mutasi`(
 `keybarang` char(14) ,
 `kdbarang` char(10) ,
 `namabarang` varchar(100) ,
 `keyakun5` char(11) ,
 `merk` varchar(25) ,
 `type` varchar(25) ,
 `satuan` varchar(25) ,
 `tahunanggaran` char(4) ,
 `kdkelompok` char(5) 
)*/;

/*Table structure for table `v_barang_stok` */

DROP TABLE IF EXISTS `v_barang_stok`;

/*!50001 DROP VIEW IF EXISTS `v_barang_stok` */;
/*!50001 DROP TABLE IF EXISTS `v_barang_stok` */;

/*!50001 CREATE TABLE  `v_barang_stok`(
 `noterima` char(10) ,
 `keybarang` char(14) ,
 `stokbarang` decimal(32,0) ,
 `kdruangan` char(10) ,
 `tahunanggaran` char(4) ,
 `kdbarang` char(10) ,
 `namabarang` varchar(100) ,
 `satuan` varchar(25) 
)*/;

/*Table structure for table `v_kegiatan` */

DROP TABLE IF EXISTS `v_kegiatan`;

/*!50001 DROP VIEW IF EXISTS `v_kegiatan` */;
/*!50001 DROP TABLE IF EXISTS `v_kegiatan` */;

/*!50001 CREATE TABLE  `v_kegiatan`(
 `keykegiatan` char(19) ,
 `kdkegiatan` char(15) ,
 `namakegiatan` varchar(100) ,
 `keyprogram` char(13) ,
 `tahunanggaran` char(4) ,
 `namaprogram` varchar(100) ,
 `kdprogram` char(9) 
)*/;

/*Table structure for table `v_kelompokbarang` */

DROP TABLE IF EXISTS `v_kelompokbarang`;

/*!50001 DROP VIEW IF EXISTS `v_kelompokbarang` */;
/*!50001 DROP TABLE IF EXISTS `v_kelompokbarang` */;

/*!50001 CREATE TABLE  `v_kelompokbarang`(
 `kdkelompok` char(5) ,
 `namakelompok` varchar(100) ,
 `statusaktif` char(1) ,
 `statusaktif2` varchar(11) 
)*/;

/*Table structure for table `v_lap_mutasi` */

DROP TABLE IF EXISTS `v_lap_mutasi`;

/*!50001 DROP VIEW IF EXISTS `v_lap_mutasi` */;
/*!50001 DROP TABLE IF EXISTS `v_lap_mutasi` */;

/*!50001 CREATE TABLE  `v_lap_mutasi`(
 `keybarang` char(14) ,
 `kdbarang` char(10) ,
 `namabarang` varchar(100) ,
 `keyakun5` char(11) ,
 `merk` varchar(25) ,
 `type` varchar(25) ,
 `satuan` varchar(25) ,
 `tahunanggaran` char(4) ,
 `kdkelompok` char(5) ,
 `namakelompok` varchar(100) ,
 `kdruangan` char(10) ,
 `namaruangan` varchar(100) ,
 `kdupt` char(7) ,
 `hargabeli_average` int ,
 `jumlahunit_saldoawal` int ,
 `jumlahunit_penambahan` int ,
 `jumlahunit_pemakaian` int 
)*/;

/*Table structure for table `v_lap_mutasi_fifo` */

DROP TABLE IF EXISTS `v_lap_mutasi_fifo`;

/*!50001 DROP VIEW IF EXISTS `v_lap_mutasi_fifo` */;
/*!50001 DROP TABLE IF EXISTS `v_lap_mutasi_fifo` */;

/*!50001 CREATE TABLE  `v_lap_mutasi_fifo`(
 `keybarang` char(14) ,
 `kdbarang` char(10) ,
 `namabarang` varchar(100) ,
 `keyakun5` char(11) ,
 `merk` varchar(25) ,
 `type` varchar(25) ,
 `satuan` varchar(25) ,
 `tahunanggaran` char(4) ,
 `kdkelompok` char(5) ,
 `namakelompok` varchar(100) ,
 `noterima` char(10) ,
 `tglterima` date ,
 `kdruangan` char(10) ,
 `jenispenerimaan` enum('Saldo Awal','Penerimaan') ,
 `namaruangan` varchar(100) ,
 `kdupt` char(7) ,
 `stokbarang` int ,
 `hargabelisatuan` decimal(10,0) ,
 `qtysaldoawal` bigint ,
 `qtypenerimaan` bigint ,
 `qtypengeluaran` bigint 
)*/;

/*Table structure for table `v_lapmutasi_sup1` */

DROP TABLE IF EXISTS `v_lapmutasi_sup1`;

/*!50001 DROP VIEW IF EXISTS `v_lapmutasi_sup1` */;
/*!50001 DROP TABLE IF EXISTS `v_lapmutasi_sup1` */;

/*!50001 CREATE TABLE  `v_lapmutasi_sup1`(
 `nokeluar` char(10) ,
 `tglkeluar` date ,
 `keybarang` char(14) ,
 `kdbarang` char(10) ,
 `namabarang` varchar(100) ,
 `satuan` varchar(25) ,
 `tahunanggaran` char(4) ,
 `qtykeluar` int ,
 `noterima` char(10) ,
 `hargabelisatuan` decimal(10,0) ,
 `kdruangan` char(10) ,
 `kdkelompok` char(5) ,
 `namakelompok` varchar(100) 
)*/;

/*Table structure for table `v_lapmutasi_sup2` */

DROP TABLE IF EXISTS `v_lapmutasi_sup2`;

/*!50001 DROP VIEW IF EXISTS `v_lapmutasi_sup2` */;
/*!50001 DROP TABLE IF EXISTS `v_lapmutasi_sup2` */;

/*!50001 CREATE TABLE  `v_lapmutasi_sup2`(
 `noterima` char(10) ,
 `tglterima` date ,
 `keybarang` char(14) ,
 `kdbarang` char(10) ,
 `namabarang` varchar(100) ,
 `satuan` varchar(25) ,
 `tahunanggaran` char(4) ,
 `qtyterima` int ,
 `hargabelisatuan` decimal(10,0) ,
 `kdruangan` char(10) ,
 `kdkelompok` char(5) ,
 `namakelompok` varchar(100) 
)*/;

/*Table structure for table `v_lapmutasi_sup_union` */

DROP TABLE IF EXISTS `v_lapmutasi_sup_union`;

/*!50001 DROP VIEW IF EXISTS `v_lapmutasi_sup_union` */;
/*!50001 DROP TABLE IF EXISTS `v_lapmutasi_sup_union` */;

/*!50001 CREATE TABLE  `v_lapmutasi_sup_union`(
 `notransaksi` char(10) ,
 `tanggal` date ,
 `kdruangan` char(10) ,
 `keybarang` char(14) ,
 `kdbarang` char(10) ,
 `namabarang` varchar(100) ,
 `satuan` varchar(25) ,
 `tahunanggaran` char(4) ,
 `qtyterima` int ,
 `qtykeluar` int ,
 `hargabelisatuan` decimal(10,0) ,
 `kdkelompok` char(5) ,
 `namakelompok` varchar(100) 
)*/;

/*Table structure for table `v_penandatangan` */

DROP TABLE IF EXISTS `v_penandatangan`;

/*!50001 DROP VIEW IF EXISTS `v_penandatangan` */;
/*!50001 DROP TABLE IF EXISTS `v_penandatangan` */;

/*!50001 CREATE TABLE  `v_penandatangan`(
 `idpenandatangan` char(10) ,
 `nip` char(20) ,
 `namapenandatangan` varchar(100) ,
 `idstruktur` char(2) ,
 `jabatan` varchar(100) ,
 `golongan` varchar(50) ,
 `kdttd` char(2) ,
 `kdruangan` char(10) ,
 `statusaktif` char(1) ,
 `statusaktif2` varchar(11) ,
 `namaruangan` varchar(100) 
)*/;

/*Table structure for table `v_penerimaanbarang` */

DROP TABLE IF EXISTS `v_penerimaanbarang`;

/*!50001 DROP VIEW IF EXISTS `v_penerimaanbarang` */;
/*!50001 DROP TABLE IF EXISTS `v_penerimaanbarang` */;

/*!50001 CREATE TABLE  `v_penerimaanbarang`(
 `noterima` char(10) ,
 `tglterima` date ,
 `uraian` varchar(255) ,
 `tahunanggaran` char(4) ,
 `kdruangan` char(10) ,
 `tglinsert` datetime ,
 `tglupdate` datetime ,
 `idpengguna` char(10) ,
 `totalbeli` decimal(18,0) ,
 `jenispenerimaan` enum('Saldo Awal','Penerimaan') 
)*/;

/*Table structure for table `v_penerimaanbarangdetail` */

DROP TABLE IF EXISTS `v_penerimaanbarangdetail`;

/*!50001 DROP VIEW IF EXISTS `v_penerimaanbarangdetail` */;
/*!50001 DROP TABLE IF EXISTS `v_penerimaanbarangdetail` */;

/*!50001 CREATE TABLE  `v_penerimaanbarangdetail`(
 `noterima` char(10) ,
 `keybarang` char(14) ,
 `qtyterima` int ,
 `hargabelisatuan` decimal(10,0) ,
 `stokbarang` int ,
 `kdruangan` char(10) ,
 `tahunanggaran` char(4) ,
 `tglterima` date ,
 `uraian` varchar(255) ,
 `kdbarang` char(10) ,
 `kdkelompok` char(5) ,
 `keyakun5` char(11) ,
 `merk` varchar(25) ,
 `namabarang` varchar(100) ,
 `satuan` varchar(25) ,
 `type` varchar(25) ,
 `namaruangan` varchar(100) ,
 `kdupt` char(7) 
)*/;

/*Table structure for table `v_penerimaanbarangdetail_all` */

DROP TABLE IF EXISTS `v_penerimaanbarangdetail_all`;

/*!50001 DROP VIEW IF EXISTS `v_penerimaanbarangdetail_all` */;
/*!50001 DROP TABLE IF EXISTS `v_penerimaanbarangdetail_all` */;

/*!50001 CREATE TABLE  `v_penerimaanbarangdetail_all`(
 `noterima` char(10) ,
 `keybarang` char(14) ,
 `qtyterima` int ,
 `hargabelisatuan` decimal(10,0) ,
 `stokbarang` int ,
 `kdruangan` char(10) ,
 `tahunanggaran` char(4) ,
 `tglterima` date ,
 `uraian` varchar(255) ,
 `kdbarang` char(10) ,
 `kdkelompok` char(5) ,
 `keyakun5` char(11) ,
 `merk` varchar(25) ,
 `namabarang` varchar(100) ,
 `satuan` varchar(25) ,
 `type` varchar(25) ,
 `namaruangan` varchar(100) ,
 `kdupt` char(7) 
)*/;

/*Table structure for table `v_pengeluaranbarang` */

DROP TABLE IF EXISTS `v_pengeluaranbarang`;

/*!50001 DROP VIEW IF EXISTS `v_pengeluaranbarang` */;
/*!50001 DROP TABLE IF EXISTS `v_pengeluaranbarang` */;

/*!50001 CREATE TABLE  `v_pengeluaranbarang`(
 `nokeluar` char(10) ,
 `tglkeluar` date ,
 `uraian` varchar(255) ,
 `tahunanggaran` char(4) ,
 `kdruangan` char(10) ,
 `tglinsert` datetime ,
 `tglupdate` datetime ,
 `idpengguna` char(10) 
)*/;

/*Table structure for table `v_pengeluaranbarangdetail` */

DROP TABLE IF EXISTS `v_pengeluaranbarangdetail`;

/*!50001 DROP VIEW IF EXISTS `v_pengeluaranbarangdetail` */;
/*!50001 DROP TABLE IF EXISTS `v_pengeluaranbarangdetail` */;

/*!50001 CREATE TABLE  `v_pengeluaranbarangdetail`(
 `nokeluar` char(10) ,
 `keybarang` char(14) ,
 `qtykeluar` int ,
 `tglkeluar` date ,
 `uraian` varchar(255) ,
 `tahunanggaran` char(4) ,
 `kdruangan` char(10) ,
 `idpengguna` char(10) ,
 `namabarang` varchar(100) ,
 `kdbarang` char(10) ,
 `keyakun5` char(11) ,
 `merk` varchar(25) ,
 `type` varchar(25) ,
 `satuan` varchar(25) ,
 `kdkelompok` char(5) ,
 `namaruangan` varchar(100) ,
 `kdupt` char(7) 
)*/;

/*Table structure for table `v_pengeluaranbarangdetail_with_hargabelisatuan` */

DROP TABLE IF EXISTS `v_pengeluaranbarangdetail_with_hargabelisatuan`;

/*!50001 DROP VIEW IF EXISTS `v_pengeluaranbarangdetail_with_hargabelisatuan` */;
/*!50001 DROP TABLE IF EXISTS `v_pengeluaranbarangdetail_with_hargabelisatuan` */;

/*!50001 CREATE TABLE  `v_pengeluaranbarangdetail_with_hargabelisatuan`(
 `nokeluar` char(10) ,
 `keybarang` char(14) ,
 `qtykeluar` int ,
 `tglkeluar` date ,
 `uraian` varchar(255) ,
 `tahunanggaran` char(4) ,
 `kdruangan` char(10) ,
 `idpengguna` char(10) ,
 `namabarang` varchar(100) ,
 `kdbarang` char(10) ,
 `keyakun5` char(11) ,
 `merk` varchar(25) ,
 `type` varchar(25) ,
 `satuan` varchar(25) ,
 `kdkelompok` char(5) ,
 `namaruangan` varchar(100) ,
 `kdupt` char(7) ,
 `noterima` char(10) ,
 `hargabelisatuan` decimal(10,0) 
)*/;

/*Table structure for table `v_pengguna` */

DROP TABLE IF EXISTS `v_pengguna`;

/*!50001 DROP VIEW IF EXISTS `v_pengguna` */;
/*!50001 DROP TABLE IF EXISTS `v_pengguna` */;

/*!50001 CREATE TABLE  `v_pengguna`(
 `idpengguna` char(10) ,
 `namapengguna` varchar(100) ,
 `kdruangan` char(10) ,
 `nip` char(20) ,
 `jk` char(1) ,
 `tgllahir` date ,
 `tempatlahir` varchar(50) ,
 `notelppengguna` char(16) ,
 `username` varchar(25) ,
 `password` varchar(100) ,
 `statusaktif` char(1) ,
 `foto` varchar(255) ,
 `akseslevel` char(1) ,
 `kdupt` char(7) ,
 `namaupt` varchar(100) ,
 `akseslevel2` varchar(21) ,
 `statusaktif2` varchar(11) ,
 `jk2` varchar(9) ,
 `namaruangan` varchar(100) ,
 `alamat` varchar(255) ,
 `notelp` char(16) 
)*/;

/*Table structure for table `v_program` */

DROP TABLE IF EXISTS `v_program`;

/*!50001 DROP VIEW IF EXISTS `v_program` */;
/*!50001 DROP TABLE IF EXISTS `v_program` */;

/*!50001 CREATE TABLE  `v_program`(
 `keyprogram` char(13) ,
 `kdprogram` char(9) ,
 `namaprogram` varchar(100) ,
 `tahunanggaran` char(4) 
)*/;

/*Table structure for table `v_ruangan` */

DROP TABLE IF EXISTS `v_ruangan`;

/*!50001 DROP VIEW IF EXISTS `v_ruangan` */;
/*!50001 DROP TABLE IF EXISTS `v_ruangan` */;

/*!50001 CREATE TABLE  `v_ruangan`(
 `kdruangan` char(10) ,
 `namaruangan` varchar(100) ,
 `alamat` varchar(255) ,
 `notelp` char(16) ,
 `kdupt` char(7) ,
 `statusaktif` char(1) ,
 `statusaktif2` varchar(11) ,
 `namaupt` varchar(100) 
)*/;

/*Table structure for table `v_saldoawal` */

DROP TABLE IF EXISTS `v_saldoawal`;

/*!50001 DROP VIEW IF EXISTS `v_saldoawal` */;
/*!50001 DROP TABLE IF EXISTS `v_saldoawal` */;

/*!50001 CREATE TABLE  `v_saldoawal`(
 `noterima` char(10) ,
 `tglterima` date ,
 `uraian` varchar(255) ,
 `tahunanggaran` char(4) ,
 `kdruangan` char(10) ,
 `tglinsert` datetime ,
 `tglupdate` datetime ,
 `idpengguna` char(10) ,
 `totalbeli` decimal(18,0) ,
 `jenispenerimaan` enum('Saldo Awal','Penerimaan') 
)*/;

/*Table structure for table `v_saldoawaldetail` */

DROP TABLE IF EXISTS `v_saldoawaldetail`;

/*!50001 DROP VIEW IF EXISTS `v_saldoawaldetail` */;
/*!50001 DROP TABLE IF EXISTS `v_saldoawaldetail` */;

/*!50001 CREATE TABLE  `v_saldoawaldetail`(
 `noterima` char(10) ,
 `keybarang` char(14) ,
 `qtyterima` int ,
 `hargabelisatuan` decimal(10,0) ,
 `stokbarang` int ,
 `kdruangan` char(10) ,
 `tahunanggaran` char(4) ,
 `tglterima` date ,
 `uraian` varchar(255) ,
 `kdbarang` char(10) ,
 `kdkelompok` char(5) ,
 `keyakun5` char(11) ,
 `merk` varchar(25) ,
 `namabarang` varchar(100) ,
 `satuan` varchar(25) ,
 `type` varchar(25) ,
 `namaruangan` varchar(100) ,
 `kdupt` char(7) 
)*/;

/*Table structure for table `v_stok_keseluruhan_2020` */

DROP TABLE IF EXISTS `v_stok_keseluruhan_2020`;

/*!50001 DROP VIEW IF EXISTS `v_stok_keseluruhan_2020` */;
/*!50001 DROP TABLE IF EXISTS `v_stok_keseluruhan_2020` */;

/*!50001 CREATE TABLE  `v_stok_keseluruhan_2020`(
 `kdupt` char(7) ,
 `namaupt` varchar(100) ,
 `kdruangan` char(10) ,
 `namaruangan` varchar(100) ,
 `tahunanggaran` char(4) ,
 `keybarang` char(14) ,
 `namabarang` varchar(100) ,
 `kdbarang` char(10) ,
 `kdkelompok` char(5) ,
 `satuan` varchar(25) ,
 `namakelompok` varchar(100) ,
 `stokbarang` decimal(32,0) 
)*/;

/*Table structure for table `v_stok_keseluruhan_2021` */

DROP TABLE IF EXISTS `v_stok_keseluruhan_2021`;

/*!50001 DROP VIEW IF EXISTS `v_stok_keseluruhan_2021` */;
/*!50001 DROP TABLE IF EXISTS `v_stok_keseluruhan_2021` */;

/*!50001 CREATE TABLE  `v_stok_keseluruhan_2021`(
 `kdupt` char(7) ,
 `namaupt` varchar(100) ,
 `kdruangan` char(10) ,
 `namaruangan` varchar(100) ,
 `tahunanggaran` char(4) ,
 `keybarang` char(14) ,
 `namabarang` varchar(100) ,
 `kdbarang` char(10) ,
 `kdkelompok` char(5) ,
 `satuan` varchar(25) ,
 `namakelompok` varchar(100) ,
 `stokbarang` decimal(32,0) 
)*/;

/*Table structure for table `v_stok_keseluruhan_2022` */

DROP TABLE IF EXISTS `v_stok_keseluruhan_2022`;

/*!50001 DROP VIEW IF EXISTS `v_stok_keseluruhan_2022` */;
/*!50001 DROP TABLE IF EXISTS `v_stok_keseluruhan_2022` */;

/*!50001 CREATE TABLE  `v_stok_keseluruhan_2022`(
 `kdupt` char(7) ,
 `namaupt` varchar(100) ,
 `kdruangan` char(10) ,
 `namaruangan` varchar(100) ,
 `tahunanggaran` char(4) ,
 `keybarang` char(14) ,
 `namabarang` varchar(100) ,
 `kdbarang` char(10) ,
 `kdkelompok` char(5) ,
 `satuan` varchar(25) ,
 `namakelompok` varchar(100) ,
 `stokbarang` decimal(32,0) 
)*/;

/*Table structure for table `v_stok_keseluruhan_2023` */

DROP TABLE IF EXISTS `v_stok_keseluruhan_2023`;

/*!50001 DROP VIEW IF EXISTS `v_stok_keseluruhan_2023` */;
/*!50001 DROP TABLE IF EXISTS `v_stok_keseluruhan_2023` */;

/*!50001 CREATE TABLE  `v_stok_keseluruhan_2023`(
 `kdupt` char(7) ,
 `namaupt` varchar(100) ,
 `kdruangan` char(10) ,
 `namaruangan` varchar(100) ,
 `tahunanggaran` char(4) ,
 `keybarang` char(14) ,
 `namabarang` varchar(100) ,
 `kdbarang` char(10) ,
 `kdkelompok` char(5) ,
 `satuan` varchar(25) ,
 `namakelompok` varchar(100) ,
 `stokbarang` decimal(32,0) 
)*/;

/*Table structure for table `v_stok_keseluruhan_2024` */

DROP TABLE IF EXISTS `v_stok_keseluruhan_2024`;

/*!50001 DROP VIEW IF EXISTS `v_stok_keseluruhan_2024` */;
/*!50001 DROP TABLE IF EXISTS `v_stok_keseluruhan_2024` */;

/*!50001 CREATE TABLE  `v_stok_keseluruhan_2024`(
 `kdupt` char(7) ,
 `namaupt` varchar(100) ,
 `kdruangan` char(10) ,
 `namaruangan` varchar(100) ,
 `tahunanggaran` char(4) ,
 `keybarang` char(14) ,
 `namabarang` varchar(100) ,
 `kdbarang` char(10) ,
 `kdkelompok` char(5) ,
 `satuan` varchar(25) ,
 `namakelompok` varchar(100) ,
 `stokbarang` decimal(32,0) 
)*/;

/*Table structure for table `v_stok_keseluruhan_2025` */

DROP TABLE IF EXISTS `v_stok_keseluruhan_2025`;

/*!50001 DROP VIEW IF EXISTS `v_stok_keseluruhan_2025` */;
/*!50001 DROP TABLE IF EXISTS `v_stok_keseluruhan_2025` */;

/*!50001 CREATE TABLE  `v_stok_keseluruhan_2025`(
 `kdupt` char(7) ,
 `namaupt` varchar(100) ,
 `kdruangan` char(10) ,
 `namaruangan` varchar(100) ,
 `tahunanggaran` char(4) ,
 `keybarang` char(14) ,
 `namabarang` varchar(100) ,
 `kdbarang` char(10) ,
 `kdkelompok` char(5) ,
 `satuan` varchar(25) ,
 `namakelompok` varchar(100) ,
 `stokbarang` decimal(32,0) 
)*/;

/*Table structure for table `v_stok_keseluruhan_2026` */

DROP TABLE IF EXISTS `v_stok_keseluruhan_2026`;

/*!50001 DROP VIEW IF EXISTS `v_stok_keseluruhan_2026` */;
/*!50001 DROP TABLE IF EXISTS `v_stok_keseluruhan_2026` */;

/*!50001 CREATE TABLE  `v_stok_keseluruhan_2026`(
 `kdupt` char(7) ,
 `namaupt` varchar(100) ,
 `kdruangan` char(10) ,
 `namaruangan` varchar(100) ,
 `tahunanggaran` char(4) ,
 `keybarang` char(14) ,
 `namabarang` varchar(100) ,
 `kdbarang` char(10) ,
 `kdkelompok` char(5) ,
 `satuan` varchar(25) ,
 `namakelompok` varchar(100) ,
 `stokbarang` decimal(32,0) 
)*/;

/*Table structure for table `v_stok_keseluruhan_2027` */

DROP TABLE IF EXISTS `v_stok_keseluruhan_2027`;

/*!50001 DROP VIEW IF EXISTS `v_stok_keseluruhan_2027` */;
/*!50001 DROP TABLE IF EXISTS `v_stok_keseluruhan_2027` */;

/*!50001 CREATE TABLE  `v_stok_keseluruhan_2027`(
 `kdupt` char(7) ,
 `namaupt` varchar(100) ,
 `kdruangan` char(10) ,
 `namaruangan` varchar(100) ,
 `tahunanggaran` char(4) ,
 `keybarang` char(14) ,
 `namabarang` varchar(100) ,
 `kdbarang` char(10) ,
 `kdkelompok` char(5) ,
 `satuan` varchar(25) ,
 `namakelompok` varchar(100) ,
 `stokbarang` decimal(32,0) 
)*/;

/*Table structure for table `v_stok_keseluruhan_2028` */

DROP TABLE IF EXISTS `v_stok_keseluruhan_2028`;

/*!50001 DROP VIEW IF EXISTS `v_stok_keseluruhan_2028` */;
/*!50001 DROP TABLE IF EXISTS `v_stok_keseluruhan_2028` */;

/*!50001 CREATE TABLE  `v_stok_keseluruhan_2028`(
 `kdupt` char(7) ,
 `namaupt` varchar(100) ,
 `kdruangan` char(10) ,
 `namaruangan` varchar(100) ,
 `tahunanggaran` char(4) ,
 `keybarang` char(14) ,
 `namabarang` varchar(100) ,
 `kdbarang` char(10) ,
 `kdkelompok` char(5) ,
 `satuan` varchar(25) ,
 `namakelompok` varchar(100) ,
 `stokbarang` decimal(32,0) 
)*/;

/*Table structure for table `v_stok_keseluruhan_2029` */

DROP TABLE IF EXISTS `v_stok_keseluruhan_2029`;

/*!50001 DROP VIEW IF EXISTS `v_stok_keseluruhan_2029` */;
/*!50001 DROP TABLE IF EXISTS `v_stok_keseluruhan_2029` */;

/*!50001 CREATE TABLE  `v_stok_keseluruhan_2029`(
 `kdupt` char(7) ,
 `namaupt` varchar(100) ,
 `kdruangan` char(10) ,
 `namaruangan` varchar(100) ,
 `tahunanggaran` char(4) ,
 `keybarang` char(14) ,
 `namabarang` varchar(100) ,
 `kdbarang` char(10) ,
 `kdkelompok` char(5) ,
 `satuan` varchar(25) ,
 `namakelompok` varchar(100) ,
 `stokbarang` decimal(32,0) 
)*/;

/*Table structure for table `v_stok_keseluruhan_2030` */

DROP TABLE IF EXISTS `v_stok_keseluruhan_2030`;

/*!50001 DROP VIEW IF EXISTS `v_stok_keseluruhan_2030` */;
/*!50001 DROP TABLE IF EXISTS `v_stok_keseluruhan_2030` */;

/*!50001 CREATE TABLE  `v_stok_keseluruhan_2030`(
 `kdupt` char(7) ,
 `namaupt` varchar(100) ,
 `kdruangan` char(10) ,
 `namaruangan` varchar(100) ,
 `tahunanggaran` char(4) ,
 `keybarang` char(14) ,
 `namabarang` varchar(100) ,
 `kdbarang` char(10) ,
 `kdkelompok` char(5) ,
 `satuan` varchar(25) ,
 `namakelompok` varchar(100) ,
 `stokbarang` decimal(32,0) 
)*/;

/*Table structure for table `v_upt` */

DROP TABLE IF EXISTS `v_upt`;

/*!50001 DROP VIEW IF EXISTS `v_upt` */;
/*!50001 DROP TABLE IF EXISTS `v_upt` */;

/*!50001 CREATE TABLE  `v_upt`(
 `kdupt` char(7) ,
 `namaupt` varchar(100) ,
 `alamat` varchar(255) ,
 `notelp` char(16) ,
 `kdskpd` char(5) ,
 `namaskpd` varchar(100) 
)*/;

/*View structure for view v_barang */

/*!50001 DROP TABLE IF EXISTS `v_barang` */;
/*!50001 DROP VIEW IF EXISTS `v_barang` */;

/*!50001 CREATE ALGORITHM=UNDEFINED DEFINER=`root`@`localhost` SQL SECURITY DEFINER VIEW `v_barang` AS select `barang`.`keybarang` AS `keybarang`,`barang`.`kdbarang` AS `kdbarang`,`barang`.`namabarang` AS `namabarang`,`barang`.`keyakun5` AS `keyakun5`,`barang`.`merk` AS `merk`,`barang`.`type` AS `type`,`barang`.`satuan` AS `satuan`,`barang`.`tahunanggaran` AS `tahunanggaran`,`barang`.`kdkelompok` AS `kdkelompok` from `barang` */;

/*View structure for view v_barang_mutasi */

/*!50001 DROP TABLE IF EXISTS `v_barang_mutasi` */;
/*!50001 DROP VIEW IF EXISTS `v_barang_mutasi` */;

/*!50001 CREATE ALGORITHM=UNDEFINED DEFINER=`root`@`localhost` SQL SECURITY DEFINER VIEW `v_barang_mutasi` AS select `barang`.`keybarang` AS `keybarang`,`barang`.`kdbarang` AS `kdbarang`,`barang`.`namabarang` AS `namabarang`,`barang`.`keyakun5` AS `keyakun5`,`barang`.`merk` AS `merk`,`barang`.`type` AS `type`,`barang`.`satuan` AS `satuan`,`barang`.`tahunanggaran` AS `tahunanggaran`,`barang`.`kdkelompok` AS `kdkelompok` from `barang` */;

/*View structure for view v_barang_stok */

/*!50001 DROP TABLE IF EXISTS `v_barang_stok` */;
/*!50001 DROP VIEW IF EXISTS `v_barang_stok` */;

/*!50001 CREATE ALGORITHM=UNDEFINED DEFINER=`root`@`localhost` SQL SECURITY DEFINER VIEW `v_barang_stok` AS select `penerimaanbarangdetail`.`noterima` AS `noterima`,`penerimaanbarangdetail`.`keybarang` AS `keybarang`,sum(`penerimaanbarangdetail`.`stokbarang`) AS `stokbarang`,`penerimaanbarang`.`kdruangan` AS `kdruangan`,`penerimaanbarang`.`tahunanggaran` AS `tahunanggaran`,`barang`.`kdbarang` AS `kdbarang`,`barang`.`namabarang` AS `namabarang`,`barang`.`satuan` AS `satuan` from ((`penerimaanbarangdetail` join `penerimaanbarang` on((`penerimaanbarang`.`noterima` = `penerimaanbarangdetail`.`noterima`))) join `barang` on((`barang`.`keybarang` = `penerimaanbarangdetail`.`keybarang`))) group by `penerimaanbarangdetail`.`noterima`,`penerimaanbarangdetail`.`keybarang`,`penerimaanbarang`.`kdruangan`,`barang`.`kdbarang`,`barang`.`namabarang`,`penerimaanbarang`.`tahunanggaran` */;

/*View structure for view v_kegiatan */

/*!50001 DROP TABLE IF EXISTS `v_kegiatan` */;
/*!50001 DROP VIEW IF EXISTS `v_kegiatan` */;

/*!50001 CREATE ALGORITHM=UNDEFINED DEFINER=`root`@`localhost` SQL SECURITY DEFINER VIEW `v_kegiatan` AS select `kegiatan`.`keykegiatan` AS `keykegiatan`,`kegiatan`.`kdkegiatan` AS `kdkegiatan`,`kegiatan`.`namakegiatan` AS `namakegiatan`,`kegiatan`.`keyprogram` AS `keyprogram`,`kegiatan`.`tahunanggaran` AS `tahunanggaran`,`program`.`namaprogram` AS `namaprogram`,`program`.`kdprogram` AS `kdprogram` from (`kegiatan` join `program` on((`program`.`keyprogram` = `kegiatan`.`keyprogram`))) */;

/*View structure for view v_kelompokbarang */

/*!50001 DROP TABLE IF EXISTS `v_kelompokbarang` */;
/*!50001 DROP VIEW IF EXISTS `v_kelompokbarang` */;

/*!50001 CREATE ALGORITHM=UNDEFINED DEFINER=`root`@`localhost` SQL SECURITY DEFINER VIEW `v_kelompokbarang` AS select `kelompokbarang`.`kdkelompok` AS `kdkelompok`,`kelompokbarang`.`namakelompok` AS `namakelompok`,`kelompokbarang`.`statusaktif` AS `statusaktif`,(case when (`kelompokbarang`.`statusaktif` = '1') then 'Aktif' else 'Tidak Aktif' end) AS `statusaktif2` from `kelompokbarang` */;

/*View structure for view v_lap_mutasi */

/*!50001 DROP TABLE IF EXISTS `v_lap_mutasi` */;
/*!50001 DROP VIEW IF EXISTS `v_lap_mutasi` */;

/*!50001 CREATE ALGORITHM=UNDEFINED DEFINER=`root`@`localhost` SQL SECURITY DEFINER VIEW `v_lap_mutasi` AS select `barang`.`keybarang` AS `keybarang`,`barang`.`kdbarang` AS `kdbarang`,`barang`.`namabarang` AS `namabarang`,`barang`.`keyakun5` AS `keyakun5`,`barang`.`merk` AS `merk`,`barang`.`type` AS `type`,`barang`.`satuan` AS `satuan`,`barang`.`tahunanggaran` AS `tahunanggaran`,`barang`.`kdkelompok` AS `kdkelompok`,`kelompokbarang`.`namakelompok` AS `namakelompok`,`ruangan`.`kdruangan` AS `kdruangan`,`ruangan`.`namaruangan` AS `namaruangan`,`ruangan`.`kdupt` AS `kdupt`,`hitung_average_hargabarang_perruangan`(`ruangan`.`kdruangan`,`barang`.`tahunanggaran`,`barang`.`keybarang`) AS `hargabeli_average`,`hitung_saldoawal_barang_perruangan`(`ruangan`.`kdruangan`,`barang`.`tahunanggaran`,`barang`.`keybarang`) AS `jumlahunit_saldoawal`,`hitung_penambahan_barang_perruangan`(`ruangan`.`kdruangan`,`barang`.`tahunanggaran`,`barang`.`keybarang`) AS `jumlahunit_penambahan`,`hitung_pemakaian_barang_perruangan`(`ruangan`.`kdruangan`,`barang`.`tahunanggaran`,`barang`.`keybarang`) AS `jumlahunit_pemakaian` from ((`barang` join `kelompokbarang` on((`kelompokbarang`.`kdkelompok` = `barang`.`kdkelompok`))) join `ruangan`) */;

/*View structure for view v_lap_mutasi_fifo */

/*!50001 DROP TABLE IF EXISTS `v_lap_mutasi_fifo` */;
/*!50001 DROP VIEW IF EXISTS `v_lap_mutasi_fifo` */;

/*!50001 CREATE ALGORITHM=UNDEFINED DEFINER=`root`@`localhost` SQL SECURITY DEFINER VIEW `v_lap_mutasi_fifo` AS select `barang`.`keybarang` AS `keybarang`,`barang`.`kdbarang` AS `kdbarang`,`barang`.`namabarang` AS `namabarang`,`barang`.`keyakun5` AS `keyakun5`,`barang`.`merk` AS `merk`,`barang`.`type` AS `type`,`barang`.`satuan` AS `satuan`,`barang`.`tahunanggaran` AS `tahunanggaran`,`barang`.`kdkelompok` AS `kdkelompok`,`kelompokbarang`.`namakelompok` AS `namakelompok`,`penerimaanbarang`.`noterima` AS `noterima`,`penerimaanbarang`.`tglterima` AS `tglterima`,`penerimaanbarang`.`kdruangan` AS `kdruangan`,`penerimaanbarang`.`jenispenerimaan` AS `jenispenerimaan`,`ruangan`.`namaruangan` AS `namaruangan`,`ruangan`.`kdupt` AS `kdupt`,`penerimaanbarangdetail`.`stokbarang` AS `stokbarang`,`penerimaanbarangdetail`.`hargabelisatuan` AS `hargabelisatuan`,(case when (`penerimaanbarang`.`jenispenerimaan` = 'Saldo Awal') then `penerimaanbarangdetail`.`qtyterima` else 0 end) AS `qtysaldoawal`,(case when (`penerimaanbarang`.`jenispenerimaan` <> 'Saldo Awal') then `penerimaanbarangdetail`.`qtyterima` else 0 end) AS `qtypenerimaan`,(`penerimaanbarangdetail`.`qtyterima` - `penerimaanbarangdetail`.`stokbarang`) AS `qtypengeluaran` from ((((`barang` join `penerimaanbarangdetail` on((`barang`.`keybarang` = `penerimaanbarangdetail`.`keybarang`))) join `kelompokbarang` on((`barang`.`kdkelompok` = `kelompokbarang`.`kdkelompok`))) join `penerimaanbarang` on((`penerimaanbarangdetail`.`noterima` = `penerimaanbarang`.`noterima`))) join `ruangan` on((`penerimaanbarang`.`kdruangan` = `ruangan`.`kdruangan`))) */;

/*View structure for view v_lapmutasi_sup1 */

/*!50001 DROP TABLE IF EXISTS `v_lapmutasi_sup1` */;
/*!50001 DROP VIEW IF EXISTS `v_lapmutasi_sup1` */;

/*!50001 CREATE ALGORITHM=UNDEFINED DEFINER=`root`@`localhost` SQL SECURITY DEFINER VIEW `v_lapmutasi_sup1` AS select `pengeluaranbarangdetail`.`nokeluar` AS `nokeluar`,`pengeluaranbarang`.`tglkeluar` AS `tglkeluar`,`pengeluaranbarangdetail`.`keybarang` AS `keybarang`,`barang`.`kdbarang` AS `kdbarang`,`barang`.`namabarang` AS `namabarang`,`barang`.`satuan` AS `satuan`,`pengeluaranbarang`.`tahunanggaran` AS `tahunanggaran`,`pengeluaranbarangdetail`.`qtykeluar` AS `qtykeluar`,`pengeluaranbarangdetail_noterima`.`noterima` AS `noterima`,`penerimaanbarangdetail`.`hargabelisatuan` AS `hargabelisatuan`,`pengeluaranbarang`.`kdruangan` AS `kdruangan`,`barang`.`kdkelompok` AS `kdkelompok`,`kelompokbarang`.`namakelompok` AS `namakelompok` from (((((`pengeluaranbarangdetail` join `pengeluaranbarang` on((`pengeluaranbarangdetail`.`nokeluar` = `pengeluaranbarang`.`nokeluar`))) join `pengeluaranbarangdetail_noterima` on(((`pengeluaranbarangdetail_noterima`.`nokeluar` = `pengeluaranbarangdetail`.`nokeluar`) and (`pengeluaranbarangdetail`.`keybarang` = `pengeluaranbarangdetail_noterima`.`keybarang`)))) join `barang` on((`pengeluaranbarangdetail`.`keybarang` = `barang`.`keybarang`))) join `penerimaanbarangdetail` on(((`pengeluaranbarangdetail_noterima`.`noterima` = `penerimaanbarangdetail`.`noterima`) and (`pengeluaranbarangdetail_noterima`.`keybarang` = `penerimaanbarangdetail`.`keybarang`)))) join `kelompokbarang` on((`barang`.`kdkelompok` = `kelompokbarang`.`kdkelompok`))) */;

/*View structure for view v_lapmutasi_sup2 */

/*!50001 DROP TABLE IF EXISTS `v_lapmutasi_sup2` */;
/*!50001 DROP VIEW IF EXISTS `v_lapmutasi_sup2` */;

/*!50001 CREATE ALGORITHM=UNDEFINED DEFINER=`root`@`localhost` SQL SECURITY DEFINER VIEW `v_lapmutasi_sup2` AS select `penerimaanbarangdetail`.`noterima` AS `noterima`,`penerimaanbarang`.`tglterima` AS `tglterima`,`penerimaanbarangdetail`.`keybarang` AS `keybarang`,`barang`.`kdbarang` AS `kdbarang`,`barang`.`namabarang` AS `namabarang`,`barang`.`satuan` AS `satuan`,`penerimaanbarang`.`tahunanggaran` AS `tahunanggaran`,`penerimaanbarangdetail`.`qtyterima` AS `qtyterima`,`penerimaanbarangdetail`.`hargabelisatuan` AS `hargabelisatuan`,`penerimaanbarang`.`kdruangan` AS `kdruangan`,`barang`.`kdkelompok` AS `kdkelompok`,`kelompokbarang`.`namakelompok` AS `namakelompok` from (((`penerimaanbarangdetail` join `penerimaanbarang` on((`penerimaanbarangdetail`.`noterima` = `penerimaanbarang`.`noterima`))) join `barang` on((`penerimaanbarangdetail`.`keybarang` = `barang`.`keybarang`))) join `kelompokbarang` on((`barang`.`kdkelompok` = `kelompokbarang`.`kdkelompok`))) */;

/*View structure for view v_lapmutasi_sup_union */

/*!50001 DROP TABLE IF EXISTS `v_lapmutasi_sup_union` */;
/*!50001 DROP VIEW IF EXISTS `v_lapmutasi_sup_union` */;

/*!50001 CREATE ALGORITHM=UNDEFINED DEFINER=`root`@`localhost` SQL SECURITY DEFINER VIEW `v_lapmutasi_sup_union` AS select `v_lapmutasi_sup2`.`noterima` AS `notransaksi`,`v_lapmutasi_sup2`.`tglterima` AS `tanggal`,`v_lapmutasi_sup2`.`kdruangan` AS `kdruangan`,`v_lapmutasi_sup2`.`keybarang` AS `keybarang`,`v_lapmutasi_sup2`.`kdbarang` AS `kdbarang`,`v_lapmutasi_sup2`.`namabarang` AS `namabarang`,`v_lapmutasi_sup2`.`satuan` AS `satuan`,`v_lapmutasi_sup2`.`tahunanggaran` AS `tahunanggaran`,`v_lapmutasi_sup2`.`qtyterima` AS `qtyterima`,0 AS `qtykeluar`,`v_lapmutasi_sup2`.`hargabelisatuan` AS `hargabelisatuan`,`v_lapmutasi_sup2`.`kdkelompok` AS `kdkelompok`,`v_lapmutasi_sup2`.`namakelompok` AS `namakelompok` from `v_lapmutasi_sup2` */;

/*View structure for view v_penandatangan */

/*!50001 DROP TABLE IF EXISTS `v_penandatangan` */;
/*!50001 DROP VIEW IF EXISTS `v_penandatangan` */;

/*!50001 CREATE ALGORITHM=UNDEFINED DEFINER=`root`@`localhost` SQL SECURITY DEFINER VIEW `v_penandatangan` AS select `penandatangan`.`idpenandatangan` AS `idpenandatangan`,`penandatangan`.`nip` AS `nip`,`penandatangan`.`namapenandatangan` AS `namapenandatangan`,`penandatangan`.`idstruktur` AS `idstruktur`,`penandatangan`.`jabatan` AS `jabatan`,`penandatangan`.`golongan` AS `golongan`,`penandatangan`.`kdttd` AS `kdttd`,`penandatangan`.`kdruangan` AS `kdruangan`,`penandatangan`.`statusaktif` AS `statusaktif`,(case when (`penandatangan`.`statusaktif` = '1') then 'Aktif' else 'Tidak Aktif' end) AS `statusaktif2`,`ruangan`.`namaruangan` AS `namaruangan` from (`penandatangan` join `ruangan` on((`ruangan`.`kdruangan` = `penandatangan`.`kdruangan`))) */;

/*View structure for view v_penerimaanbarang */

/*!50001 DROP TABLE IF EXISTS `v_penerimaanbarang` */;
/*!50001 DROP VIEW IF EXISTS `v_penerimaanbarang` */;

/*!50001 CREATE ALGORITHM=UNDEFINED DEFINER=`root`@`localhost` SQL SECURITY DEFINER VIEW `v_penerimaanbarang` AS select `penerimaanbarang`.`noterima` AS `noterima`,`penerimaanbarang`.`tglterima` AS `tglterima`,`penerimaanbarang`.`uraian` AS `uraian`,`penerimaanbarang`.`tahunanggaran` AS `tahunanggaran`,`penerimaanbarang`.`kdruangan` AS `kdruangan`,`penerimaanbarang`.`tglinsert` AS `tglinsert`,`penerimaanbarang`.`tglupdate` AS `tglupdate`,`penerimaanbarang`.`idpengguna` AS `idpengguna`,`penerimaanbarang`.`totalbeli` AS `totalbeli`,`penerimaanbarang`.`jenispenerimaan` AS `jenispenerimaan` from `penerimaanbarang` where (`penerimaanbarang`.`jenispenerimaan` = 'Penerimaan') */;

/*View structure for view v_penerimaanbarangdetail */

/*!50001 DROP TABLE IF EXISTS `v_penerimaanbarangdetail` */;
/*!50001 DROP VIEW IF EXISTS `v_penerimaanbarangdetail` */;

/*!50001 CREATE ALGORITHM=UNDEFINED DEFINER=`root`@`localhost` SQL SECURITY DEFINER VIEW `v_penerimaanbarangdetail` AS select `penerimaanbarangdetail`.`noterima` AS `noterima`,`penerimaanbarangdetail`.`keybarang` AS `keybarang`,`penerimaanbarangdetail`.`qtyterima` AS `qtyterima`,`penerimaanbarangdetail`.`hargabelisatuan` AS `hargabelisatuan`,`penerimaanbarangdetail`.`stokbarang` AS `stokbarang`,`penerimaanbarang`.`kdruangan` AS `kdruangan`,`penerimaanbarang`.`tahunanggaran` AS `tahunanggaran`,`penerimaanbarang`.`tglterima` AS `tglterima`,`penerimaanbarang`.`uraian` AS `uraian`,`barang`.`kdbarang` AS `kdbarang`,`barang`.`kdkelompok` AS `kdkelompok`,`barang`.`keyakun5` AS `keyakun5`,`barang`.`merk` AS `merk`,`barang`.`namabarang` AS `namabarang`,`barang`.`satuan` AS `satuan`,`barang`.`type` AS `type`,`ruangan`.`namaruangan` AS `namaruangan`,`ruangan`.`kdupt` AS `kdupt` from (((`penerimaanbarangdetail` join `penerimaanbarang` on((`penerimaanbarang`.`noterima` = `penerimaanbarangdetail`.`noterima`))) join `barang` on((`barang`.`keybarang` = `penerimaanbarangdetail`.`keybarang`))) join `ruangan` on((`ruangan`.`kdruangan` = `penerimaanbarang`.`kdruangan`))) where (`penerimaanbarang`.`jenispenerimaan` = 'Penerimaan') */;

/*View structure for view v_penerimaanbarangdetail_all */

/*!50001 DROP TABLE IF EXISTS `v_penerimaanbarangdetail_all` */;
/*!50001 DROP VIEW IF EXISTS `v_penerimaanbarangdetail_all` */;

/*!50001 CREATE ALGORITHM=UNDEFINED DEFINER=`root`@`localhost` SQL SECURITY DEFINER VIEW `v_penerimaanbarangdetail_all` AS select `penerimaanbarangdetail`.`noterima` AS `noterima`,`penerimaanbarangdetail`.`keybarang` AS `keybarang`,`penerimaanbarangdetail`.`qtyterima` AS `qtyterima`,`penerimaanbarangdetail`.`hargabelisatuan` AS `hargabelisatuan`,`penerimaanbarangdetail`.`stokbarang` AS `stokbarang`,`penerimaanbarang`.`kdruangan` AS `kdruangan`,`penerimaanbarang`.`tahunanggaran` AS `tahunanggaran`,`penerimaanbarang`.`tglterima` AS `tglterima`,`penerimaanbarang`.`uraian` AS `uraian`,`barang`.`kdbarang` AS `kdbarang`,`barang`.`kdkelompok` AS `kdkelompok`,`barang`.`keyakun5` AS `keyakun5`,`barang`.`merk` AS `merk`,`barang`.`namabarang` AS `namabarang`,`barang`.`satuan` AS `satuan`,`barang`.`type` AS `type`,`ruangan`.`namaruangan` AS `namaruangan`,`ruangan`.`kdupt` AS `kdupt` from (((`penerimaanbarangdetail` join `penerimaanbarang` on((`penerimaanbarang`.`noterima` = `penerimaanbarangdetail`.`noterima`))) join `barang` on((`barang`.`keybarang` = `penerimaanbarangdetail`.`keybarang`))) join `ruangan` on((`ruangan`.`kdruangan` = `penerimaanbarang`.`kdruangan`))) */;

/*View structure for view v_pengeluaranbarang */

/*!50001 DROP TABLE IF EXISTS `v_pengeluaranbarang` */;
/*!50001 DROP VIEW IF EXISTS `v_pengeluaranbarang` */;

/*!50001 CREATE ALGORITHM=UNDEFINED DEFINER=`root`@`localhost` SQL SECURITY DEFINER VIEW `v_pengeluaranbarang` AS select `pengeluaranbarang`.`nokeluar` AS `nokeluar`,`pengeluaranbarang`.`tglkeluar` AS `tglkeluar`,`pengeluaranbarang`.`uraian` AS `uraian`,`pengeluaranbarang`.`tahunanggaran` AS `tahunanggaran`,`pengeluaranbarang`.`kdruangan` AS `kdruangan`,`pengeluaranbarang`.`tglinsert` AS `tglinsert`,`pengeluaranbarang`.`tglupdate` AS `tglupdate`,`pengeluaranbarang`.`idpengguna` AS `idpengguna` from `pengeluaranbarang` */;

/*View structure for view v_pengeluaranbarangdetail */

/*!50001 DROP TABLE IF EXISTS `v_pengeluaranbarangdetail` */;
/*!50001 DROP VIEW IF EXISTS `v_pengeluaranbarangdetail` */;

/*!50001 CREATE ALGORITHM=UNDEFINED DEFINER=`root`@`localhost` SQL SECURITY DEFINER VIEW `v_pengeluaranbarangdetail` AS select `pengeluaranbarangdetail`.`nokeluar` AS `nokeluar`,`pengeluaranbarangdetail`.`keybarang` AS `keybarang`,`pengeluaranbarangdetail`.`qtykeluar` AS `qtykeluar`,`pengeluaranbarang`.`tglkeluar` AS `tglkeluar`,`pengeluaranbarang`.`uraian` AS `uraian`,`pengeluaranbarang`.`tahunanggaran` AS `tahunanggaran`,`pengeluaranbarang`.`kdruangan` AS `kdruangan`,`pengeluaranbarang`.`idpengguna` AS `idpengguna`,`barang`.`namabarang` AS `namabarang`,`barang`.`kdbarang` AS `kdbarang`,`barang`.`keyakun5` AS `keyakun5`,`barang`.`merk` AS `merk`,`barang`.`type` AS `type`,`barang`.`satuan` AS `satuan`,`barang`.`kdkelompok` AS `kdkelompok`,`ruangan`.`namaruangan` AS `namaruangan`,`ruangan`.`kdupt` AS `kdupt` from (((`pengeluaranbarangdetail` join `pengeluaranbarang` on((`pengeluaranbarangdetail`.`nokeluar` = `pengeluaranbarang`.`nokeluar`))) join `barang` on((`pengeluaranbarangdetail`.`keybarang` = `barang`.`keybarang`))) join `ruangan` on((`ruangan`.`kdruangan` = `pengeluaranbarang`.`kdruangan`))) */;

/*View structure for view v_pengeluaranbarangdetail_with_hargabelisatuan */

/*!50001 DROP TABLE IF EXISTS `v_pengeluaranbarangdetail_with_hargabelisatuan` */;
/*!50001 DROP VIEW IF EXISTS `v_pengeluaranbarangdetail_with_hargabelisatuan` */;

/*!50001 CREATE ALGORITHM=UNDEFINED DEFINER=`root`@`localhost` SQL SECURITY DEFINER VIEW `v_pengeluaranbarangdetail_with_hargabelisatuan` AS select `v_pengeluaranbarangdetail`.`nokeluar` AS `nokeluar`,`v_pengeluaranbarangdetail`.`keybarang` AS `keybarang`,`pengeluaranbarangdetail_noterima`.`qtykeluar` AS `qtykeluar`,`v_pengeluaranbarangdetail`.`tglkeluar` AS `tglkeluar`,`v_pengeluaranbarangdetail`.`uraian` AS `uraian`,`v_pengeluaranbarangdetail`.`tahunanggaran` AS `tahunanggaran`,`v_pengeluaranbarangdetail`.`kdruangan` AS `kdruangan`,`v_pengeluaranbarangdetail`.`idpengguna` AS `idpengguna`,`v_pengeluaranbarangdetail`.`namabarang` AS `namabarang`,`v_pengeluaranbarangdetail`.`kdbarang` AS `kdbarang`,`v_pengeluaranbarangdetail`.`keyakun5` AS `keyakun5`,`v_pengeluaranbarangdetail`.`merk` AS `merk`,`v_pengeluaranbarangdetail`.`type` AS `type`,`v_pengeluaranbarangdetail`.`satuan` AS `satuan`,`v_pengeluaranbarangdetail`.`kdkelompok` AS `kdkelompok`,`v_pengeluaranbarangdetail`.`namaruangan` AS `namaruangan`,`v_pengeluaranbarangdetail`.`kdupt` AS `kdupt`,`penerimaanbarangdetail`.`noterima` AS `noterima`,`penerimaanbarangdetail`.`hargabelisatuan` AS `hargabelisatuan` from ((`v_pengeluaranbarangdetail` join `pengeluaranbarangdetail_noterima` on(((`v_pengeluaranbarangdetail`.`nokeluar` = `pengeluaranbarangdetail_noterima`.`nokeluar`) and (`v_pengeluaranbarangdetail`.`keybarang` = `pengeluaranbarangdetail_noterima`.`keybarang`)))) join `penerimaanbarangdetail` on(((`pengeluaranbarangdetail_noterima`.`noterima` = `penerimaanbarangdetail`.`noterima`) and (`pengeluaranbarangdetail_noterima`.`keybarang` = `penerimaanbarangdetail`.`keybarang`) and (`pengeluaranbarangdetail_noterima`.`hargabelisatuan` = `penerimaanbarangdetail`.`hargabelisatuan`)))) */;

/*View structure for view v_pengguna */

/*!50001 DROP TABLE IF EXISTS `v_pengguna` */;
/*!50001 DROP VIEW IF EXISTS `v_pengguna` */;

/*!50001 CREATE ALGORITHM=UNDEFINED DEFINER=`root`@`localhost` SQL SECURITY DEFINER VIEW `v_pengguna` AS select `pengguna`.`idpengguna` AS `idpengguna`,`pengguna`.`namapengguna` AS `namapengguna`,`pengguna`.`kdruangan` AS `kdruangan`,`pengguna`.`nip` AS `nip`,`pengguna`.`jk` AS `jk`,`pengguna`.`tgllahir` AS `tgllahir`,`pengguna`.`tempatlahir` AS `tempatlahir`,`pengguna`.`notelp` AS `notelppengguna`,`pengguna`.`username` AS `username`,`pengguna`.`password` AS `password`,`pengguna`.`statusaktif` AS `statusaktif`,`pengguna`.`foto` AS `foto`,`pengguna`.`akseslevel` AS `akseslevel`,`pengguna`.`kdupt` AS `kdupt`,`upt`.`namaupt` AS `namaupt`,(case `pengguna`.`akseslevel` when '1' then 'User Sekolah' when '2' then 'User UPT' when '3' then 'User Dinas Pendidikan' when '9' then 'Admin System' else 'Pengguna ruangan' end) AS `akseslevel2`,(case when (`pengguna`.`statusaktif` = '1') then 'Aktif' else 'Tidak Aktif' end) AS `statusaktif2`,(case when (`pengguna`.`jk` = 'L') then 'Laki-laki' else 'Perempuan' end) AS `jk2`,`ruangan`.`namaruangan` AS `namaruangan`,`ruangan`.`alamat` AS `alamat`,`ruangan`.`notelp` AS `notelp` from ((`pengguna` left join `ruangan` on((`ruangan`.`kdruangan` = `pengguna`.`kdruangan`))) left join `upt` on((`upt`.`kdupt` = `pengguna`.`kdupt`))) */;

/*View structure for view v_program */

/*!50001 DROP TABLE IF EXISTS `v_program` */;
/*!50001 DROP VIEW IF EXISTS `v_program` */;

/*!50001 CREATE ALGORITHM=UNDEFINED DEFINER=`root`@`localhost` SQL SECURITY DEFINER VIEW `v_program` AS select `program`.`keyprogram` AS `keyprogram`,`program`.`kdprogram` AS `kdprogram`,`program`.`namaprogram` AS `namaprogram`,`program`.`tahunanggaran` AS `tahunanggaran` from `program` */;

/*View structure for view v_ruangan */

/*!50001 DROP TABLE IF EXISTS `v_ruangan` */;
/*!50001 DROP VIEW IF EXISTS `v_ruangan` */;

/*!50001 CREATE ALGORITHM=UNDEFINED DEFINER=`root`@`localhost` SQL SECURITY DEFINER VIEW `v_ruangan` AS select `ruangan`.`kdruangan` AS `kdruangan`,`ruangan`.`namaruangan` AS `namaruangan`,`ruangan`.`alamat` AS `alamat`,`ruangan`.`notelp` AS `notelp`,`ruangan`.`kdupt` AS `kdupt`,`ruangan`.`statusaktif` AS `statusaktif`,(case when (`ruangan`.`statusaktif` = '1') then 'Aktif' else 'Tidak Aktif' end) AS `statusaktif2`,`upt`.`namaupt` AS `namaupt` from (`ruangan` join `upt` on((`upt`.`kdupt` = `ruangan`.`kdupt`))) */;

/*View structure for view v_saldoawal */

/*!50001 DROP TABLE IF EXISTS `v_saldoawal` */;
/*!50001 DROP VIEW IF EXISTS `v_saldoawal` */;

/*!50001 CREATE ALGORITHM=UNDEFINED DEFINER=`root`@`localhost` SQL SECURITY DEFINER VIEW `v_saldoawal` AS select `penerimaanbarang`.`noterima` AS `noterima`,`penerimaanbarang`.`tglterima` AS `tglterima`,`penerimaanbarang`.`uraian` AS `uraian`,`penerimaanbarang`.`tahunanggaran` AS `tahunanggaran`,`penerimaanbarang`.`kdruangan` AS `kdruangan`,`penerimaanbarang`.`tglinsert` AS `tglinsert`,`penerimaanbarang`.`tglupdate` AS `tglupdate`,`penerimaanbarang`.`idpengguna` AS `idpengguna`,`penerimaanbarang`.`totalbeli` AS `totalbeli`,`penerimaanbarang`.`jenispenerimaan` AS `jenispenerimaan` from `penerimaanbarang` where (`penerimaanbarang`.`jenispenerimaan` = 'Saldo Awal') */;

/*View structure for view v_saldoawaldetail */

/*!50001 DROP TABLE IF EXISTS `v_saldoawaldetail` */;
/*!50001 DROP VIEW IF EXISTS `v_saldoawaldetail` */;

/*!50001 CREATE ALGORITHM=UNDEFINED DEFINER=`root`@`localhost` SQL SECURITY DEFINER VIEW `v_saldoawaldetail` AS select `penerimaanbarangdetail`.`noterima` AS `noterima`,`penerimaanbarangdetail`.`keybarang` AS `keybarang`,`penerimaanbarangdetail`.`qtyterima` AS `qtyterima`,`penerimaanbarangdetail`.`hargabelisatuan` AS `hargabelisatuan`,`penerimaanbarangdetail`.`stokbarang` AS `stokbarang`,`penerimaanbarang`.`kdruangan` AS `kdruangan`,`penerimaanbarang`.`tahunanggaran` AS `tahunanggaran`,`penerimaanbarang`.`tglterima` AS `tglterima`,`penerimaanbarang`.`uraian` AS `uraian`,`barang`.`kdbarang` AS `kdbarang`,`barang`.`kdkelompok` AS `kdkelompok`,`barang`.`keyakun5` AS `keyakun5`,`barang`.`merk` AS `merk`,`barang`.`namabarang` AS `namabarang`,`barang`.`satuan` AS `satuan`,`barang`.`type` AS `type`,`ruangan`.`namaruangan` AS `namaruangan`,`ruangan`.`kdupt` AS `kdupt` from (((`penerimaanbarangdetail` join `penerimaanbarang` on((`penerimaanbarang`.`noterima` = `penerimaanbarangdetail`.`noterima`))) join `barang` on((`barang`.`keybarang` = `penerimaanbarangdetail`.`keybarang`))) join `ruangan` on((`ruangan`.`kdruangan` = `penerimaanbarang`.`kdruangan`))) where (`penerimaanbarang`.`jenispenerimaan` = 'Saldo Awal') */;

/*View structure for view v_stok_keseluruhan_2020 */

/*!50001 DROP TABLE IF EXISTS `v_stok_keseluruhan_2020` */;
/*!50001 DROP VIEW IF EXISTS `v_stok_keseluruhan_2020` */;

/*!50001 CREATE ALGORITHM=UNDEFINED DEFINER=`root`@`localhost` SQL SECURITY DEFINER VIEW `v_stok_keseluruhan_2020` AS select `upt`.`kdupt` AS `kdupt`,`upt`.`namaupt` AS `namaupt`,`ruangan`.`kdruangan` AS `kdruangan`,`ruangan`.`namaruangan` AS `namaruangan`,`penerimaanbarang`.`tahunanggaran` AS `tahunanggaran`,`penerimaanbarangdetail`.`keybarang` AS `keybarang`,`barang`.`namabarang` AS `namabarang`,`barang`.`kdbarang` AS `kdbarang`,`barang`.`kdkelompok` AS `kdkelompok`,`barang`.`satuan` AS `satuan`,`kelompokbarang`.`namakelompok` AS `namakelompok`,sum(`penerimaanbarangdetail`.`stokbarang`) AS `stokbarang` from (((((`penerimaanbarangdetail` join `penerimaanbarang` on((`penerimaanbarangdetail`.`noterima` = `penerimaanbarang`.`noterima`))) join `barang` on((`penerimaanbarangdetail`.`keybarang` = `barang`.`keybarang`))) join `kelompokbarang` on((`barang`.`kdkelompok` = `kelompokbarang`.`kdkelompok`))) join `ruangan` on((`penerimaanbarang`.`kdruangan` = `ruangan`.`kdruangan`))) join `upt` on((`ruangan`.`kdupt` = `upt`.`kdupt`))) where (`penerimaanbarang`.`tahunanggaran` = '2020') group by `upt`.`kdupt`,`upt`.`namaupt`,`ruangan`.`kdruangan`,`ruangan`.`namaruangan`,`penerimaanbarang`.`tahunanggaran`,`penerimaanbarangdetail`.`keybarang`,`barang`.`namabarang`,`barang`.`kdbarang`,`barang`.`kdkelompok`,`kelompokbarang`.`namakelompok` */;

/*View structure for view v_stok_keseluruhan_2021 */

/*!50001 DROP TABLE IF EXISTS `v_stok_keseluruhan_2021` */;
/*!50001 DROP VIEW IF EXISTS `v_stok_keseluruhan_2021` */;

/*!50001 CREATE ALGORITHM=UNDEFINED DEFINER=`root`@`localhost` SQL SECURITY DEFINER VIEW `v_stok_keseluruhan_2021` AS select `upt`.`kdupt` AS `kdupt`,`upt`.`namaupt` AS `namaupt`,`ruangan`.`kdruangan` AS `kdruangan`,`ruangan`.`namaruangan` AS `namaruangan`,`penerimaanbarang`.`tahunanggaran` AS `tahunanggaran`,`penerimaanbarangdetail`.`keybarang` AS `keybarang`,`barang`.`namabarang` AS `namabarang`,`barang`.`kdbarang` AS `kdbarang`,`barang`.`kdkelompok` AS `kdkelompok`,`barang`.`satuan` AS `satuan`,`kelompokbarang`.`namakelompok` AS `namakelompok`,sum(`penerimaanbarangdetail`.`stokbarang`) AS `stokbarang` from (((((`penerimaanbarangdetail` join `penerimaanbarang` on((`penerimaanbarangdetail`.`noterima` = `penerimaanbarang`.`noterima`))) join `barang` on((`penerimaanbarangdetail`.`keybarang` = `barang`.`keybarang`))) join `kelompokbarang` on((`barang`.`kdkelompok` = `kelompokbarang`.`kdkelompok`))) join `ruangan` on((`penerimaanbarang`.`kdruangan` = `ruangan`.`kdruangan`))) join `upt` on((`ruangan`.`kdupt` = `upt`.`kdupt`))) where (`penerimaanbarang`.`tahunanggaran` = '2021') group by `upt`.`kdupt`,`upt`.`namaupt`,`ruangan`.`kdruangan`,`ruangan`.`namaruangan`,`penerimaanbarang`.`tahunanggaran`,`penerimaanbarangdetail`.`keybarang`,`barang`.`namabarang`,`barang`.`kdbarang`,`barang`.`kdkelompok`,`kelompokbarang`.`namakelompok` */;

/*View structure for view v_stok_keseluruhan_2022 */

/*!50001 DROP TABLE IF EXISTS `v_stok_keseluruhan_2022` */;
/*!50001 DROP VIEW IF EXISTS `v_stok_keseluruhan_2022` */;

/*!50001 CREATE ALGORITHM=UNDEFINED DEFINER=`root`@`localhost` SQL SECURITY DEFINER VIEW `v_stok_keseluruhan_2022` AS select `upt`.`kdupt` AS `kdupt`,`upt`.`namaupt` AS `namaupt`,`ruangan`.`kdruangan` AS `kdruangan`,`ruangan`.`namaruangan` AS `namaruangan`,`penerimaanbarang`.`tahunanggaran` AS `tahunanggaran`,`penerimaanbarangdetail`.`keybarang` AS `keybarang`,`barang`.`namabarang` AS `namabarang`,`barang`.`kdbarang` AS `kdbarang`,`barang`.`kdkelompok` AS `kdkelompok`,`barang`.`satuan` AS `satuan`,`kelompokbarang`.`namakelompok` AS `namakelompok`,sum(`penerimaanbarangdetail`.`stokbarang`) AS `stokbarang` from (((((`penerimaanbarangdetail` join `penerimaanbarang` on((`penerimaanbarangdetail`.`noterima` = `penerimaanbarang`.`noterima`))) join `barang` on((`penerimaanbarangdetail`.`keybarang` = `barang`.`keybarang`))) join `kelompokbarang` on((`barang`.`kdkelompok` = `kelompokbarang`.`kdkelompok`))) join `ruangan` on((`penerimaanbarang`.`kdruangan` = `ruangan`.`kdruangan`))) join `upt` on((`ruangan`.`kdupt` = `upt`.`kdupt`))) where (`penerimaanbarang`.`tahunanggaran` = '2022') group by `upt`.`kdupt`,`upt`.`namaupt`,`ruangan`.`kdruangan`,`ruangan`.`namaruangan`,`penerimaanbarang`.`tahunanggaran`,`penerimaanbarangdetail`.`keybarang`,`barang`.`namabarang`,`barang`.`kdbarang`,`barang`.`kdkelompok`,`kelompokbarang`.`namakelompok` */;

/*View structure for view v_stok_keseluruhan_2023 */

/*!50001 DROP TABLE IF EXISTS `v_stok_keseluruhan_2023` */;
/*!50001 DROP VIEW IF EXISTS `v_stok_keseluruhan_2023` */;

/*!50001 CREATE ALGORITHM=UNDEFINED DEFINER=`root`@`localhost` SQL SECURITY DEFINER VIEW `v_stok_keseluruhan_2023` AS select `upt`.`kdupt` AS `kdupt`,`upt`.`namaupt` AS `namaupt`,`ruangan`.`kdruangan` AS `kdruangan`,`ruangan`.`namaruangan` AS `namaruangan`,`penerimaanbarang`.`tahunanggaran` AS `tahunanggaran`,`penerimaanbarangdetail`.`keybarang` AS `keybarang`,`barang`.`namabarang` AS `namabarang`,`barang`.`kdbarang` AS `kdbarang`,`barang`.`kdkelompok` AS `kdkelompok`,`barang`.`satuan` AS `satuan`,`kelompokbarang`.`namakelompok` AS `namakelompok`,sum(`penerimaanbarangdetail`.`stokbarang`) AS `stokbarang` from (((((`penerimaanbarangdetail` join `penerimaanbarang` on((`penerimaanbarangdetail`.`noterima` = `penerimaanbarang`.`noterima`))) join `barang` on((`penerimaanbarangdetail`.`keybarang` = `barang`.`keybarang`))) join `kelompokbarang` on((`barang`.`kdkelompok` = `kelompokbarang`.`kdkelompok`))) join `ruangan` on((`penerimaanbarang`.`kdruangan` = `ruangan`.`kdruangan`))) join `upt` on((`ruangan`.`kdupt` = `upt`.`kdupt`))) where (`penerimaanbarang`.`tahunanggaran` = '2023') group by `upt`.`kdupt`,`upt`.`namaupt`,`ruangan`.`kdruangan`,`ruangan`.`namaruangan`,`penerimaanbarang`.`tahunanggaran`,`penerimaanbarangdetail`.`keybarang`,`barang`.`namabarang`,`barang`.`kdbarang`,`barang`.`kdkelompok`,`kelompokbarang`.`namakelompok` */;

/*View structure for view v_stok_keseluruhan_2024 */

/*!50001 DROP TABLE IF EXISTS `v_stok_keseluruhan_2024` */;
/*!50001 DROP VIEW IF EXISTS `v_stok_keseluruhan_2024` */;

/*!50001 CREATE ALGORITHM=UNDEFINED DEFINER=`root`@`localhost` SQL SECURITY DEFINER VIEW `v_stok_keseluruhan_2024` AS select `upt`.`kdupt` AS `kdupt`,`upt`.`namaupt` AS `namaupt`,`ruangan`.`kdruangan` AS `kdruangan`,`ruangan`.`namaruangan` AS `namaruangan`,`penerimaanbarang`.`tahunanggaran` AS `tahunanggaran`,`penerimaanbarangdetail`.`keybarang` AS `keybarang`,`barang`.`namabarang` AS `namabarang`,`barang`.`kdbarang` AS `kdbarang`,`barang`.`kdkelompok` AS `kdkelompok`,`barang`.`satuan` AS `satuan`,`kelompokbarang`.`namakelompok` AS `namakelompok`,sum(`penerimaanbarangdetail`.`stokbarang`) AS `stokbarang` from (((((`penerimaanbarangdetail` join `penerimaanbarang` on((`penerimaanbarangdetail`.`noterima` = `penerimaanbarang`.`noterima`))) join `barang` on((`penerimaanbarangdetail`.`keybarang` = `barang`.`keybarang`))) join `kelompokbarang` on((`barang`.`kdkelompok` = `kelompokbarang`.`kdkelompok`))) join `ruangan` on((`penerimaanbarang`.`kdruangan` = `ruangan`.`kdruangan`))) join `upt` on((`ruangan`.`kdupt` = `upt`.`kdupt`))) where (`penerimaanbarang`.`tahunanggaran` = '2024') group by `upt`.`kdupt`,`upt`.`namaupt`,`ruangan`.`kdruangan`,`ruangan`.`namaruangan`,`penerimaanbarang`.`tahunanggaran`,`penerimaanbarangdetail`.`keybarang`,`barang`.`namabarang`,`barang`.`kdbarang`,`barang`.`kdkelompok`,`kelompokbarang`.`namakelompok` */;

/*View structure for view v_stok_keseluruhan_2025 */

/*!50001 DROP TABLE IF EXISTS `v_stok_keseluruhan_2025` */;
/*!50001 DROP VIEW IF EXISTS `v_stok_keseluruhan_2025` */;

/*!50001 CREATE ALGORITHM=UNDEFINED DEFINER=`root`@`localhost` SQL SECURITY DEFINER VIEW `v_stok_keseluruhan_2025` AS select `upt`.`kdupt` AS `kdupt`,`upt`.`namaupt` AS `namaupt`,`ruangan`.`kdruangan` AS `kdruangan`,`ruangan`.`namaruangan` AS `namaruangan`,`penerimaanbarang`.`tahunanggaran` AS `tahunanggaran`,`penerimaanbarangdetail`.`keybarang` AS `keybarang`,`barang`.`namabarang` AS `namabarang`,`barang`.`kdbarang` AS `kdbarang`,`barang`.`kdkelompok` AS `kdkelompok`,`barang`.`satuan` AS `satuan`,`kelompokbarang`.`namakelompok` AS `namakelompok`,sum(`penerimaanbarangdetail`.`stokbarang`) AS `stokbarang` from (((((`penerimaanbarangdetail` join `penerimaanbarang` on((`penerimaanbarangdetail`.`noterima` = `penerimaanbarang`.`noterima`))) join `barang` on((`penerimaanbarangdetail`.`keybarang` = `barang`.`keybarang`))) join `kelompokbarang` on((`barang`.`kdkelompok` = `kelompokbarang`.`kdkelompok`))) join `ruangan` on((`penerimaanbarang`.`kdruangan` = `ruangan`.`kdruangan`))) join `upt` on((`ruangan`.`kdupt` = `upt`.`kdupt`))) where (`penerimaanbarang`.`tahunanggaran` = '2025') group by `upt`.`kdupt`,`upt`.`namaupt`,`ruangan`.`kdruangan`,`ruangan`.`namaruangan`,`penerimaanbarang`.`tahunanggaran`,`penerimaanbarangdetail`.`keybarang`,`barang`.`namabarang`,`barang`.`kdbarang`,`barang`.`kdkelompok`,`kelompokbarang`.`namakelompok` */;

/*View structure for view v_stok_keseluruhan_2026 */

/*!50001 DROP TABLE IF EXISTS `v_stok_keseluruhan_2026` */;
/*!50001 DROP VIEW IF EXISTS `v_stok_keseluruhan_2026` */;

/*!50001 CREATE ALGORITHM=UNDEFINED DEFINER=`root`@`localhost` SQL SECURITY DEFINER VIEW `v_stok_keseluruhan_2026` AS select `upt`.`kdupt` AS `kdupt`,`upt`.`namaupt` AS `namaupt`,`ruangan`.`kdruangan` AS `kdruangan`,`ruangan`.`namaruangan` AS `namaruangan`,`penerimaanbarang`.`tahunanggaran` AS `tahunanggaran`,`penerimaanbarangdetail`.`keybarang` AS `keybarang`,`barang`.`namabarang` AS `namabarang`,`barang`.`kdbarang` AS `kdbarang`,`barang`.`kdkelompok` AS `kdkelompok`,`barang`.`satuan` AS `satuan`,`kelompokbarang`.`namakelompok` AS `namakelompok`,sum(`penerimaanbarangdetail`.`stokbarang`) AS `stokbarang` from (((((`penerimaanbarangdetail` join `penerimaanbarang` on((`penerimaanbarangdetail`.`noterima` = `penerimaanbarang`.`noterima`))) join `barang` on((`penerimaanbarangdetail`.`keybarang` = `barang`.`keybarang`))) join `kelompokbarang` on((`barang`.`kdkelompok` = `kelompokbarang`.`kdkelompok`))) join `ruangan` on((`penerimaanbarang`.`kdruangan` = `ruangan`.`kdruangan`))) join `upt` on((`ruangan`.`kdupt` = `upt`.`kdupt`))) where (`penerimaanbarang`.`tahunanggaran` = '2026') group by `upt`.`kdupt`,`upt`.`namaupt`,`ruangan`.`kdruangan`,`ruangan`.`namaruangan`,`penerimaanbarang`.`tahunanggaran`,`penerimaanbarangdetail`.`keybarang`,`barang`.`namabarang`,`barang`.`kdbarang`,`barang`.`kdkelompok`,`kelompokbarang`.`namakelompok` */;

/*View structure for view v_stok_keseluruhan_2027 */

/*!50001 DROP TABLE IF EXISTS `v_stok_keseluruhan_2027` */;
/*!50001 DROP VIEW IF EXISTS `v_stok_keseluruhan_2027` */;

/*!50001 CREATE ALGORITHM=UNDEFINED DEFINER=`root`@`localhost` SQL SECURITY DEFINER VIEW `v_stok_keseluruhan_2027` AS select `upt`.`kdupt` AS `kdupt`,`upt`.`namaupt` AS `namaupt`,`ruangan`.`kdruangan` AS `kdruangan`,`ruangan`.`namaruangan` AS `namaruangan`,`penerimaanbarang`.`tahunanggaran` AS `tahunanggaran`,`penerimaanbarangdetail`.`keybarang` AS `keybarang`,`barang`.`namabarang` AS `namabarang`,`barang`.`kdbarang` AS `kdbarang`,`barang`.`kdkelompok` AS `kdkelompok`,`barang`.`satuan` AS `satuan`,`kelompokbarang`.`namakelompok` AS `namakelompok`,sum(`penerimaanbarangdetail`.`stokbarang`) AS `stokbarang` from (((((`penerimaanbarangdetail` join `penerimaanbarang` on((`penerimaanbarangdetail`.`noterima` = `penerimaanbarang`.`noterima`))) join `barang` on((`penerimaanbarangdetail`.`keybarang` = `barang`.`keybarang`))) join `kelompokbarang` on((`barang`.`kdkelompok` = `kelompokbarang`.`kdkelompok`))) join `ruangan` on((`penerimaanbarang`.`kdruangan` = `ruangan`.`kdruangan`))) join `upt` on((`ruangan`.`kdupt` = `upt`.`kdupt`))) where (`penerimaanbarang`.`tahunanggaran` = '2027') group by `upt`.`kdupt`,`upt`.`namaupt`,`ruangan`.`kdruangan`,`ruangan`.`namaruangan`,`penerimaanbarang`.`tahunanggaran`,`penerimaanbarangdetail`.`keybarang`,`barang`.`namabarang`,`barang`.`kdbarang`,`barang`.`kdkelompok`,`kelompokbarang`.`namakelompok` */;

/*View structure for view v_stok_keseluruhan_2028 */

/*!50001 DROP TABLE IF EXISTS `v_stok_keseluruhan_2028` */;
/*!50001 DROP VIEW IF EXISTS `v_stok_keseluruhan_2028` */;

/*!50001 CREATE ALGORITHM=UNDEFINED DEFINER=`root`@`localhost` SQL SECURITY DEFINER VIEW `v_stok_keseluruhan_2028` AS select `upt`.`kdupt` AS `kdupt`,`upt`.`namaupt` AS `namaupt`,`ruangan`.`kdruangan` AS `kdruangan`,`ruangan`.`namaruangan` AS `namaruangan`,`penerimaanbarang`.`tahunanggaran` AS `tahunanggaran`,`penerimaanbarangdetail`.`keybarang` AS `keybarang`,`barang`.`namabarang` AS `namabarang`,`barang`.`kdbarang` AS `kdbarang`,`barang`.`kdkelompok` AS `kdkelompok`,`barang`.`satuan` AS `satuan`,`kelompokbarang`.`namakelompok` AS `namakelompok`,sum(`penerimaanbarangdetail`.`stokbarang`) AS `stokbarang` from (((((`penerimaanbarangdetail` join `penerimaanbarang` on((`penerimaanbarangdetail`.`noterima` = `penerimaanbarang`.`noterima`))) join `barang` on((`penerimaanbarangdetail`.`keybarang` = `barang`.`keybarang`))) join `kelompokbarang` on((`barang`.`kdkelompok` = `kelompokbarang`.`kdkelompok`))) join `ruangan` on((`penerimaanbarang`.`kdruangan` = `ruangan`.`kdruangan`))) join `upt` on((`ruangan`.`kdupt` = `upt`.`kdupt`))) where (`penerimaanbarang`.`tahunanggaran` = '2028') group by `upt`.`kdupt`,`upt`.`namaupt`,`ruangan`.`kdruangan`,`ruangan`.`namaruangan`,`penerimaanbarang`.`tahunanggaran`,`penerimaanbarangdetail`.`keybarang`,`barang`.`namabarang`,`barang`.`kdbarang`,`barang`.`kdkelompok`,`kelompokbarang`.`namakelompok` */;

/*View structure for view v_stok_keseluruhan_2029 */

/*!50001 DROP TABLE IF EXISTS `v_stok_keseluruhan_2029` */;
/*!50001 DROP VIEW IF EXISTS `v_stok_keseluruhan_2029` */;

/*!50001 CREATE ALGORITHM=UNDEFINED DEFINER=`root`@`localhost` SQL SECURITY DEFINER VIEW `v_stok_keseluruhan_2029` AS select `upt`.`kdupt` AS `kdupt`,`upt`.`namaupt` AS `namaupt`,`ruangan`.`kdruangan` AS `kdruangan`,`ruangan`.`namaruangan` AS `namaruangan`,`penerimaanbarang`.`tahunanggaran` AS `tahunanggaran`,`penerimaanbarangdetail`.`keybarang` AS `keybarang`,`barang`.`namabarang` AS `namabarang`,`barang`.`kdbarang` AS `kdbarang`,`barang`.`kdkelompok` AS `kdkelompok`,`barang`.`satuan` AS `satuan`,`kelompokbarang`.`namakelompok` AS `namakelompok`,sum(`penerimaanbarangdetail`.`stokbarang`) AS `stokbarang` from (((((`penerimaanbarangdetail` join `penerimaanbarang` on((`penerimaanbarangdetail`.`noterima` = `penerimaanbarang`.`noterima`))) join `barang` on((`penerimaanbarangdetail`.`keybarang` = `barang`.`keybarang`))) join `kelompokbarang` on((`barang`.`kdkelompok` = `kelompokbarang`.`kdkelompok`))) join `ruangan` on((`penerimaanbarang`.`kdruangan` = `ruangan`.`kdruangan`))) join `upt` on((`ruangan`.`kdupt` = `upt`.`kdupt`))) where (`penerimaanbarang`.`tahunanggaran` = '2029') group by `upt`.`kdupt`,`upt`.`namaupt`,`ruangan`.`kdruangan`,`ruangan`.`namaruangan`,`penerimaanbarang`.`tahunanggaran`,`penerimaanbarangdetail`.`keybarang`,`barang`.`namabarang`,`barang`.`kdbarang`,`barang`.`kdkelompok`,`kelompokbarang`.`namakelompok` */;

/*View structure for view v_stok_keseluruhan_2030 */

/*!50001 DROP TABLE IF EXISTS `v_stok_keseluruhan_2030` */;
/*!50001 DROP VIEW IF EXISTS `v_stok_keseluruhan_2030` */;

/*!50001 CREATE ALGORITHM=UNDEFINED DEFINER=`root`@`localhost` SQL SECURITY DEFINER VIEW `v_stok_keseluruhan_2030` AS select `upt`.`kdupt` AS `kdupt`,`upt`.`namaupt` AS `namaupt`,`ruangan`.`kdruangan` AS `kdruangan`,`ruangan`.`namaruangan` AS `namaruangan`,`penerimaanbarang`.`tahunanggaran` AS `tahunanggaran`,`penerimaanbarangdetail`.`keybarang` AS `keybarang`,`barang`.`namabarang` AS `namabarang`,`barang`.`kdbarang` AS `kdbarang`,`barang`.`kdkelompok` AS `kdkelompok`,`barang`.`satuan` AS `satuan`,`kelompokbarang`.`namakelompok` AS `namakelompok`,sum(`penerimaanbarangdetail`.`stokbarang`) AS `stokbarang` from (((((`penerimaanbarangdetail` join `penerimaanbarang` on((`penerimaanbarangdetail`.`noterima` = `penerimaanbarang`.`noterima`))) join `barang` on((`penerimaanbarangdetail`.`keybarang` = `barang`.`keybarang`))) join `kelompokbarang` on((`barang`.`kdkelompok` = `kelompokbarang`.`kdkelompok`))) join `ruangan` on((`penerimaanbarang`.`kdruangan` = `ruangan`.`kdruangan`))) join `upt` on((`ruangan`.`kdupt` = `upt`.`kdupt`))) where (`penerimaanbarang`.`tahunanggaran` = '2030') group by `upt`.`kdupt`,`upt`.`namaupt`,`ruangan`.`kdruangan`,`ruangan`.`namaruangan`,`penerimaanbarang`.`tahunanggaran`,`penerimaanbarangdetail`.`keybarang`,`barang`.`namabarang`,`barang`.`kdbarang`,`barang`.`kdkelompok`,`kelompokbarang`.`namakelompok` */;

/*View structure for view v_upt */

/*!50001 DROP TABLE IF EXISTS `v_upt` */;
/*!50001 DROP VIEW IF EXISTS `v_upt` */;

/*!50001 CREATE ALGORITHM=UNDEFINED DEFINER=`root`@`localhost` SQL SECURITY DEFINER VIEW `v_upt` AS select `upt`.`kdupt` AS `kdupt`,`upt`.`namaupt` AS `namaupt`,`upt`.`alamat` AS `alamat`,`upt`.`notelp` AS `notelp`,`upt`.`kdskpd` AS `kdskpd`,`skpd`.`namaskpd` AS `namaskpd` from (`upt` join `skpd` on((`upt`.`kdskpd` = `skpd`.`kdskpd`))) */;

/*!40101 SET SQL_MODE=@OLD_SQL_MODE */;
/*!40014 SET FOREIGN_KEY_CHECKS=@OLD_FOREIGN_KEY_CHECKS */;
/*!40014 SET UNIQUE_CHECKS=@OLD_UNIQUE_CHECKS */;
/*!40111 SET SQL_NOTES=@OLD_SQL_NOTES */;
